solid 
 facet normal -1.000000e+00  0.000000e+00 -2.960595e-16
   outer loop
     vertex -5.000000e+00  3.000000e+00 -1.000000e+01
     vertex -5.000000e+00  8.000000e+00 -1.000000e+01
     vertex -5.000000e+00  8.000000e+00 -1.300000e+01
   endloop
 endfacet
 facet normal -1.000000e+00 -7.577897e-18 -3.086893e-16
   outer loop
     vertex -5.000000e+00  2.852797e+00 -9.996386e+00
     vertex -5.000000e+00  3.000000e+00 -1.000000e+01
     vertex -5.000000e+00  8.000000e+00 -1.300000e+01
   endloop
 endfacet
 facet normal -1.000000e+00 -2.496862e-17 -3.384913e-16
   outer loop
     vertex -5.000000e+00  2.705949e+00 -9.985554e+00
     vertex -5.000000e+00  2.852797e+00 -9.996386e+00
     vertex -5.000000e+00  8.000000e+00 -1.300000e+01
   endloop
 endfacet
 facet normal -1.000000e+00 -4.638872e-17 -3.761098e-16
   outer loop
     vertex -5.000000e+00  2.559809e+00 -9.967530e+00
     vertex -5.000000e+00  2.705949e+00 -9.985554e+00
     vertex -5.000000e+00  8.000000e+00 -1.300000e+01
   endloop
 endfacet
 facet normal -1.000000e+00 -7.379124e-17 -4.252694e-16
   outer loop
     vertex -5.000000e+00  2.414729e+00 -9.942356e+00
     vertex -5.000000e+00  2.559809e+00 -9.967530e+00
     vertex -5.000000e+00  8.000000e+00 -1.300000e+01
   endloop
 endfacet
 facet normal -1.000000e+00 -1.090152e-16 -2.676172e-18
   outer loop
     vertex -5.000000e+00 -8.000000e+00 -1.300000e+01
     vertex -5.000000e+00  0.000000e+00 -7.000000e+00
     vertex -5.000000e+00  3.613631e-03 -7.147203e+00
   endloop
 endfacet
 facet normal -1.000000e+00 -1.052925e-16 -7.766843e-18
   outer loop
     vertex -5.000000e+00 -8.000000e+00 -1.300000e+01
     vertex -5.000000e+00  3.613631e-03 -7.147203e+00
     vertex -5.000000e+00  1.444582e-02 -7.294051e+00
   endloop
 endfacet
 facet normal -1.000000e+00 -1.018763e-16 -1.256524e-17
   outer loop
     vertex -5.000000e+00 -8.000000e+00 -1.300000e+01
     vertex -5.000000e+00  1.444582e-02 -7.294051e+00
     vertex -5.000000e+00  3.247047e-02 -7.440191e+00
   endloop
 endfacet
 facet normal -1.000000e+00 -9.871733e-17 -1.712908e-17
   outer loop
     vertex -5.000000e+00 -8.000000e+00 -1.300000e+01
     vertex -5.000000e+00  3.247047e-02 -7.440191e+00
     vertex -5.000000e+00  5.764416e-02 -7.585271e+00
   endloop
 endfacet
 facet normal -1.000000e+00 -9.577532e-17 -2.150707e-17
   outer loop
     vertex -5.000000e+00 -8.000000e+00 -1.300000e+01
     vertex -5.000000e+00  5.764416e-02 -7.585271e+00
     vertex -5.000000e+00  8.990624e-02 -7.728941e+00
   endloop
 endfacet
 facet normal -1.000000e+00 -9.301656e-17 -2.574115e-17
   outer loop
     vertex -5.000000e+00 -8.000000e+00 -1.300000e+01
     vertex -5.000000e+00  8.990624e-02 -7.728941e+00
     vertex -5.000000e+00  1.291790e-01 -7.870854e+00
   endloop
 endfacet
 facet normal -1.000000e+00 -9.041254e-17 -2.986827e-17
   outer loop
     vertex -5.000000e+00 -8.000000e+00 -1.300000e+01
     vertex -5.000000e+00  1.291790e-01 -7.870854e+00
     vertex -5.000000e+00  1.753678e-01 -8.010670e+00
   endloop
 endfacet
 facet normal -1.000000e+00 -8.793876e-17 -3.392172e-17
   outer loop
     vertex -5.000000e+00 -8.000000e+00 -1.300000e+01
     vertex -5.000000e+00  1.753678e-01 -8.010670e+00
     vertex -5.000000e+00  2.283614e-01 -8.148050e+00
   endloop
 endfacet
 facet normal -1.000000e+00 -8.557388e-17 -3.793229e-17
   outer loop
     vertex -5.000000e+00 -8.000000e+00 -1.300000e+01
     vertex -5.000000e+00  2.283614e-01 -8.148050e+00
     vertex -5.000000e+00  2.880321e-01 -8.282665e+00
   endloop
 endfacet
 facet normal -1.000000e+00 -8.329896e-17 -4.192917e-17
   outer loop
     vertex -5.000000e+00 -8.000000e+00 -1.300000e+01
     vertex -5.000000e+00  2.880321e-01 -8.282665e+00
     vertex -5.000000e+00  3.542362e-01 -8.414190e+00
   endloop
 endfacet
 facet normal -1.000000e+00 -8.109689e-17 -4.594082e-17
   outer loop
     vertex -5.000000e+00 -8.000000e+00 -1.300000e+01
     vertex -5.000000e+00  3.542362e-01 -8.414190e+00
     vertex -5.000000e+00  4.268142e-01 -8.542308e+00
   endloop
 endfacet
 facet normal -1.000000e+00 -7.895189e-17 -4.999573e-17
   outer loop
     vertex -5.000000e+00 -8.000000e+00 -1.300000e+01
     vertex -5.000000e+00  4.268142e-01 -8.542308e+00
     vertex -5.000000e+00  5.055912e-01 -8.666711e+00
   endloop
 endfacet
 facet normal -1.000000e+00 -7.684908e-17 -5.412323e-17
   outer loop
     vertex -5.000000e+00 -8.000000e+00 -1.300000e+01
     vertex -5.000000e+00  5.055912e-01 -8.666711e+00
     vertex -5.000000e+00  5.903774e-01 -8.787098e+00
   endloop
 endfacet
 facet normal -1.000000e+00 -7.477408e-17 -5.835427e-17
   outer loop
     vertex -5.000000e+00 -8.000000e+00 -1.300000e+01
     vertex -5.000000e+00  5.903774e-01 -8.787098e+00
     vertex -5.000000e+00  6.809686e-01 -8.903180e+00
   endloop
 endfacet
 facet normal -1.000000e+00 -7.271265e-17 -6.272236e-17
   outer loop
     vertex -5.000000e+00 -8.000000e+00 -1.300000e+01
     vertex -5.000000e+00  6.809686e-01 -8.903180e+00
     vertex -5.000000e+00  7.771466e-01 -9.014677e+00
   endloop
 endfacet
 facet normal -1.000000e+00 -7.065021e-17 -6.726459e-17
   outer loop
     vertex -5.000000e+00 -8.000000e+00 -1.300000e+01
     vertex -5.000000e+00  7.771466e-01 -9.014677e+00
     vertex -5.000000e+00  8.786797e-01 -9.121320e+00
   endloop
 endfacet
 facet normal -1.000000e+00 -6.857152e-17 -7.202292e-17
   outer loop
     vertex -5.000000e+00 -8.000000e+00 -1.300000e+01
     vertex -5.000000e+00  8.786797e-01 -9.121320e+00
     vertex -5.000000e+00  9.853231e-01 -9.222853e+00
   endloop
 endfacet
 facet normal -1.000000e+00 -6.646010e-17 -7.704572e-17
   outer loop
     vertex -5.000000e+00 -8.000000e+00 -1.300000e+01
     vertex -5.000000e+00  9.853231e-01 -9.222853e+00
     vertex -5.000000e+00  1.096820e+00 -9.319031e+00
   endloop
 endfacet
 facet normal -1.000000e+00 -6.429764e-17 -8.238982e-17
   outer loop
     vertex -5.000000e+00 -8.000000e+00 -1.300000e+01
     vertex -5.000000e+00  1.096820e+00 -9.319031e+00
     vertex -5.000000e+00  1.212902e+00 -9.409623e+00
   endloop
 endfacet
 facet normal -1.000000e+00 -6.206331e-17 -8.812312e-17
   outer loop
     vertex -5.000000e+00 -8.000000e+00 -1.300000e+01
     vertex -5.000000e+00  1.212902e+00 -9.409623e+00
     vertex -5.000000e+00  1.333289e+00 -9.494409e+00
   endloop
 endfacet
 facet normal -1.000000e+00 -5.973267e-17 -9.432820e-17
   outer loop
     vertex -5.000000e+00 -8.000000e+00 -1.300000e+01
     vertex -5.000000e+00  1.333289e+00 -9.494409e+00
     vertex -5.000000e+00  1.457692e+00 -9.573186e+00
   endloop
 endfacet
 facet normal -1.000000e+00 -5.727647e-17 -1.011071e-16
   outer loop
     vertex -5.000000e+00 -8.000000e+00 -1.300000e+01
     vertex -5.000000e+00  1.457692e+00 -9.573186e+00
     vertex -5.000000e+00  1.585810e+00 -9.645764e+00
   endloop
 endfacet
 facet normal -1.000000e+00 -5.465871e-17 -1.085882e-16
   outer loop
     vertex -5.000000e+00 -8.000000e+00 -1.300000e+01
     vertex -5.000000e+00  1.585810e+00 -9.645764e+00
     vertex -5.000000e+00  1.717335e+00 -9.711968e+00
   endloop
 endfacet
 facet normal -1.000000e+00 -5.183412e-17 -1.169359e-16
   outer loop
     vertex -5.000000e+00 -8.000000e+00 -1.300000e+01
     vertex -5.000000e+00  1.717335e+00 -9.711968e+00
     vertex -5.000000e+00  1.851950e+00 -9.771639e+00
   endloop
 endfacet
 facet normal -1.000000e+00 -4.874433e-17 -1.263649e-16
   outer loop
     vertex -5.000000e+00 -8.000000e+00 -1.300000e+01
     vertex -5.000000e+00  1.851950e+00 -9.771639e+00
     vertex -5.000000e+00  1.989330e+00 -9.824632e+00
   endloop
 endfacet
 facet normal -1.000000e+00 -4.531221e-17 -1.371620e-16
   outer loop
     vertex -5.000000e+00 -8.000000e+00 -1.300000e+01
     vertex -5.000000e+00  1.989330e+00 -9.824632e+00
     vertex -5.000000e+00  2.129146e+00 -9.870821e+00
   endloop
 endfacet
 facet normal -1.000000e+00 -4.143291e-17 -1.497193e-16
   outer loop
     vertex -5.000000e+00 -8.000000e+00 -1.300000e+01
     vertex -5.000000e+00  2.129146e+00 -9.870821e+00
     vertex -5.000000e+00  2.271059e+00 -9.910094e+00
   endloop
 endfacet
 facet normal -1.000000e+00 -3.695964e-17 -1.645887e-16
   outer loop
     vertex -5.000000e+00 -8.000000e+00 -1.300000e+01
     vertex -5.000000e+00  2.271059e+00 -9.910094e+00
     vertex -5.000000e+00  2.414729e+00 -9.942356e+00
   endloop
 endfacet
 facet normal -1.000000e+00  0.000000e+00 -2.904780e-16
   outer loop
     vertex -5.000000e+00 -8.000000e+00 -1.300000e+01
     vertex -5.000000e+00  2.414729e+00 -9.942356e+00
     vertex -5.000000e+00  8.000000e+00 -1.300000e+01
   endloop
 endfacet
 facet normal -1.000000e+00 -1.110223e-16 -0.000000e+00
   outer loop
     vertex -5.000000e+00  0.000000e+00 -4.000000e+00
     vertex -5.000000e+00  0.000000e+00 -7.000000e+00
     vertex -5.000000e+00 -8.000000e+00 -1.300000e+01
   endloop
 endfacet
 facet normal -1.000000e+00  0.000000e+00 -0.000000e+00
   outer loop
     vertex -5.000000e+00  5.000000e+00  4.000000e+00
     vertex -5.000000e+00  8.000000e+00 -4.000000e+00
     vertex -5.000000e+00  0.000000e+00 -4.000000e+00
   endloop
 endfacet
 facet normal -1.000000e+00  0.000000e+00  0.000000e+00
   outer loop
     vertex -5.000000e+00  5.000000e+00  4.000000e+00
     vertex -5.000000e+00  8.000000e+00  4.000000e+00
     vertex -5.000000e+00  8.000000e+00 -4.000000e+00
   endloop
 endfacet
 facet normal -1.000000e+00 -7.267852e-18  2.960595e-16
   outer loop
     vertex -5.000000e+00  8.000000e+00  1.300000e+01
     vertex -5.000000e+00  8.000000e+00  1.000000e+01
     vertex -5.000000e+00  7.852797e+00  9.996386e+00
   endloop
 endfacet
 facet normal -1.000000e+00 -2.189152e-17  2.967762e-16
   outer loop
     vertex -5.000000e+00  8.000000e+00  1.300000e+01
     vertex -5.000000e+00  7.852797e+00  9.996386e+00
     vertex -5.000000e+00  7.705949e+00  9.985554e+00
   endloop
 endfacet
 facet normal -1.000000e+00 -3.678301e-17  2.982288e-16
   outer loop
     vertex -5.000000e+00  8.000000e+00  1.300000e+01
     vertex -5.000000e+00  7.705949e+00  9.985554e+00
     vertex -5.000000e+00  7.559809e+00  9.967530e+00
   endloop
 endfacet
 facet normal -1.000000e+00 -5.213426e-17  3.004572e-16
   outer loop
     vertex -5.000000e+00  8.000000e+00  1.300000e+01
     vertex -5.000000e+00  7.559809e+00  9.967530e+00
     vertex -5.000000e+00  7.414729e+00  9.942356e+00
   endloop
 endfacet
 facet normal -1.000000e+00 -6.815869e-17  3.035244e-16
   outer loop
     vertex -5.000000e+00  8.000000e+00  1.300000e+01
     vertex -5.000000e+00  7.414729e+00  9.942356e+00
     vertex -5.000000e+00  7.271059e+00  9.910094e+00
   endloop
 endfacet
 facet normal -1.000000e+00 -8.510272e-17  3.075217e-16
   outer loop
     vertex -5.000000e+00  8.000000e+00  1.300000e+01
     vertex -5.000000e+00  7.271059e+00  9.910094e+00
     vertex -5.000000e+00  7.129146e+00  9.870821e+00
   endloop
 endfacet
 facet normal -1.000000e+00 -1.032609e-16  3.125751e-16
   outer loop
     vertex -5.000000e+00  8.000000e+00  1.300000e+01
     vertex -5.000000e+00  7.129146e+00  9.870821e+00
     vertex -5.000000e+00  6.989330e+00  9.824632e+00
   endloop
 endfacet
 facet normal -1.000000e+00 -1.229966e-16  3.188567e-16
   outer loop
     vertex -5.000000e+00  8.000000e+00  1.300000e+01
     vertex -5.000000e+00  6.989330e+00  9.824632e+00
     vertex -5.000000e+00  6.851950e+00  9.771639e+00
   endloop
 endfacet
 facet normal -1.000000e+00 -1.447720e-16  3.266003e-16
   outer loop
     vertex -5.000000e+00  8.000000e+00  1.300000e+01
     vertex -5.000000e+00  6.851950e+00  9.771639e+00
     vertex -5.000000e+00  6.717335e+00  9.711968e+00
   endloop
 endfacet
 facet normal -1.000000e+00 -1.691919e-16  3.361266e-16
   outer loop
     vertex -5.000000e+00  8.000000e+00  1.300000e+01
     vertex -5.000000e+00  6.717335e+00  9.711968e+00
     vertex -5.000000e+00  6.585810e+00  9.645764e+00
   endloop
 endfacet
 facet normal -1.000000e+00 -1.970723e-16  3.478813e-16
   outer loop
     vertex -5.000000e+00  8.000000e+00  1.300000e+01
     vertex -5.000000e+00  6.585810e+00  9.645764e+00
     vertex -5.000000e+00  6.457692e+00  9.573186e+00
   endloop
 endfacet
 facet normal -1.000000e+00 -2.295496e-16  3.624984e-16
   outer loop
     vertex -5.000000e+00  8.000000e+00  1.300000e+01
     vertex -5.000000e+00  6.457692e+00  9.573186e+00
     vertex -5.000000e+00  6.333289e+00  9.494409e+00
   endloop
 endfacet
 facet normal -1.000000e+00 -2.682633e-16  3.809046e-16
   outer loop
     vertex -5.000000e+00  8.000000e+00  1.300000e+01
     vertex -5.000000e+00  6.333289e+00  9.494409e+00
     vertex -5.000000e+00  6.212902e+00  9.409623e+00
   endloop
 endfacet
 facet normal -1.000000e+00 -3.156794e-16  4.045058e-16
   outer loop
     vertex -5.000000e+00  8.000000e+00  1.300000e+01
     vertex -5.000000e+00  6.212902e+00  9.409623e+00
     vertex -5.000000e+00  6.096820e+00  9.319031e+00
   endloop
 endfacet
 facet normal -1.000000e+00 -3.756964e-16  4.355365e-16
   outer loop
     vertex -5.000000e+00  8.000000e+00  1.300000e+01
     vertex -5.000000e+00  6.096820e+00  9.319031e+00
     vertex -5.000000e+00  5.985323e+00  9.222853e+00
   endloop
 endfacet
 facet normal -1.000000e+00 -4.548733e-16  4.777683e-16
   outer loop
     vertex -5.000000e+00  8.000000e+00  1.300000e+01
     vertex -5.000000e+00  5.985323e+00  9.222853e+00
     vertex -5.000000e+00  5.878680e+00  9.121320e+00
   endloop
 endfacet
 facet normal -1.000000e+00 -6.832142e-17  0.000000e+00
   outer loop
     vertex -5.000000e+00 -8.000000e+00  1.300000e+01
     vertex -5.000000e+00  5.000000e+00  7.000000e+00
     vertex -5.000000e+00  5.000000e+00  4.000000e+00
   endloop
 endfacet
 facet normal -1.000000e+00 -1.110223e-16 -0.000000e+00
   outer loop
     vertex -5.000000e+00 -8.000000e+00  1.300000e+01
     vertex -5.000000e+00  0.000000e+00 -4.000000e+00
     vertex -5.000000e+00 -8.000000e+00 -1.300000e+01
   endloop
 endfacet
 facet normal -1.000000e+00 -4.768743e-17  2.980464e-17
   outer loop
     vertex -5.000000e+00 -8.000000e+00  1.300000e+01
     vertex -5.000000e+00  5.000000e+00  4.000000e+00
     vertex -5.000000e+00  0.000000e+00 -4.000000e+00
   endloop
 endfacet
 facet normal -1.000000e+00 -5.054656e-17  4.812433e-17
   outer loop
     vertex -5.000000e+00 -8.000000e+00  1.300000e+01
     vertex -5.000000e+00  5.878680e+00  9.121320e+00
     vertex -5.000000e+00  5.777147e+00  9.014677e+00
   endloop
 endfacet
 facet normal -1.000000e+00 -5.159356e-17  4.450491e-17
   outer loop
     vertex -5.000000e+00 -8.000000e+00  1.300000e+01
     vertex -5.000000e+00  5.777147e+00  9.014677e+00
     vertex -5.000000e+00  5.680969e+00  8.903180e+00
   endloop
 endfacet
 facet normal -1.000000e+00 -5.262295e-17  4.106735e-17
   outer loop
     vertex -5.000000e+00 -8.000000e+00  1.300000e+01
     vertex -5.000000e+00  5.680969e+00  8.903180e+00
     vertex -5.000000e+00  5.590377e+00  8.787098e+00
   endloop
 endfacet
 facet normal -1.000000e+00 -5.364226e-17  3.777914e-17
   outer loop
     vertex -5.000000e+00 -8.000000e+00  1.300000e+01
     vertex -5.000000e+00  5.590377e+00  8.787098e+00
     vertex -5.000000e+00  5.505591e+00  8.666711e+00
   endloop
 endfacet
 facet normal -1.000000e+00 -5.465842e-17  3.461207e-17
   outer loop
     vertex -5.000000e+00 -8.000000e+00  1.300000e+01
     vertex -5.000000e+00  5.505591e+00  8.666711e+00
     vertex -5.000000e+00  5.426814e+00  8.542308e+00
   endloop
 endfacet
 facet normal -1.000000e+00 -5.567796e-17  3.154117e-17
   outer loop
     vertex -5.000000e+00 -8.000000e+00  1.300000e+01
     vertex -5.000000e+00  5.426814e+00  8.542308e+00
     vertex -5.000000e+00  5.354236e+00  8.414190e+00
   endloop
 endfacet
 facet normal -1.000000e+00 -5.670718e-17  2.854400e-17
   outer loop
     vertex -5.000000e+00 -8.000000e+00  1.300000e+01
     vertex -5.000000e+00  5.354236e+00  8.414190e+00
     vertex -5.000000e+00  5.288032e+00  8.282665e+00
   endloop
 endfacet
 facet normal -1.000000e+00 -5.775237e-17  2.559986e-17
   outer loop
     vertex -5.000000e+00 -8.000000e+00  1.300000e+01
     vertex -5.000000e+00  5.288032e+00  8.282665e+00
     vertex -5.000000e+00  5.228361e+00  8.148050e+00
   endloop
 endfacet
 facet normal -1.000000e+00 -5.881990e-17  2.268934e-17
   outer loop
     vertex -5.000000e+00 -8.000000e+00  1.300000e+01
     vertex -5.000000e+00  5.228361e+00  8.148050e+00
     vertex -5.000000e+00  5.175368e+00  8.010670e+00
   endloop
 endfacet
 facet normal -1.000000e+00 -5.991643e-17  1.979372e-17
   outer loop
     vertex -5.000000e+00 -8.000000e+00  1.300000e+01
     vertex -5.000000e+00  5.175368e+00  8.010670e+00
     vertex -5.000000e+00  5.129179e+00  7.870854e+00
   endloop
 endfacet
 facet normal -1.000000e+00  0.000000e+00  2.289899e-16
   outer loop
     vertex -5.000000e+00 -8.000000e+00  1.300000e+01
     vertex -5.000000e+00  8.000000e+00  1.300000e+01
     vertex -5.000000e+00  5.878680e+00  9.121320e+00
   endloop
 endfacet
 facet normal -1.000000e+00 -6.104904e-17  1.689455e-17
   outer loop
     vertex -5.000000e+00 -8.000000e+00  1.300000e+01
     vertex -5.000000e+00  5.129179e+00  7.870854e+00
     vertex -5.000000e+00  5.089906e+00  7.728941e+00
   endloop
 endfacet
 facet normal -1.000000e+00 -6.222542e-17  1.397319e-17
   outer loop
     vertex -5.000000e+00 -8.000000e+00  1.300000e+01
     vertex -5.000000e+00  5.089906e+00  7.728941e+00
     vertex -5.000000e+00  5.057644e+00  7.585271e+00
   endloop
 endfacet
 facet normal -1.000000e+00 -6.345406e-17  1.101032e-17
   outer loop
     vertex -5.000000e+00 -8.000000e+00  1.300000e+01
     vertex -5.000000e+00  5.057644e+00  7.585271e+00
     vertex -5.000000e+00  5.032470e+00  7.440191e+00
   endloop
 endfacet
 facet normal -1.000000e+00 -6.474450e-17  7.985472e-18
   outer loop
     vertex -5.000000e+00 -8.000000e+00  1.300000e+01
     vertex -5.000000e+00  5.032470e+00  7.440191e+00
     vertex -5.000000e+00  5.014446e+00  7.294051e+00
   endloop
 endfacet
 facet normal -1.000000e+00 -6.610762e-17  4.876391e-18
   outer loop
     vertex -5.000000e+00 -8.000000e+00  1.300000e+01
     vertex -5.000000e+00  5.014446e+00  7.294051e+00
     vertex -5.000000e+00  5.003614e+00  7.147203e+00
   endloop
 endfacet
 facet normal -1.000000e+00 -6.755600e-17  1.658407e-18
   outer loop
     vertex -5.000000e+00 -8.000000e+00  1.300000e+01
     vertex -5.000000e+00  5.003614e+00  7.147203e+00
     vertex -5.000000e+00  5.000000e+00  7.000000e+00
   endloop
 endfacet
 facet normal -7.071068e-01 -7.071068e-01 -0.000000e+00
   outer loop
     vertex -5.000000e+00 -8.000000e+00  1.300000e+01
     vertex -5.000000e+00 -8.000000e+00 -1.300000e+01
     vertex -3.000000e+00 -1.000000e+01 -1.500000e+01
   endloop
 endfacet
 facet normal -7.071068e-01 -7.071068e-01 -0.000000e+00
   outer loop
     vertex -3.000000e+00 -1.000000e+01  1.500000e+01
     vertex -5.000000e+00 -8.000000e+00  1.300000e+01
     vertex -3.000000e+00 -1.000000e+01 -1.500000e+01
   endloop
 endfacet
 facet normal -7.071068e-01  0.000000e+00  7.071068e-01
   outer loop
     vertex -3.000000e+00  1.000000e+01  1.500000e+01
     vertex -5.000000e+00 -8.000000e+00  1.300000e+01
     vertex -3.000000e+00 -1.000000e+01  1.500000e+01
   endloop
 endfacet
 facet normal -7.071068e-01  0.000000e+00  7.071068e-01
   outer loop
     vertex -3.000000e+00  1.000000e+01  1.500000e+01
     vertex -5.000000e+00  8.000000e+00  1.300000e+01
     vertex -5.000000e+00 -8.000000e+00  1.300000e+01
   endloop
 endfacet
 facet normal -7.071068e-01  7.071068e-01  2.093457e-16
   outer loop
     vertex -5.000000e+00  8.000000e+00  1.300000e+01
     vertex -3.000000e+00  1.000000e+01  1.000000e+01
     vertex -5.000000e+00  8.000000e+00  1.000000e+01
   endloop
 endfacet
 facet normal -7.071068e-01  7.071068e-01  1.256074e-16
   outer loop
     vertex -3.000000e+00  1.000000e+01  1.500000e+01
     vertex -3.000000e+00  1.000000e+01  1.000000e+01
     vertex -5.000000e+00  8.000000e+00  1.300000e+01
   endloop
 endfacet
 facet normal  0.000000e+00  9.996988e-01 -2.454123e-02
   outer loop
     vertex -4.000000e+00  5.000000e+00  7.000000e+00
     vertex -5.000000e+00  5.000000e+00  7.000000e+00
     vertex -5.000000e+00  5.003614e+00  7.147203e+00
   endloop
 endfacet
 facet normal  1.108236e-05  9.972905e-01 -7.356456e-02
   outer loop
     vertex -4.000000e+00  5.003636e+00  7.147655e+00
     vertex -5.000000e+00  5.003614e+00  7.147203e+00
     vertex -5.000000e+00  5.014446e+00  7.294051e+00
   endloop
 endfacet
 facet normal -1.111655e-05  9.996970e-01 -2.461670e-02
   outer loop
     vertex -4.000000e+00  5.003636e+00  7.147655e+00
     vertex -4.000000e+00  5.000000e+00  7.000000e+00
     vertex -5.000000e+00  5.003614e+00  7.147203e+00
   endloop
 endfacet
 facet normal  2.209635e-05  9.924795e-01 -1.224107e-01
   outer loop
     vertex -4.000000e+00  5.014535e+00  7.294953e+00
     vertex -5.000000e+00  5.014446e+00  7.294051e+00
     vertex -5.000000e+00  5.032470e+00  7.440191e+00
   endloop
 endfacet
 facet normal -2.216472e-05  9.972738e-01 -7.379044e-02
   outer loop
     vertex -4.000000e+00  5.014535e+00  7.294953e+00
     vertex -4.000000e+00  5.003636e+00  7.147655e+00
     vertex -5.000000e+00  5.014446e+00  7.294051e+00
   endloop
 endfacet
 facet normal  3.304196e-05  9.852776e-01 -1.709619e-01
   outer loop
     vertex -4.000000e+00  5.032670e+00  7.441536e+00
     vertex -5.000000e+00  5.032470e+00  7.440191e+00
     vertex -5.000000e+00  5.057644e+00  7.585271e+00
   endloop
 endfacet
 facet normal -3.314452e-05  9.924333e-01 -1.227853e-01
   outer loop
     vertex -4.000000e+00  5.032670e+00  7.441536e+00
     vertex -4.000000e+00  5.014535e+00  7.294953e+00
     vertex -5.000000e+00  5.032470e+00  7.440191e+00
   endloop
 endfacet
 facet normal  4.391920e-05  9.757021e-01 -2.191012e-01
   outer loop
     vertex -4.000000e+00  5.057998e+00  7.587048e+00
     vertex -5.000000e+00  5.057644e+00  7.585271e+00
     vertex -5.000000e+00  5.089906e+00  7.728941e+00
   endloop
 endfacet
 facet normal -4.405595e-05  9.851872e-01 -1.714826e-01
   outer loop
     vertex -4.000000e+00  5.057998e+00  7.587048e+00
     vertex -4.000000e+00  5.032670e+00  7.441536e+00
     vertex -5.000000e+00  5.057644e+00  7.585271e+00
   endloop
 endfacet
 facet normal  5.472806e-05  9.637761e-01 -2.667128e-01
   outer loop
     vertex -4.000000e+00  5.090457e+00  7.731137e+00
     vertex -5.000000e+00  5.089906e+00  7.728941e+00
     vertex -5.000000e+00  5.129179e+00  7.870854e+00
   endloop
 endfacet
 facet normal -5.489900e-05  9.755530e-01 -2.197641e-01
   outer loop
     vertex -4.000000e+00  5.090457e+00  7.731137e+00
     vertex -4.000000e+00  5.057998e+00  7.587048e+00
     vertex -5.000000e+00  5.089906e+00  7.728941e+00
   endloop
 endfacet
 facet normal  6.546854e-05  9.495282e-01 -3.136817e-01
   outer loop
     vertex -4.000000e+00  5.129969e+00  7.873454e+00
     vertex -5.000000e+00  5.129179e+00  7.870854e+00
     vertex -5.000000e+00  5.175368e+00  8.010670e+00
   endloop
 endfacet
 facet normal -6.567367e-05  9.635542e-01 -2.675130e-01
   outer loop
     vertex -4.000000e+00  5.129969e+00  7.873454e+00
     vertex -4.000000e+00  5.090457e+00  7.731137e+00
     vertex -5.000000e+00  5.129179e+00  7.870854e+00
   endloop
 endfacet
 facet normal  7.614065e-05  9.329928e-01 -3.598950e-01
   outer loop
     vertex -4.000000e+00  5.176438e+00  8.013654e+00
     vertex -5.000000e+00  5.175368e+00  8.010670e+00
     vertex -5.000000e+00  5.228361e+00  8.148050e+00
   endloop
 endfacet
 facet normal -7.637997e-05  9.492199e-01 -3.146135e-01
   outer loop
     vertex -4.000000e+00  5.176438e+00  8.013654e+00
     vertex -4.000000e+00  5.129969e+00  7.873454e+00
     vertex -5.000000e+00  5.175368e+00  8.010670e+00
   endloop
 endfacet
 facet normal -8.701789e-05  9.325846e-01 -3.609514e-01
   outer loop
     vertex -4.000000e+00  5.229750e+00  8.151397e+00
     vertex -4.000000e+00  5.176438e+00  8.013654e+00
     vertex -5.000000e+00  5.228361e+00  8.148050e+00
   endloop
 endfacet
 facet normal  8.674438e-05  9.142098e-01 -4.052413e-01
   outer loop
     vertex -4.000000e+00  5.229750e+00  8.151397e+00
     vertex -5.000000e+00  5.228361e+00  8.148050e+00
     vertex -5.000000e+00  5.288032e+00  8.282665e+00
   endloop
 endfacet
 facet normal -9.758743e-05  9.136889e-01 -4.064143e-01
   outer loop
     vertex -4.000000e+00  5.289778e+00  8.286349e+00
     vertex -4.000000e+00  5.229750e+00  8.151397e+00
     vertex -5.000000e+00  5.288032e+00  8.282665e+00
   endloop
 endfacet
 facet normal  9.727974e-05  8.932243e-01 -4.496113e-01
   outer loop
     vertex -4.000000e+00  5.289778e+00  8.286349e+00
     vertex -5.000000e+00  5.288032e+00  8.282665e+00
     vertex -5.000000e+00  5.354236e+00  8.414190e+00
   endloop
 endfacet
 facet normal -1.080886e-04  8.925784e-01 -4.508921e-01
   outer loop
     vertex -4.000000e+00  5.356375e+00  8.418183e+00
     vertex -4.000000e+00  5.289778e+00  8.286349e+00
     vertex -5.000000e+00  5.354236e+00  8.414190e+00
   endloop
 endfacet
 facet normal  1.077467e-04  8.700870e-01 -4.928982e-01
   outer loop
     vertex -4.000000e+00  5.356375e+00  8.418183e+00
     vertex -5.000000e+00  5.354236e+00  8.414190e+00
     vertex -5.000000e+00  5.426814e+00  8.542308e+00
   endloop
 endfacet
 facet normal -1.185214e-04  8.693044e-01 -4.942770e-01
   outer loop
     vertex -4.000000e+00  5.429379e+00  8.546580e+00
     vertex -4.000000e+00  5.356375e+00  8.418183e+00
     vertex -5.000000e+00  5.426814e+00  8.542308e+00
   endloop
 endfacet
 facet normal  1.181453e-04  8.448536e-01 -5.349976e-01
   outer loop
     vertex -4.000000e+00  5.429379e+00  8.546580e+00
     vertex -5.000000e+00  5.426814e+00  8.542308e+00
     vertex -5.000000e+00  5.505591e+00  8.666711e+00
   endloop
 endfacet
 facet normal -1.288858e-04  8.439233e-01 -5.364638e-01
   outer loop
     vertex -4.000000e+00  5.508615e+00  8.671228e+00
     vertex -4.000000e+00  5.429379e+00  8.546580e+00
     vertex -5.000000e+00  5.505591e+00  8.666711e+00
   endloop
 endfacet
 facet normal  1.284755e-04  8.175848e-01 -5.758082e-01
   outer loop
     vertex -4.000000e+00  5.508615e+00  8.671228e+00
     vertex -5.000000e+00  5.505591e+00  8.666711e+00
     vertex -5.000000e+00  5.590377e+00  8.787098e+00
   endloop
 endfacet
 facet normal -1.391818e-04  8.164966e-01 -5.773503e-01
   outer loop
     vertex -4.000000e+00  5.593890e+00  8.791824e+00
     vertex -4.000000e+00  5.508615e+00  8.671228e+00
     vertex -5.000000e+00  5.590377e+00  8.787098e+00
   endloop
 endfacet
 facet normal  1.387374e-04  7.883464e-01 -6.152316e-01
   outer loop
     vertex -4.000000e+00  5.593890e+00  8.791824e+00
     vertex -5.000000e+00  5.590377e+00  8.787098e+00
     vertex -5.000000e+00  5.680969e+00  8.903180e+00
   endloop
 endfacet
 facet normal  1.489309e-04  7.572088e-01 -6.531728e-01
   outer loop
     vertex -4.000000e+00  5.684997e+00  8.908078e+00
     vertex -5.000000e+00  5.680969e+00  8.903180e+00
     vertex -5.000000e+00  5.777147e+00  9.014677e+00
   endloop
 endfacet
 facet normal -1.494095e-04  7.870907e-01 -6.168373e-01
   outer loop
     vertex -4.000000e+00  5.684997e+00  8.908078e+00
     vertex -4.000000e+00  5.593890e+00  8.791824e+00
     vertex -5.000000e+00  5.680969e+00  8.903180e+00
   endloop
 endfacet
 facet normal  1.590559e-04  7.242471e-01 -6.895405e-01
   outer loop
     vertex -4.000000e+00  5.781715e+00  9.019706e+00
     vertex -5.000000e+00  5.777147e+00  9.014677e+00
     vertex -5.000000e+00  5.878680e+00  9.121320e+00
   endloop
 endfacet
 facet normal -1.595688e-04  7.557770e-01 -6.548291e-01
   outer loop
     vertex -4.000000e+00  5.781715e+00  9.019706e+00
     vertex -4.000000e+00  5.684997e+00  8.908078e+00
     vertex -5.000000e+00  5.777147e+00  9.014677e+00
   endloop
 endfacet
 facet normal  1.691127e-04  6.895405e-01 -7.242471e-01
   outer loop
     vertex -4.000000e+00  5.883811e+00  9.126439e+00
     vertex -5.000000e+00  5.878680e+00  9.121320e+00
     vertex -5.000000e+00  5.985323e+00  9.222853e+00
   endloop
 endfacet
 facet normal -1.696597e-04  7.226313e-01 -6.912336e-01
   outer loop
     vertex -4.000000e+00  5.883811e+00  9.126439e+00
     vertex -4.000000e+00  5.781715e+00  9.019706e+00
     vertex -5.000000e+00  5.878680e+00  9.121320e+00
   endloop
 endfacet
 facet normal  1.791010e-04  6.531728e-01 -7.572088e-01
   outer loop
     vertex -4.000000e+00  5.991036e+00  9.228017e+00
     vertex -5.000000e+00  5.985323e+00  9.222853e+00
     vertex -5.000000e+00  6.096820e+00  9.319031e+00
   endloop
 endfacet
 facet normal -1.796822e-04  6.877340e-01 -7.259627e-01
   outer loop
     vertex -4.000000e+00  5.991036e+00  9.228017e+00
     vertex -4.000000e+00  5.883811e+00  9.126439e+00
     vertex -5.000000e+00  5.985323e+00  9.222853e+00
   endloop
 endfacet
 facet normal  1.890209e-04  6.152316e-01 -7.883464e-01
   outer loop
     vertex -4.000000e+00  6.103130e+00  9.324195e+00
     vertex -5.000000e+00  6.096820e+00  9.319031e+00
     vertex -5.000000e+00  6.212902e+00  9.409623e+00
   endloop
 endfacet
 facet normal -1.896363e-04  6.511697e-01 -7.589321e-01
   outer loop
     vertex -4.000000e+00  6.103130e+00  9.324195e+00
     vertex -4.000000e+00  5.991036e+00  9.228017e+00
     vertex -5.000000e+00  6.096820e+00  9.319031e+00
   endloop
 endfacet
 facet normal  1.988725e-04  5.758082e-01 -8.175848e-01
   outer loop
     vertex -4.000000e+00  6.219822e+00  9.414740e+00
     vertex -5.000000e+00  6.212902e+00  9.409623e+00
     vertex -5.000000e+00  6.333289e+00  9.494409e+00
   endloop
 endfacet
 facet normal -1.995221e-04  6.130271e-01 -7.900619e-01
   outer loop
     vertex -4.000000e+00  6.219822e+00  9.414740e+00
     vertex -4.000000e+00  6.103130e+00  9.324195e+00
     vertex -5.000000e+00  6.212902e+00  9.409623e+00
   endloop
 endfacet
 facet normal  2.086557e-04  5.349976e-01 -8.448535e-01
   outer loop
     vertex -4.000000e+00  6.340830e+00  9.499431e+00
     vertex -5.000000e+00  6.333289e+00  9.494409e+00
     vertex -5.000000e+00  6.457692e+00  9.573186e+00
   endloop
 endfacet
 facet normal -2.093395e-04  5.733984e-01 -8.192766e-01
   outer loop
     vertex -4.000000e+00  6.340830e+00  9.499431e+00
     vertex -4.000000e+00  6.219822e+00  9.414740e+00
     vertex -5.000000e+00  6.333289e+00  9.494409e+00
   endloop
 endfacet
 facet normal  2.183705e-04  4.928982e-01 -8.700870e-01
   outer loop
     vertex -4.000000e+00  6.465859e+00  9.578063e+00
     vertex -5.000000e+00  6.457692e+00  9.573186e+00
     vertex -5.000000e+00  6.585810e+00  9.645764e+00
   endloop
 endfacet
 facet normal -2.190885e-04  5.323800e-01 -8.465055e-01
   outer loop
     vertex -4.000000e+00  6.465859e+00  9.578063e+00
     vertex -4.000000e+00  6.340830e+00  9.499431e+00
     vertex -5.000000e+00  6.457692e+00  9.573186e+00
   endloop
 endfacet
 facet normal  2.280170e-04  4.496113e-01 -8.932243e-01
   outer loop
     vertex -4.000000e+00  6.594606e+00  9.650447e+00
     vertex -5.000000e+00  6.585810e+00  9.645764e+00
     vertex -5.000000e+00  6.717335e+00  9.711968e+00
   endloop
 endfacet
 facet normal -2.287691e-04  4.900710e-01 -8.716825e-01
   outer loop
     vertex -4.000000e+00  6.594606e+00  9.650447e+00
     vertex -4.000000e+00  6.465859e+00  9.578063e+00
     vertex -5.000000e+00  6.585810e+00  9.645764e+00
   endloop
 endfacet
 facet normal  2.375950e-04  4.052413e-01 -9.142097e-01
   outer loop
     vertex -4.000000e+00  6.726761e+00  9.716406e+00
     vertex -5.000000e+00  6.717335e+00  9.711968e+00
     vertex -5.000000e+00  6.851950e+00  9.771639e+00
   endloop
 endfacet
 facet normal -2.383814e-04  4.465742e-01 -8.947466e-01
   outer loop
     vertex -4.000000e+00  6.726761e+00  9.716406e+00
     vertex -4.000000e+00  6.594606e+00  9.650447e+00
     vertex -5.000000e+00  6.717335e+00  9.711968e+00
   endloop
 endfacet
 facet normal  2.471047e-04  3.598950e-01 -9.329928e-01
   outer loop
     vertex -4.000000e+00  6.862001e+00  9.775781e+00
     vertex -5.000000e+00  6.851950e+00  9.771639e+00
     vertex -5.000000e+00  6.989330e+00  9.824632e+00
   endloop
 endfacet
 facet normal -2.479252e-04  4.019949e-01 -9.156419e-01
   outer loop
     vertex -4.000000e+00  6.862001e+00  9.775781e+00
     vertex -4.000000e+00  6.726761e+00  9.716406e+00
     vertex -5.000000e+00  6.851950e+00  9.771639e+00
   endloop
 endfacet
 facet normal  2.565460e-04  3.136817e-01 -9.495281e-01
   outer loop
     vertex -4.000000e+00  7.000000e+00  9.828427e+00
     vertex -5.000000e+00  6.989330e+00  9.824632e+00
     vertex -5.000000e+00  7.129146e+00  9.870821e+00
   endloop
 endfacet
 facet normal -2.574007e-04  3.564412e-01 -9.343177e-01
   outer loop
     vertex -4.000000e+00  7.000000e+00  9.828427e+00
     vertex -4.000000e+00  6.862001e+00  9.775781e+00
     vertex -5.000000e+00  6.989330e+00  9.824632e+00
   endloop
 endfacet
 facet normal  5.522178e-04  2.667127e-01 -9.637759e-01
   outer loop
     vertex -3.838281e+00  7.161719e+00  9.880501e+00
     vertex -5.000000e+00  7.129146e+00  9.870821e+00
     vertex -5.000000e+00  7.271059e+00  9.910094e+00
   endloop
 endfacet
 facet normal -6.816168e-04  3.071206e-01 -9.516704e-01
   outer loop
     vertex -3.838281e+00  7.161719e+00  9.880501e+00
     vertex -4.000000e+00  7.000000e+00  9.828427e+00
     vertex -5.000000e+00  7.129146e+00  9.870821e+00
   endloop
 endfacet
 facet normal  6.450448e-04  2.191012e-01 -9.757019e-01
   outer loop
     vertex -3.673874e+00  7.326126e+00  9.923336e+00
     vertex -5.000000e+00  7.271059e+00  9.910094e+00
     vertex -5.000000e+00  7.414729e+00  9.942356e+00
   endloop
 endfacet
 facet normal -8.410409e-04  2.529144e-01 -9.674883e-01
   outer loop
     vertex -3.673874e+00  7.326126e+00  9.923336e+00
     vertex -3.838281e+00  7.161719e+00  9.880501e+00
     vertex -5.000000e+00  7.271059e+00  9.910094e+00
   endloop
 endfacet
 facet normal  6.017311e-04  1.709619e-01 -9.852775e-01
   outer loop
     vertex -3.507306e+00  7.492694e+00  9.956796e+00
     vertex -5.000000e+00  7.414729e+00  9.942356e+00
     vertex -5.000000e+00  7.559809e+00  9.967530e+00
   endloop
 endfacet
 facet normal -8.463673e-04  1.977557e-01 -9.802510e-01
   outer loop
     vertex -3.507306e+00  7.492694e+00  9.956796e+00
     vertex -3.673874e+00  7.326126e+00  9.923336e+00
     vertex -5.000000e+00  7.414729e+00  9.942356e+00
   endloop
 endfacet
 facet normal  4.635401e-04  1.224107e-01 -9.924794e-01
   outer loop
     vertex -3.339111e+00  7.660889e+00  9.980772e+00
     vertex -5.000000e+00  7.559809e+00  9.967530e+00
     vertex -5.000000e+00  7.705949e+00  9.985554e+00
   endloop
 endfacet
 facet normal -7.402820e-04  1.418515e-01 -9.898877e-01
   outer loop
     vertex -3.339111e+00  7.660889e+00  9.980772e+00
     vertex -3.507306e+00  7.492694e+00  9.956796e+00
     vertex -5.000000e+00  7.559809e+00  9.967530e+00
   endloop
 endfacet
 facet normal -3.505316e-04  2.454123e-02 -9.996988e-01
   outer loop
     vertex -3.169828e+00  7.830172e+00  9.995189e+00
     vertex -5.000000e+00  7.852797e+00  9.996386e+00
     vertex -5.000000e+00  8.000000e+00  1.000000e+01
   endloop
 endfacet
 facet normal  2.570703e-04  7.356456e-02 -9.972904e-01
   outer loop
     vertex -3.169828e+00  7.830172e+00  9.995189e+00
     vertex -5.000000e+00  7.705949e+00  9.985554e+00
     vertex -5.000000e+00  7.852797e+00  9.996386e+00
   endloop
 endfacet
 facet normal -5.515494e-04  8.540461e-02 -9.963462e-01
   outer loop
     vertex -3.169828e+00  7.830172e+00  9.995189e+00
     vertex -3.339111e+00  7.660889e+00  9.980772e+00
     vertex -5.000000e+00  7.705949e+00  9.985554e+00
   endloop
 endfacet
 facet normal  0.000000e+00  2.831596e-02 -9.995990e-01
   outer loop
     vertex -3.000000e+00  8.000000e+00  1.000000e+01
     vertex -3.169828e+00  7.830172e+00  9.995189e+00
     vertex -5.000000e+00  8.000000e+00  1.000000e+01
   endloop
 endfacet
 facet normal  0.000000e+00  1.000000e+00  0.000000e+00
   outer loop
     vertex -4.000000e+00  5.000000e+00  7.000000e+00
     vertex -4.000000e+00  5.000000e+00  4.000000e+00
     vertex -5.000000e+00  5.000000e+00  4.000000e+00
   endloop
 endfacet
 facet normal  0.000000e+00  1.000000e+00  0.000000e+00
   outer loop
     vertex -4.000000e+00  5.000000e+00  7.000000e+00
     vertex -5.000000e+00  5.000000e+00  4.000000e+00
     vertex -5.000000e+00  5.000000e+00  7.000000e+00
   endloop
 endfacet
 facet normal  0.000000e+00  0.000000e+00  1.000000e+00
   outer loop
     vertex -4.000000e+00  7.000000e+00  4.000000e+00
     vertex -5.000000e+00  5.000000e+00  4.000000e+00
     vertex -4.000000e+00  5.000000e+00  4.000000e+00
   endloop
 endfacet
 facet normal  0.000000e+00  0.000000e+00  1.000000e+00
   outer loop
     vertex -5.000000e+00  8.000000e+00  4.000000e+00
     vertex -5.000000e+00  5.000000e+00  4.000000e+00
     vertex -4.000000e+00  7.000000e+00  4.000000e+00
   endloop
 endfacet
 facet normal  0.000000e+00  0.000000e+00  1.000000e+00
   outer loop
     vertex -2.000000e+00  9.000000e+00  4.000000e+00
     vertex -5.000000e+00  8.000000e+00  4.000000e+00
     vertex -4.000000e+00  7.000000e+00  4.000000e+00
   endloop
 endfacet
 facet normal  0.000000e+00  0.000000e+00  1.000000e+00
   outer loop
     vertex -3.000000e+00  1.000000e+01  4.000000e+00
     vertex -5.000000e+00  8.000000e+00  4.000000e+00
     vertex -2.000000e+00  9.000000e+00  4.000000e+00
   endloop
 endfacet
 facet normal  0.000000e+00  0.000000e+00  1.000000e+00
   outer loop
     vertex  2.000000e+00  9.000000e+00  4.000000e+00
     vertex -3.000000e+00  1.000000e+01  4.000000e+00
     vertex -2.000000e+00  9.000000e+00  4.000000e+00
   endloop
 endfacet
 facet normal  0.000000e+00  0.000000e+00  1.000000e+00
   outer loop
     vertex  4.000000e+00  7.000000e+00  4.000000e+00
     vertex  4.000000e+00  5.000000e+00  4.000000e+00
     vertex  5.000000e+00  5.000000e+00  4.000000e+00
   endloop
 endfacet
 facet normal  0.000000e+00  0.000000e+00  1.000000e+00
   outer loop
     vertex  5.000000e+00  8.000000e+00  4.000000e+00
     vertex  4.000000e+00  7.000000e+00  4.000000e+00
     vertex  5.000000e+00  5.000000e+00  4.000000e+00
   endloop
 endfacet
 facet normal  0.000000e+00  0.000000e+00  1.000000e+00
   outer loop
     vertex  3.000000e+00  1.000000e+01  4.000000e+00
     vertex  2.000000e+00  9.000000e+00  4.000000e+00
     vertex  4.000000e+00  7.000000e+00  4.000000e+00
   endloop
 endfacet
 facet normal  0.000000e+00  0.000000e+00  1.000000e+00
   outer loop
     vertex  3.000000e+00  1.000000e+01  4.000000e+00
     vertex  4.000000e+00  7.000000e+00  4.000000e+00
     vertex  5.000000e+00  8.000000e+00  4.000000e+00
   endloop
 endfacet
 facet normal  0.000000e+00  0.000000e+00  1.000000e+00
   outer loop
     vertex  3.000000e+00  1.000000e+01  4.000000e+00
     vertex -3.000000e+00  1.000000e+01  4.000000e+00
     vertex  2.000000e+00  9.000000e+00  4.000000e+00
   endloop
 endfacet
 facet normal -7.071068e-01  7.071068e-01  0.000000e+00
   outer loop
     vertex -3.000000e+00  1.000000e+01  4.000000e+00
     vertex -3.000000e+00  1.000000e+01 -4.000000e+00
     vertex -5.000000e+00  8.000000e+00 -4.000000e+00
   endloop
 endfacet
 facet normal -7.071068e-01  7.071068e-01  0.000000e+00
   outer loop
     vertex -3.000000e+00  1.000000e+01  4.000000e+00
     vertex -5.000000e+00  8.000000e+00 -4.000000e+00
     vertex -5.000000e+00  8.000000e+00  4.000000e+00
   endloop
 endfacet
 facet normal  0.000000e+00 -0.000000e+00 -1.000000e+00
   outer loop
     vertex -4.000000e+00  7.000000e+00 -4.000000e+00
     vertex -4.000000e+00  0.000000e+00 -4.000000e+00
     vertex -5.000000e+00  0.000000e+00 -4.000000e+00
   endloop
 endfacet
 facet normal  0.000000e+00  0.000000e+00 -1.000000e+00
   outer loop
     vertex -5.000000e+00  8.000000e+00 -4.000000e+00
     vertex -4.000000e+00  7.000000e+00 -4.000000e+00
     vertex -5.000000e+00  0.000000e+00 -4.000000e+00
   endloop
 endfacet
 facet normal  0.000000e+00 -0.000000e+00 -1.000000e+00
   outer loop
     vertex -3.000000e+00  1.000000e+01 -4.000000e+00
     vertex -2.000000e+00  9.000000e+00 -4.000000e+00
     vertex -4.000000e+00  7.000000e+00 -4.000000e+00
   endloop
 endfacet
 facet normal  0.000000e+00  0.000000e+00 -1.000000e+00
   outer loop
     vertex -3.000000e+00  1.000000e+01 -4.000000e+00
     vertex -4.000000e+00  7.000000e+00 -4.000000e+00
     vertex -5.000000e+00  8.000000e+00 -4.000000e+00
   endloop
 endfacet
 facet normal  0.000000e+00  0.000000e+00 -1.000000e+00
   outer loop
     vertex  2.000000e+00  9.000000e+00 -4.000000e+00
     vertex -2.000000e+00  9.000000e+00 -4.000000e+00
     vertex -3.000000e+00  1.000000e+01 -4.000000e+00
   endloop
 endfacet
 facet normal  0.000000e+00  0.000000e+00 -1.000000e+00
   outer loop
     vertex  4.000000e+00  7.000000e+00 -4.000000e+00
     vertex  5.000000e+00  0.000000e+00 -4.000000e+00
     vertex  4.000000e+00  0.000000e+00 -4.000000e+00
   endloop
 endfacet
 facet normal  0.000000e+00 -0.000000e+00 -1.000000e+00
   outer loop
     vertex  5.000000e+00  8.000000e+00 -4.000000e+00
     vertex  5.000000e+00  0.000000e+00 -4.000000e+00
     vertex  4.000000e+00  7.000000e+00 -4.000000e+00
   endloop
 endfacet
 facet normal  0.000000e+00 -0.000000e+00 -1.000000e+00
   outer loop
     vertex  3.000000e+00  1.000000e+01 -4.000000e+00
     vertex  4.000000e+00  7.000000e+00 -4.000000e+00
     vertex  2.000000e+00  9.000000e+00 -4.000000e+00
   endloop
 endfacet
 facet normal  0.000000e+00  0.000000e+00 -1.000000e+00
   outer loop
     vertex  3.000000e+00  1.000000e+01 -4.000000e+00
     vertex  5.000000e+00  8.000000e+00 -4.000000e+00
     vertex  4.000000e+00  7.000000e+00 -4.000000e+00
   endloop
 endfacet
 facet normal -0.000000e+00  0.000000e+00 -1.000000e+00
   outer loop
     vertex  3.000000e+00  1.000000e+01 -4.000000e+00
     vertex  2.000000e+00  9.000000e+00 -4.000000e+00
     vertex -3.000000e+00  1.000000e+01 -4.000000e+00
   endloop
 endfacet
 facet normal  0.000000e+00  1.000000e+00 -0.000000e+00
   outer loop
     vertex -4.000000e+00  0.000000e+00 -7.000000e+00
     vertex -5.000000e+00  0.000000e+00 -4.000000e+00
     vertex -4.000000e+00  0.000000e+00 -4.000000e+00
   endloop
 endfacet
 facet normal  0.000000e+00  1.000000e+00  0.000000e+00
   outer loop
     vertex -4.000000e+00  0.000000e+00 -7.000000e+00
     vertex -5.000000e+00  0.000000e+00 -7.000000e+00
     vertex -5.000000e+00  0.000000e+00 -4.000000e+00
   endloop
 endfacet
 facet normal  0.000000e+00  9.996988e-01  2.454123e-02
   outer loop
     vertex -4.000000e+00  3.613631e-03 -7.147203e+00
     vertex -5.000000e+00  0.000000e+00 -7.000000e+00
     vertex -4.000000e+00  0.000000e+00 -7.000000e+00
   endloop
 endfacet
 facet normal  0.000000e+00  9.996988e-01  2.454123e-02
   outer loop
     vertex -4.000000e+00  3.613631e-03 -7.147203e+00
     vertex -5.000000e+00  3.613631e-03 -7.147203e+00
     vertex -5.000000e+00  0.000000e+00 -7.000000e+00
   endloop
 endfacet
 facet normal  0.000000e+00  9.972905e-01  7.356456e-02
   outer loop
     vertex -4.000000e+00  1.444582e-02 -7.294051e+00
     vertex -5.000000e+00  1.444582e-02 -7.294051e+00
     vertex -5.000000e+00  3.613631e-03 -7.147203e+00
   endloop
 endfacet
 facet normal  0.000000e+00  9.972905e-01  7.356456e-02
   outer loop
     vertex -4.000000e+00  1.444582e-02 -7.294051e+00
     vertex -5.000000e+00  3.613631e-03 -7.147203e+00
     vertex -4.000000e+00  3.613631e-03 -7.147203e+00
   endloop
 endfacet
 facet normal  0.000000e+00  9.924795e-01  1.224107e-01
   outer loop
     vertex -4.000000e+00  3.247047e-02 -7.440191e+00
     vertex -5.000000e+00  3.247047e-02 -7.440191e+00
     vertex -5.000000e+00  1.444582e-02 -7.294051e+00
   endloop
 endfacet
 facet normal  0.000000e+00  9.924795e-01  1.224107e-01
   outer loop
     vertex -4.000000e+00  3.247047e-02 -7.440191e+00
     vertex -5.000000e+00  1.444582e-02 -7.294051e+00
     vertex -4.000000e+00  1.444582e-02 -7.294051e+00
   endloop
 endfacet
 facet normal  0.000000e+00  9.852776e-01  1.709619e-01
   outer loop
     vertex -4.000000e+00  5.764416e-02 -7.585271e+00
     vertex -5.000000e+00  5.764416e-02 -7.585271e+00
     vertex -5.000000e+00  3.247047e-02 -7.440191e+00
   endloop
 endfacet
 facet normal  0.000000e+00  9.852776e-01  1.709619e-01
   outer loop
     vertex -4.000000e+00  5.764416e-02 -7.585271e+00
     vertex -5.000000e+00  3.247047e-02 -7.440191e+00
     vertex -4.000000e+00  3.247047e-02 -7.440191e+00
   endloop
 endfacet
 facet normal  0.000000e+00  9.757021e-01  2.191012e-01
   outer loop
     vertex -4.000000e+00  8.990624e-02 -7.728941e+00
     vertex -5.000000e+00  8.990624e-02 -7.728941e+00
     vertex -5.000000e+00  5.764416e-02 -7.585271e+00
   endloop
 endfacet
 facet normal  0.000000e+00  9.757021e-01  2.191012e-01
   outer loop
     vertex -4.000000e+00  8.990624e-02 -7.728941e+00
     vertex -5.000000e+00  5.764416e-02 -7.585271e+00
     vertex -4.000000e+00  5.764416e-02 -7.585271e+00
   endloop
 endfacet
 facet normal  0.000000e+00  9.637761e-01  2.667128e-01
   outer loop
     vertex -4.000000e+00  1.291790e-01 -7.870854e+00
     vertex -5.000000e+00  1.291790e-01 -7.870854e+00
     vertex -5.000000e+00  8.990624e-02 -7.728941e+00
   endloop
 endfacet
 facet normal  0.000000e+00  9.637761e-01  2.667128e-01
   outer loop
     vertex -4.000000e+00  1.291790e-01 -7.870854e+00
     vertex -5.000000e+00  8.990624e-02 -7.728941e+00
     vertex -4.000000e+00  8.990624e-02 -7.728941e+00
   endloop
 endfacet
 facet normal  0.000000e+00  9.495282e-01  3.136817e-01
   outer loop
     vertex -4.000000e+00  1.753678e-01 -8.010670e+00
     vertex -5.000000e+00  1.753678e-01 -8.010670e+00
     vertex -5.000000e+00  1.291790e-01 -7.870854e+00
   endloop
 endfacet
 facet normal  0.000000e+00  9.329928e-01  3.598950e-01
   outer loop
     vertex -4.000000e+00  1.753678e-01 -8.010670e+00
     vertex -5.000000e+00  2.283614e-01 -8.148050e+00
     vertex -5.000000e+00  1.753678e-01 -8.010670e+00
   endloop
 endfacet
 facet normal  0.000000e+00  9.495282e-01  3.136817e-01
   outer loop
     vertex -4.000000e+00  1.753678e-01 -8.010670e+00
     vertex -5.000000e+00  1.291790e-01 -7.870854e+00
     vertex -4.000000e+00  1.291790e-01 -7.870854e+00
   endloop
 endfacet
 facet normal  0.000000e+00  9.329928e-01  3.598950e-01
   outer loop
     vertex -4.000000e+00  2.283614e-01 -8.148050e+00
     vertex -5.000000e+00  2.283614e-01 -8.148050e+00
     vertex -4.000000e+00  1.753678e-01 -8.010670e+00
   endloop
 endfacet
 facet normal  0.000000e+00  9.142098e-01  4.052413e-01
   outer loop
     vertex -4.000000e+00  2.880321e-01 -8.282665e+00
     vertex -5.000000e+00  2.283614e-01 -8.148050e+00
     vertex -4.000000e+00  2.283614e-01 -8.148050e+00
   endloop
 endfacet
 facet normal  0.000000e+00  9.142098e-01  4.052413e-01
   outer loop
     vertex -4.000000e+00  2.880321e-01 -8.282665e+00
     vertex -5.000000e+00  2.880321e-01 -8.282665e+00
     vertex -5.000000e+00  2.283614e-01 -8.148050e+00
   endloop
 endfacet
 facet normal  0.000000e+00  8.932243e-01  4.496113e-01
   outer loop
     vertex -4.000000e+00  3.542362e-01 -8.414190e+00
     vertex -5.000000e+00  3.542362e-01 -8.414190e+00
     vertex -5.000000e+00  2.880321e-01 -8.282665e+00
   endloop
 endfacet
 facet normal  0.000000e+00  8.932243e-01  4.496113e-01
   outer loop
     vertex -4.000000e+00  3.542362e-01 -8.414190e+00
     vertex -5.000000e+00  2.880321e-01 -8.282665e+00
     vertex -4.000000e+00  2.880321e-01 -8.282665e+00
   endloop
 endfacet
 facet normal  0.000000e+00  8.700870e-01  4.928982e-01
   outer loop
     vertex -4.000000e+00  4.268142e-01 -8.542308e+00
     vertex -5.000000e+00  4.268142e-01 -8.542308e+00
     vertex -5.000000e+00  3.542362e-01 -8.414190e+00
   endloop
 endfacet
 facet normal  0.000000e+00  8.700870e-01  4.928982e-01
   outer loop
     vertex -4.000000e+00  4.268142e-01 -8.542308e+00
     vertex -5.000000e+00  3.542362e-01 -8.414190e+00
     vertex -4.000000e+00  3.542362e-01 -8.414190e+00
   endloop
 endfacet
 facet normal  0.000000e+00  8.448536e-01  5.349976e-01
   outer loop
     vertex -4.000000e+00  5.055912e-01 -8.666711e+00
     vertex -5.000000e+00  5.055912e-01 -8.666711e+00
     vertex -5.000000e+00  4.268142e-01 -8.542308e+00
   endloop
 endfacet
 facet normal  0.000000e+00  8.448536e-01  5.349976e-01
   outer loop
     vertex -4.000000e+00  5.055912e-01 -8.666711e+00
     vertex -5.000000e+00  4.268142e-01 -8.542308e+00
     vertex -4.000000e+00  4.268142e-01 -8.542308e+00
   endloop
 endfacet
 facet normal  0.000000e+00  8.175848e-01  5.758082e-01
   outer loop
     vertex -4.000000e+00  5.903774e-01 -8.787098e+00
     vertex -5.000000e+00  5.903774e-01 -8.787098e+00
     vertex -5.000000e+00  5.055912e-01 -8.666711e+00
   endloop
 endfacet
 facet normal  0.000000e+00  7.883464e-01  6.152316e-01
   outer loop
     vertex -4.000000e+00  5.903774e-01 -8.787098e+00
     vertex -5.000000e+00  6.809686e-01 -8.903180e+00
     vertex -5.000000e+00  5.903774e-01 -8.787098e+00
   endloop
 endfacet
 facet normal  0.000000e+00  8.175848e-01  5.758082e-01
   outer loop
     vertex -4.000000e+00  5.903774e-01 -8.787098e+00
     vertex -5.000000e+00  5.055912e-01 -8.666711e+00
     vertex -4.000000e+00  5.055912e-01 -8.666711e+00
   endloop
 endfacet
 facet normal  0.000000e+00  7.883464e-01  6.152316e-01
   outer loop
     vertex -4.000000e+00  6.809686e-01 -8.903180e+00
     vertex -5.000000e+00  6.809686e-01 -8.903180e+00
     vertex -4.000000e+00  5.903774e-01 -8.787098e+00
   endloop
 endfacet
 facet normal  0.000000e+00  7.572088e-01  6.531728e-01
   outer loop
     vertex -4.000000e+00  7.771466e-01 -9.014677e+00
     vertex -5.000000e+00  7.771466e-01 -9.014677e+00
     vertex -5.000000e+00  6.809686e-01 -8.903180e+00
   endloop
 endfacet
 facet normal  0.000000e+00  7.572088e-01  6.531728e-01
   outer loop
     vertex -4.000000e+00  7.771466e-01 -9.014677e+00
     vertex -5.000000e+00  6.809686e-01 -8.903180e+00
     vertex -4.000000e+00  6.809686e-01 -8.903180e+00
   endloop
 endfacet
 facet normal  0.000000e+00  7.242471e-01  6.895405e-01
   outer loop
     vertex -4.000000e+00  8.786797e-01 -9.121320e+00
     vertex -5.000000e+00  8.786797e-01 -9.121320e+00
     vertex -5.000000e+00  7.771466e-01 -9.014677e+00
   endloop
 endfacet
 facet normal  0.000000e+00  7.242471e-01  6.895405e-01
   outer loop
     vertex -4.000000e+00  8.786797e-01 -9.121320e+00
     vertex -5.000000e+00  7.771466e-01 -9.014677e+00
     vertex -4.000000e+00  7.771466e-01 -9.014677e+00
   endloop
 endfacet
 facet normal  0.000000e+00  6.895405e-01  7.242471e-01
   outer loop
     vertex -4.000000e+00  9.853231e-01 -9.222853e+00
     vertex -5.000000e+00  9.853231e-01 -9.222853e+00
     vertex -5.000000e+00  8.786797e-01 -9.121320e+00
   endloop
 endfacet
 facet normal  0.000000e+00  6.895405e-01  7.242471e-01
   outer loop
     vertex -4.000000e+00  9.853231e-01 -9.222853e+00
     vertex -5.000000e+00  8.786797e-01 -9.121320e+00
     vertex -4.000000e+00  8.786797e-01 -9.121320e+00
   endloop
 endfacet
 facet normal  0.000000e+00  6.531728e-01  7.572088e-01
   outer loop
     vertex -4.000000e+00  1.096820e+00 -9.319031e+00
     vertex -5.000000e+00  1.096820e+00 -9.319031e+00
     vertex -5.000000e+00  9.853231e-01 -9.222853e+00
   endloop
 endfacet
 facet normal  0.000000e+00  6.531728e-01  7.572088e-01
   outer loop
     vertex -4.000000e+00  1.096820e+00 -9.319031e+00
     vertex -5.000000e+00  9.853231e-01 -9.222853e+00
     vertex -4.000000e+00  9.853231e-01 -9.222853e+00
   endloop
 endfacet
 facet normal  0.000000e+00  6.152316e-01  7.883464e-01
   outer loop
     vertex -4.000000e+00  1.212902e+00 -9.409623e+00
     vertex -5.000000e+00  1.212902e+00 -9.409623e+00
     vertex -5.000000e+00  1.096820e+00 -9.319031e+00
   endloop
 endfacet
 facet normal  0.000000e+00  6.152316e-01  7.883464e-01
   outer loop
     vertex -4.000000e+00  1.212902e+00 -9.409623e+00
     vertex -5.000000e+00  1.096820e+00 -9.319031e+00
     vertex -4.000000e+00  1.096820e+00 -9.319031e+00
   endloop
 endfacet
 facet normal  0.000000e+00  5.758082e-01  8.175848e-01
   outer loop
     vertex -4.000000e+00  1.333289e+00 -9.494409e+00
     vertex -5.000000e+00  1.333289e+00 -9.494409e+00
     vertex -5.000000e+00  1.212902e+00 -9.409623e+00
   endloop
 endfacet
 facet normal  0.000000e+00  5.758082e-01  8.175848e-01
   outer loop
     vertex -4.000000e+00  1.333289e+00 -9.494409e+00
     vertex -5.000000e+00  1.212902e+00 -9.409623e+00
     vertex -4.000000e+00  1.212902e+00 -9.409623e+00
   endloop
 endfacet
 facet normal  0.000000e+00  5.349976e-01  8.448536e-01
   outer loop
     vertex -4.000000e+00  1.457692e+00 -9.573186e+00
     vertex -5.000000e+00  1.457692e+00 -9.573186e+00
     vertex -5.000000e+00  1.333289e+00 -9.494409e+00
   endloop
 endfacet
 facet normal  0.000000e+00  5.349976e-01  8.448536e-01
   outer loop
     vertex -4.000000e+00  1.457692e+00 -9.573186e+00
     vertex -5.000000e+00  1.333289e+00 -9.494409e+00
     vertex -4.000000e+00  1.333289e+00 -9.494409e+00
   endloop
 endfacet
 facet normal  0.000000e+00  4.928982e-01  8.700870e-01
   outer loop
     vertex -4.000000e+00  1.585810e+00 -9.645764e+00
     vertex -5.000000e+00  1.585810e+00 -9.645764e+00
     vertex -5.000000e+00  1.457692e+00 -9.573186e+00
   endloop
 endfacet
 facet normal  0.000000e+00  4.928982e-01  8.700870e-01
   outer loop
     vertex -4.000000e+00  1.585810e+00 -9.645764e+00
     vertex -5.000000e+00  1.457692e+00 -9.573186e+00
     vertex -4.000000e+00  1.457692e+00 -9.573186e+00
   endloop
 endfacet
 facet normal  0.000000e+00  4.496113e-01  8.932243e-01
   outer loop
     vertex -4.000000e+00  1.717335e+00 -9.711968e+00
     vertex -5.000000e+00  1.717335e+00 -9.711968e+00
     vertex -5.000000e+00  1.585810e+00 -9.645764e+00
   endloop
 endfacet
 facet normal  0.000000e+00  4.496113e-01  8.932243e-01
   outer loop
     vertex -4.000000e+00  1.717335e+00 -9.711968e+00
     vertex -5.000000e+00  1.585810e+00 -9.645764e+00
     vertex -4.000000e+00  1.585810e+00 -9.645764e+00
   endloop
 endfacet
 facet normal  0.000000e+00  4.052413e-01  9.142098e-01
   outer loop
     vertex -4.000000e+00  1.851950e+00 -9.771639e+00
     vertex -5.000000e+00  1.851950e+00 -9.771639e+00
     vertex -5.000000e+00  1.717335e+00 -9.711968e+00
   endloop
 endfacet
 facet normal  0.000000e+00  4.052413e-01  9.142098e-01
   outer loop
     vertex -4.000000e+00  1.851950e+00 -9.771639e+00
     vertex -5.000000e+00  1.717335e+00 -9.711968e+00
     vertex -4.000000e+00  1.717335e+00 -9.711968e+00
   endloop
 endfacet
 facet normal  0.000000e+00  3.598950e-01  9.329928e-01
   outer loop
     vertex -4.000000e+00  1.989330e+00 -9.824632e+00
     vertex -5.000000e+00  1.989330e+00 -9.824632e+00
     vertex -5.000000e+00  1.851950e+00 -9.771639e+00
   endloop
 endfacet
 facet normal  0.000000e+00  3.598950e-01  9.329928e-01
   outer loop
     vertex -4.000000e+00  1.989330e+00 -9.824632e+00
     vertex -5.000000e+00  1.851950e+00 -9.771639e+00
     vertex -4.000000e+00  1.851950e+00 -9.771639e+00
   endloop
 endfacet
 facet normal  0.000000e+00  3.136817e-01  9.495282e-01
   outer loop
     vertex -4.000000e+00  2.129146e+00 -9.870821e+00
     vertex -5.000000e+00  2.129146e+00 -9.870821e+00
     vertex -5.000000e+00  1.989330e+00 -9.824632e+00
   endloop
 endfacet
 facet normal  0.000000e+00  3.136817e-01  9.495282e-01
   outer loop
     vertex -4.000000e+00  2.129146e+00 -9.870821e+00
     vertex -5.000000e+00  1.989330e+00 -9.824632e+00
     vertex -4.000000e+00  1.989330e+00 -9.824632e+00
   endloop
 endfacet
 facet normal  0.000000e+00  2.667128e-01  9.637761e-01
   outer loop
     vertex -4.000000e+00  2.271059e+00 -9.910094e+00
     vertex -5.000000e+00  2.271059e+00 -9.910094e+00
     vertex -5.000000e+00  2.129146e+00 -9.870821e+00
   endloop
 endfacet
 facet normal  0.000000e+00  2.667128e-01  9.637761e-01
   outer loop
     vertex -4.000000e+00  2.271059e+00 -9.910094e+00
     vertex -5.000000e+00  2.129146e+00 -9.870821e+00
     vertex -4.000000e+00  2.129146e+00 -9.870821e+00
   endloop
 endfacet
 facet normal  0.000000e+00  2.191012e-01  9.757021e-01
   outer loop
     vertex -4.000000e+00  2.414729e+00 -9.942356e+00
     vertex -5.000000e+00  2.414729e+00 -9.942356e+00
     vertex -5.000000e+00  2.271059e+00 -9.910094e+00
   endloop
 endfacet
 facet normal  0.000000e+00  2.191012e-01  9.757021e-01
   outer loop
     vertex -4.000000e+00  2.414729e+00 -9.942356e+00
     vertex -5.000000e+00  2.271059e+00 -9.910094e+00
     vertex -4.000000e+00  2.271059e+00 -9.910094e+00
   endloop
 endfacet
 facet normal  0.000000e+00  1.709619e-01  9.852776e-01
   outer loop
     vertex -4.000000e+00  2.559809e+00 -9.967530e+00
     vertex -5.000000e+00  2.559809e+00 -9.967530e+00
     vertex -5.000000e+00  2.414729e+00 -9.942356e+00
   endloop
 endfacet
 facet normal  0.000000e+00  1.709619e-01  9.852776e-01
   outer loop
     vertex -4.000000e+00  2.559809e+00 -9.967530e+00
     vertex -5.000000e+00  2.414729e+00 -9.942356e+00
     vertex -4.000000e+00  2.414729e+00 -9.942356e+00
   endloop
 endfacet
 facet normal  0.000000e+00  1.224107e-01  9.924795e-01
   outer loop
     vertex -4.000000e+00  2.705949e+00 -9.985554e+00
     vertex -5.000000e+00  2.705949e+00 -9.985554e+00
     vertex -5.000000e+00  2.559809e+00 -9.967530e+00
   endloop
 endfacet
 facet normal  0.000000e+00  1.224107e-01  9.924795e-01
   outer loop
     vertex -4.000000e+00  2.705949e+00 -9.985554e+00
     vertex -5.000000e+00  2.559809e+00 -9.967530e+00
     vertex -4.000000e+00  2.559809e+00 -9.967530e+00
   endloop
 endfacet
 facet normal  0.000000e+00  7.356456e-02  9.972905e-01
   outer loop
     vertex -4.000000e+00  2.852797e+00 -9.996386e+00
     vertex -5.000000e+00  2.852797e+00 -9.996386e+00
     vertex -5.000000e+00  2.705949e+00 -9.985554e+00
   endloop
 endfacet
 facet normal  0.000000e+00  2.454123e-02  9.996988e-01
   outer loop
     vertex -4.000000e+00  2.852797e+00 -9.996386e+00
     vertex -5.000000e+00  3.000000e+00 -1.000000e+01
     vertex -5.000000e+00  2.852797e+00 -9.996386e+00
   endloop
 endfacet
 facet normal  0.000000e+00  7.356456e-02  9.972905e-01
   outer loop
     vertex -4.000000e+00  2.852797e+00 -9.996386e+00
     vertex -5.000000e+00  2.705949e+00 -9.985554e+00
     vertex -4.000000e+00  2.705949e+00 -9.985554e+00
   endloop
 endfacet
 facet normal  0.000000e+00  2.454123e-02  9.996988e-01
   outer loop
     vertex -4.000000e+00  3.000000e+00 -1.000000e+01
     vertex -5.000000e+00  3.000000e+00 -1.000000e+01
     vertex -4.000000e+00  2.852797e+00 -9.996386e+00
   endloop
 endfacet
 facet normal  0.000000e+00  0.000000e+00  1.000000e+00
   outer loop
     vertex -4.000000e+00  7.000000e+00 -1.000000e+01
     vertex -5.000000e+00  3.000000e+00 -1.000000e+01
     vertex -4.000000e+00  3.000000e+00 -1.000000e+01
   endloop
 endfacet
 facet normal  0.000000e+00  0.000000e+00  1.000000e+00
   outer loop
     vertex -5.000000e+00  8.000000e+00 -1.000000e+01
     vertex -5.000000e+00  3.000000e+00 -1.000000e+01
     vertex -4.000000e+00  7.000000e+00 -1.000000e+01
   endloop
 endfacet
 facet normal  0.000000e+00  0.000000e+00  1.000000e+00
   outer loop
     vertex -2.000000e+00  9.000000e+00 -1.000000e+01
     vertex -5.000000e+00  8.000000e+00 -1.000000e+01
     vertex -4.000000e+00  7.000000e+00 -1.000000e+01
   endloop
 endfacet
 facet normal  0.000000e+00  0.000000e+00  1.000000e+00
   outer loop
     vertex -3.000000e+00  1.000000e+01 -1.000000e+01
     vertex -5.000000e+00  8.000000e+00 -1.000000e+01
     vertex -2.000000e+00  9.000000e+00 -1.000000e+01
   endloop
 endfacet
 facet normal  0.000000e+00  0.000000e+00  1.000000e+00
   outer loop
     vertex  2.000000e+00  9.000000e+00 -1.000000e+01
     vertex -3.000000e+00  1.000000e+01 -1.000000e+01
     vertex -2.000000e+00  9.000000e+00 -1.000000e+01
   endloop
 endfacet
 facet normal  0.000000e+00  0.000000e+00  1.000000e+00
   outer loop
     vertex  4.000000e+00  7.000000e+00 -1.000000e+01
     vertex  4.000000e+00  3.000000e+00 -1.000000e+01
     vertex  5.000000e+00  3.000000e+00 -1.000000e+01
   endloop
 endfacet
 facet normal  0.000000e+00  0.000000e+00  1.000000e+00
   outer loop
     vertex  5.000000e+00  8.000000e+00 -1.000000e+01
     vertex  4.000000e+00  7.000000e+00 -1.000000e+01
     vertex  5.000000e+00  3.000000e+00 -1.000000e+01
   endloop
 endfacet
 facet normal  0.000000e+00  0.000000e+00  1.000000e+00
   outer loop
     vertex  3.000000e+00  1.000000e+01 -1.000000e+01
     vertex  2.000000e+00  9.000000e+00 -1.000000e+01
     vertex  4.000000e+00  7.000000e+00 -1.000000e+01
   endloop
 endfacet
 facet normal  0.000000e+00  0.000000e+00  1.000000e+00
   outer loop
     vertex  3.000000e+00  1.000000e+01 -1.000000e+01
     vertex -3.000000e+00  1.000000e+01 -1.000000e+01
     vertex  2.000000e+00  9.000000e+00 -1.000000e+01
   endloop
 endfacet
 facet normal  0.000000e+00  0.000000e+00  1.000000e+00
   outer loop
     vertex  3.000000e+00  1.000000e+01 -1.000000e+01
     vertex  4.000000e+00  7.000000e+00 -1.000000e+01
     vertex  5.000000e+00  8.000000e+00 -1.000000e+01
   endloop
 endfacet
 facet normal -7.071068e-01  7.071068e-01 -1.256074e-16
   outer loop
     vertex -3.000000e+00  1.000000e+01 -1.000000e+01
     vertex -3.000000e+00  1.000000e+01 -1.500000e+01
     vertex -5.000000e+00  8.000000e+00 -1.300000e+01
   endloop
 endfacet
 facet normal -7.071068e-01  7.071068e-01 -2.093457e-16
   outer loop
     vertex -3.000000e+00  1.000000e+01 -1.000000e+01
     vertex -5.000000e+00  8.000000e+00 -1.300000e+01
     vertex -5.000000e+00  8.000000e+00 -1.000000e+01
   endloop
 endfacet
 facet normal -7.071068e-01 -0.000000e+00 -7.071068e-01
   outer loop
     vertex -5.000000e+00  8.000000e+00 -1.300000e+01
     vertex -3.000000e+00 -1.000000e+01 -1.500000e+01
     vertex -5.000000e+00 -8.000000e+00 -1.300000e+01
   endloop
 endfacet
 facet normal -7.071068e-01 -0.000000e+00 -7.071068e-01
   outer loop
     vertex -3.000000e+00  1.000000e+01 -1.500000e+01
     vertex -3.000000e+00 -1.000000e+01 -1.500000e+01
     vertex -5.000000e+00  8.000000e+00 -1.300000e+01
   endloop
 endfacet
 facet normal  0.000000e+00 -1.000000e+00  0.000000e+00
   outer loop
     vertex  3.000000e+00 -1.000000e+01  1.500000e+01
     vertex -3.000000e+00 -1.000000e+01 -1.500000e+01
     vertex  3.000000e+00 -1.000000e+01 -1.500000e+01
   endloop
 endfacet
 facet normal -0.000000e+00 -1.000000e+00  0.000000e+00
   outer loop
     vertex  3.000000e+00 -1.000000e+01  1.500000e+01
     vertex -3.000000e+00 -1.000000e+01  1.500000e+01
     vertex -3.000000e+00 -1.000000e+01 -1.500000e+01
   endloop
 endfacet
 facet normal  0.000000e+00  0.000000e+00  1.000000e+00
   outer loop
     vertex  3.000000e+00  1.000000e+01  1.500000e+01
     vertex -3.000000e+00  1.000000e+01  1.500000e+01
     vertex -3.000000e+00 -1.000000e+01  1.500000e+01
   endloop
 endfacet
 facet normal  0.000000e+00  0.000000e+00  1.000000e+00
   outer loop
     vertex  3.000000e+00  1.000000e+01  1.500000e+01
     vertex -3.000000e+00 -1.000000e+01  1.500000e+01
     vertex  3.000000e+00 -1.000000e+01  1.500000e+01
   endloop
 endfacet
 facet normal  0.000000e+00 -0.000000e+00 -1.000000e+00
   outer loop
     vertex -3.000000e+00  1.000000e+01  1.000000e+01
     vertex -3.000000e+00  8.000000e+00  1.000000e+01
     vertex -5.000000e+00  8.000000e+00  1.000000e+01
   endloop
 endfacet
 facet normal  0.000000e+00  0.000000e+00 -1.000000e+00
   outer loop
     vertex -3.000000e+00  1.000000e+01  1.000000e+01
     vertex -2.000000e+00  9.000000e+00  1.000000e+01
     vertex -3.000000e+00  8.000000e+00  1.000000e+01
   endloop
 endfacet
 facet normal  0.000000e+00  0.000000e+00 -1.000000e+00
   outer loop
     vertex  2.000000e+00  9.000000e+00  1.000000e+01
     vertex -2.000000e+00  9.000000e+00  1.000000e+01
     vertex -3.000000e+00  1.000000e+01  1.000000e+01
   endloop
 endfacet
 facet normal  0.000000e+00 -0.000000e+00 -1.000000e+00
   outer loop
     vertex  3.000000e+00  1.000000e+01  1.000000e+01
     vertex  3.000000e+00  8.000000e+00  1.000000e+01
     vertex  2.000000e+00  9.000000e+00  1.000000e+01
   endloop
 endfacet
 facet normal  0.000000e+00  0.000000e+00 -1.000000e+00
   outer loop
     vertex  3.000000e+00  1.000000e+01  1.000000e+01
     vertex  5.000000e+00  8.000000e+00  1.000000e+01
     vertex  3.000000e+00  8.000000e+00  1.000000e+01
   endloop
 endfacet
 facet normal -0.000000e+00  0.000000e+00 -1.000000e+00
   outer loop
     vertex  3.000000e+00  1.000000e+01  1.000000e+01
     vertex  2.000000e+00  9.000000e+00  1.000000e+01
     vertex -3.000000e+00  1.000000e+01  1.000000e+01
   endloop
 endfacet
 facet normal  0.000000e+00  1.000000e+00  0.000000e+00
   outer loop
     vertex  3.000000e+00  1.000000e+01  1.500000e+01
     vertex  3.000000e+00  1.000000e+01  1.000000e+01
     vertex -3.000000e+00  1.000000e+01  1.000000e+01
   endloop
 endfacet
 facet normal  0.000000e+00  1.000000e+00  0.000000e+00
   outer loop
     vertex  3.000000e+00  1.000000e+01  1.500000e+01
     vertex -3.000000e+00  1.000000e+01  1.000000e+01
     vertex -3.000000e+00  1.000000e+01  1.500000e+01
   endloop
 endfacet
 facet normal  1.000000e+00 -0.000000e+00  0.000000e+00
   outer loop
     vertex -4.000000e+00  3.000000e+00 -1.000000e+01
     vertex -4.000000e+00  7.000000e+00 -1.200000e+01
     vertex -4.000000e+00  7.000000e+00 -1.000000e+01
   endloop
 endfacet
 facet normal  1.000000e+00  0.000000e+00  0.000000e+00
   outer loop
     vertex -4.000000e+00  2.852797e+00 -9.996386e+00
     vertex -4.000000e+00  7.000000e+00 -1.200000e+01
     vertex -4.000000e+00  3.000000e+00 -1.000000e+01
   endloop
 endfacet
 facet normal  1.000000e+00  0.000000e+00  0.000000e+00
   outer loop
     vertex -4.000000e+00  2.705949e+00 -9.985554e+00
     vertex -4.000000e+00  7.000000e+00 -1.200000e+01
     vertex -4.000000e+00  2.852797e+00 -9.996386e+00
   endloop
 endfacet
 facet normal  1.000000e+00  0.000000e+00  0.000000e+00
   outer loop
     vertex -4.000000e+00  2.559809e+00 -9.967530e+00
     vertex -4.000000e+00  7.000000e+00 -1.200000e+01
     vertex -4.000000e+00  2.705949e+00 -9.985554e+00
   endloop
 endfacet
 facet normal  1.000000e+00  0.000000e+00  0.000000e+00
   outer loop
     vertex -4.000000e+00  2.414729e+00 -9.942356e+00
     vertex -4.000000e+00  7.000000e+00 -1.200000e+01
     vertex -4.000000e+00  2.559809e+00 -9.967530e+00
   endloop
 endfacet
 facet normal  1.000000e+00  0.000000e+00  0.000000e+00
   outer loop
     vertex -4.000000e+00 -7.000000e+00 -1.200000e+01
     vertex -4.000000e+00  3.613631e-03 -7.147203e+00
     vertex -4.000000e+00  0.000000e+00 -7.000000e+00
   endloop
 endfacet
 facet normal  1.000000e+00  0.000000e+00  0.000000e+00
   outer loop
     vertex -4.000000e+00 -7.000000e+00 -1.200000e+01
     vertex -4.000000e+00  1.444582e-02 -7.294051e+00
     vertex -4.000000e+00  3.613631e-03 -7.147203e+00
   endloop
 endfacet
 facet normal  1.000000e+00  0.000000e+00  0.000000e+00
   outer loop
     vertex -4.000000e+00 -7.000000e+00 -1.200000e+01
     vertex -4.000000e+00  3.247047e-02 -7.440191e+00
     vertex -4.000000e+00  1.444582e-02 -7.294051e+00
   endloop
 endfacet
 facet normal  1.000000e+00  0.000000e+00  0.000000e+00
   outer loop
     vertex -4.000000e+00 -7.000000e+00 -1.200000e+01
     vertex -4.000000e+00  5.764416e-02 -7.585271e+00
     vertex -4.000000e+00  3.247047e-02 -7.440191e+00
   endloop
 endfacet
 facet normal  1.000000e+00  0.000000e+00  0.000000e+00
   outer loop
     vertex -4.000000e+00 -7.000000e+00 -1.200000e+01
     vertex -4.000000e+00  8.990624e-02 -7.728941e+00
     vertex -4.000000e+00  5.764416e-02 -7.585271e+00
   endloop
 endfacet
 facet normal  1.000000e+00  0.000000e+00  0.000000e+00
   outer loop
     vertex -4.000000e+00 -7.000000e+00 -1.200000e+01
     vertex -4.000000e+00  1.291790e-01 -7.870854e+00
     vertex -4.000000e+00  8.990624e-02 -7.728941e+00
   endloop
 endfacet
 facet normal  1.000000e+00  0.000000e+00  0.000000e+00
   outer loop
     vertex -4.000000e+00 -7.000000e+00 -1.200000e+01
     vertex -4.000000e+00  1.753678e-01 -8.010670e+00
     vertex -4.000000e+00  1.291790e-01 -7.870854e+00
   endloop
 endfacet
 facet normal  1.000000e+00  0.000000e+00  0.000000e+00
   outer loop
     vertex -4.000000e+00 -7.000000e+00 -1.200000e+01
     vertex -4.000000e+00  2.283614e-01 -8.148050e+00
     vertex -4.000000e+00  1.753678e-01 -8.010670e+00
   endloop
 endfacet
 facet normal  1.000000e+00  0.000000e+00  0.000000e+00
   outer loop
     vertex -4.000000e+00 -7.000000e+00 -1.200000e+01
     vertex -4.000000e+00  2.880321e-01 -8.282665e+00
     vertex -4.000000e+00  2.283614e-01 -8.148050e+00
   endloop
 endfacet
 facet normal  1.000000e+00  0.000000e+00  0.000000e+00
   outer loop
     vertex -4.000000e+00 -7.000000e+00 -1.200000e+01
     vertex -4.000000e+00  3.542362e-01 -8.414190e+00
     vertex -4.000000e+00  2.880321e-01 -8.282665e+00
   endloop
 endfacet
 facet normal  1.000000e+00  0.000000e+00  0.000000e+00
   outer loop
     vertex -4.000000e+00 -7.000000e+00 -1.200000e+01
     vertex -4.000000e+00  4.268142e-01 -8.542308e+00
     vertex -4.000000e+00  3.542362e-01 -8.414190e+00
   endloop
 endfacet
 facet normal  1.000000e+00  0.000000e+00  0.000000e+00
   outer loop
     vertex -4.000000e+00 -7.000000e+00 -1.200000e+01
     vertex -4.000000e+00  5.055912e-01 -8.666711e+00
     vertex -4.000000e+00  4.268142e-01 -8.542308e+00
   endloop
 endfacet
 facet normal  1.000000e+00  0.000000e+00  0.000000e+00
   outer loop
     vertex -4.000000e+00 -7.000000e+00 -1.200000e+01
     vertex -4.000000e+00  5.903774e-01 -8.787098e+00
     vertex -4.000000e+00  5.055912e-01 -8.666711e+00
   endloop
 endfacet
 facet normal  1.000000e+00  0.000000e+00  0.000000e+00
   outer loop
     vertex -4.000000e+00 -7.000000e+00 -1.200000e+01
     vertex -4.000000e+00  6.809686e-01 -8.903180e+00
     vertex -4.000000e+00  5.903774e-01 -8.787098e+00
   endloop
 endfacet
 facet normal  1.000000e+00  0.000000e+00  0.000000e+00
   outer loop
     vertex -4.000000e+00 -7.000000e+00 -1.200000e+01
     vertex -4.000000e+00  7.771466e-01 -9.014677e+00
     vertex -4.000000e+00  6.809686e-01 -8.903180e+00
   endloop
 endfacet
 facet normal  1.000000e+00  0.000000e+00  0.000000e+00
   outer loop
     vertex -4.000000e+00 -7.000000e+00 -1.200000e+01
     vertex -4.000000e+00  8.786797e-01 -9.121320e+00
     vertex -4.000000e+00  7.771466e-01 -9.014677e+00
   endloop
 endfacet
 facet normal  1.000000e+00  0.000000e+00  0.000000e+00
   outer loop
     vertex -4.000000e+00 -7.000000e+00 -1.200000e+01
     vertex -4.000000e+00  9.853231e-01 -9.222853e+00
     vertex -4.000000e+00  8.786797e-01 -9.121320e+00
   endloop
 endfacet
 facet normal  1.000000e+00  0.000000e+00  0.000000e+00
   outer loop
     vertex -4.000000e+00 -7.000000e+00 -1.200000e+01
     vertex -4.000000e+00  1.096820e+00 -9.319031e+00
     vertex -4.000000e+00  9.853231e-01 -9.222853e+00
   endloop
 endfacet
 facet normal  1.000000e+00  0.000000e+00  0.000000e+00
   outer loop
     vertex -4.000000e+00 -7.000000e+00 -1.200000e+01
     vertex -4.000000e+00  1.212902e+00 -9.409623e+00
     vertex -4.000000e+00  1.096820e+00 -9.319031e+00
   endloop
 endfacet
 facet normal  1.000000e+00  0.000000e+00  0.000000e+00
   outer loop
     vertex -4.000000e+00 -7.000000e+00 -1.200000e+01
     vertex -4.000000e+00  1.333289e+00 -9.494409e+00
     vertex -4.000000e+00  1.212902e+00 -9.409623e+00
   endloop
 endfacet
 facet normal  1.000000e+00  0.000000e+00  0.000000e+00
   outer loop
     vertex -4.000000e+00 -7.000000e+00 -1.200000e+01
     vertex -4.000000e+00  1.457692e+00 -9.573186e+00
     vertex -4.000000e+00  1.333289e+00 -9.494409e+00
   endloop
 endfacet
 facet normal  1.000000e+00  0.000000e+00  0.000000e+00
   outer loop
     vertex -4.000000e+00 -7.000000e+00 -1.200000e+01
     vertex -4.000000e+00  1.585810e+00 -9.645764e+00
     vertex -4.000000e+00  1.457692e+00 -9.573186e+00
   endloop
 endfacet
 facet normal  1.000000e+00  0.000000e+00  0.000000e+00
   outer loop
     vertex -4.000000e+00 -7.000000e+00 -1.200000e+01
     vertex -4.000000e+00  1.717335e+00 -9.711968e+00
     vertex -4.000000e+00  1.585810e+00 -9.645764e+00
   endloop
 endfacet
 facet normal  1.000000e+00  0.000000e+00  0.000000e+00
   outer loop
     vertex -4.000000e+00 -7.000000e+00 -1.200000e+01
     vertex -4.000000e+00  1.851950e+00 -9.771639e+00
     vertex -4.000000e+00  1.717335e+00 -9.711968e+00
   endloop
 endfacet
 facet normal  1.000000e+00  0.000000e+00  0.000000e+00
   outer loop
     vertex -4.000000e+00 -7.000000e+00 -1.200000e+01
     vertex -4.000000e+00  1.989330e+00 -9.824632e+00
     vertex -4.000000e+00  1.851950e+00 -9.771639e+00
   endloop
 endfacet
 facet normal  1.000000e+00  0.000000e+00  0.000000e+00
   outer loop
     vertex -4.000000e+00 -7.000000e+00 -1.200000e+01
     vertex -4.000000e+00  2.129146e+00 -9.870821e+00
     vertex -4.000000e+00  1.989330e+00 -9.824632e+00
   endloop
 endfacet
 facet normal  1.000000e+00  0.000000e+00  0.000000e+00
   outer loop
     vertex -4.000000e+00 -7.000000e+00 -1.200000e+01
     vertex -4.000000e+00  2.271059e+00 -9.910094e+00
     vertex -4.000000e+00  2.129146e+00 -9.870821e+00
   endloop
 endfacet
 facet normal  1.000000e+00  0.000000e+00  0.000000e+00
   outer loop
     vertex -4.000000e+00 -7.000000e+00 -1.200000e+01
     vertex -4.000000e+00  2.414729e+00 -9.942356e+00
     vertex -4.000000e+00  2.271059e+00 -9.910094e+00
   endloop
 endfacet
 facet normal  1.000000e+00  0.000000e+00  0.000000e+00
   outer loop
     vertex -4.000000e+00 -7.000000e+00 -1.200000e+01
     vertex -4.000000e+00  7.000000e+00 -1.200000e+01
     vertex -4.000000e+00  2.414729e+00 -9.942356e+00
   endloop
 endfacet
 facet normal  1.000000e+00  0.000000e+00  0.000000e+00
   outer loop
     vertex -4.000000e+00  0.000000e+00 -4.000000e+00
     vertex -4.000000e+00 -7.000000e+00 -1.200000e+01
     vertex -4.000000e+00  0.000000e+00 -7.000000e+00
   endloop
 endfacet
 facet normal  1.000000e+00  0.000000e+00  0.000000e+00
   outer loop
     vertex -4.000000e+00  5.000000e+00  4.000000e+00
     vertex -4.000000e+00  0.000000e+00 -4.000000e+00
     vertex -4.000000e+00  7.000000e+00 -4.000000e+00
   endloop
 endfacet
 facet normal  1.000000e+00 -0.000000e+00  0.000000e+00
   outer loop
     vertex -4.000000e+00  5.000000e+00  4.000000e+00
     vertex -4.000000e+00  7.000000e+00 -4.000000e+00
     vertex -4.000000e+00  7.000000e+00  4.000000e+00
   endloop
 endfacet
 facet normal  1.000000e+00  0.000000e+00  0.000000e+00
   outer loop
     vertex -4.000000e+00  7.000000e+00  1.200000e+01
     vertex -4.000000e+00  6.862001e+00  9.775781e+00
     vertex -4.000000e+00  7.000000e+00  9.828427e+00
   endloop
 endfacet
 facet normal  1.000000e+00  0.000000e+00  0.000000e+00
   outer loop
     vertex -4.000000e+00  7.000000e+00  1.200000e+01
     vertex -4.000000e+00  6.726761e+00  9.716406e+00
     vertex -4.000000e+00  6.862001e+00  9.775781e+00
   endloop
 endfacet
 facet normal  1.000000e+00  0.000000e+00  0.000000e+00
   outer loop
     vertex -4.000000e+00  7.000000e+00  1.200000e+01
     vertex -4.000000e+00  6.594606e+00  9.650447e+00
     vertex -4.000000e+00  6.726761e+00  9.716406e+00
   endloop
 endfacet
 facet normal  1.000000e+00  0.000000e+00  0.000000e+00
   outer loop
     vertex -4.000000e+00  7.000000e+00  1.200000e+01
     vertex -4.000000e+00  6.465859e+00  9.578063e+00
     vertex -4.000000e+00  6.594606e+00  9.650447e+00
   endloop
 endfacet
 facet normal  1.000000e+00  0.000000e+00  0.000000e+00
   outer loop
     vertex -4.000000e+00  7.000000e+00  1.200000e+01
     vertex -4.000000e+00  6.340830e+00  9.499431e+00
     vertex -4.000000e+00  6.465859e+00  9.578063e+00
   endloop
 endfacet
 facet normal  1.000000e+00  0.000000e+00  0.000000e+00
   outer loop
     vertex -4.000000e+00  7.000000e+00  1.200000e+01
     vertex -4.000000e+00  6.219822e+00  9.414740e+00
     vertex -4.000000e+00  6.340830e+00  9.499431e+00
   endloop
 endfacet
 facet normal  1.000000e+00  0.000000e+00  0.000000e+00
   outer loop
     vertex -4.000000e+00  7.000000e+00  1.200000e+01
     vertex -4.000000e+00  6.103130e+00  9.324195e+00
     vertex -4.000000e+00  6.219822e+00  9.414740e+00
   endloop
 endfacet
 facet normal  1.000000e+00  0.000000e+00  0.000000e+00
   outer loop
     vertex -4.000000e+00  7.000000e+00  1.200000e+01
     vertex -4.000000e+00  5.991036e+00  9.228017e+00
     vertex -4.000000e+00  6.103130e+00  9.324195e+00
   endloop
 endfacet
 facet normal  1.000000e+00  0.000000e+00  0.000000e+00
   outer loop
     vertex -4.000000e+00  7.000000e+00  1.200000e+01
     vertex -4.000000e+00  5.883811e+00  9.126439e+00
     vertex -4.000000e+00  5.991036e+00  9.228017e+00
   endloop
 endfacet
 facet normal  1.000000e+00  0.000000e+00  0.000000e+00
   outer loop
     vertex -4.000000e+00  7.000000e+00  1.200000e+01
     vertex -4.000000e+00  5.781715e+00  9.019706e+00
     vertex -4.000000e+00  5.883811e+00  9.126439e+00
   endloop
 endfacet
 facet normal  1.000000e+00  0.000000e+00  0.000000e+00
   outer loop
     vertex -4.000000e+00  7.000000e+00  1.200000e+01
     vertex -4.000000e+00  5.684997e+00  8.908078e+00
     vertex -4.000000e+00  5.781715e+00  9.019706e+00
   endloop
 endfacet
 facet normal  1.000000e+00  0.000000e+00  0.000000e+00
   outer loop
     vertex -4.000000e+00  7.000000e+00  1.200000e+01
     vertex -4.000000e+00  5.593890e+00  8.791824e+00
     vertex -4.000000e+00  5.684997e+00  8.908078e+00
   endloop
 endfacet
 facet normal  1.000000e+00  0.000000e+00  0.000000e+00
   outer loop
     vertex -4.000000e+00 -7.000000e+00  1.200000e+01
     vertex -4.000000e+00  0.000000e+00 -4.000000e+00
     vertex -4.000000e+00  5.000000e+00  4.000000e+00
   endloop
 endfacet
 facet normal  1.000000e+00  0.000000e+00  0.000000e+00
   outer loop
     vertex -4.000000e+00 -7.000000e+00  1.200000e+01
     vertex -4.000000e+00 -7.000000e+00 -1.200000e+01
     vertex -4.000000e+00  0.000000e+00 -4.000000e+00
   endloop
 endfacet
 facet normal  1.000000e+00  0.000000e+00  0.000000e+00
   outer loop
     vertex -4.000000e+00 -7.000000e+00  1.200000e+01
     vertex -4.000000e+00  5.000000e+00  4.000000e+00
     vertex -4.000000e+00  5.000000e+00  7.000000e+00
   endloop
 endfacet
 facet normal  1.000000e+00  0.000000e+00  0.000000e+00
   outer loop
     vertex -4.000000e+00 -7.000000e+00  1.200000e+01
     vertex -4.000000e+00  5.508615e+00  8.671228e+00
     vertex -4.000000e+00  5.593890e+00  8.791824e+00
   endloop
 endfacet
 facet normal  1.000000e+00  0.000000e+00  0.000000e+00
   outer loop
     vertex -4.000000e+00 -7.000000e+00  1.200000e+01
     vertex -4.000000e+00  5.429379e+00  8.546580e+00
     vertex -4.000000e+00  5.508615e+00  8.671228e+00
   endloop
 endfacet
 facet normal  1.000000e+00  0.000000e+00  0.000000e+00
   outer loop
     vertex -4.000000e+00 -7.000000e+00  1.200000e+01
     vertex -4.000000e+00  5.356375e+00  8.418183e+00
     vertex -4.000000e+00  5.429379e+00  8.546580e+00
   endloop
 endfacet
 facet normal  1.000000e+00  0.000000e+00  0.000000e+00
   outer loop
     vertex -4.000000e+00 -7.000000e+00  1.200000e+01
     vertex -4.000000e+00  5.289778e+00  8.286349e+00
     vertex -4.000000e+00  5.356375e+00  8.418183e+00
   endloop
 endfacet
 facet normal  1.000000e+00  0.000000e+00  0.000000e+00
   outer loop
     vertex -4.000000e+00 -7.000000e+00  1.200000e+01
     vertex -4.000000e+00  5.229750e+00  8.151397e+00
     vertex -4.000000e+00  5.289778e+00  8.286349e+00
   endloop
 endfacet
 facet normal  1.000000e+00  0.000000e+00  0.000000e+00
   outer loop
     vertex -4.000000e+00 -7.000000e+00  1.200000e+01
     vertex -4.000000e+00  5.176438e+00  8.013654e+00
     vertex -4.000000e+00  5.229750e+00  8.151397e+00
   endloop
 endfacet
 facet normal  1.000000e+00  0.000000e+00  0.000000e+00
   outer loop
     vertex -4.000000e+00 -7.000000e+00  1.200000e+01
     vertex -4.000000e+00  5.129969e+00  7.873454e+00
     vertex -4.000000e+00  5.176438e+00  8.013654e+00
   endloop
 endfacet
 facet normal  1.000000e+00  0.000000e+00  0.000000e+00
   outer loop
     vertex -4.000000e+00 -7.000000e+00  1.200000e+01
     vertex -4.000000e+00  5.090457e+00  7.731137e+00
     vertex -4.000000e+00  5.129969e+00  7.873454e+00
   endloop
 endfacet
 facet normal  1.000000e+00  0.000000e+00  0.000000e+00
   outer loop
     vertex -4.000000e+00 -7.000000e+00  1.200000e+01
     vertex -4.000000e+00  5.057998e+00  7.587048e+00
     vertex -4.000000e+00  5.090457e+00  7.731137e+00
   endloop
 endfacet
 facet normal  1.000000e+00  0.000000e+00  0.000000e+00
   outer loop
     vertex -4.000000e+00 -7.000000e+00  1.200000e+01
     vertex -4.000000e+00  5.032670e+00  7.441536e+00
     vertex -4.000000e+00  5.057998e+00  7.587048e+00
   endloop
 endfacet
 facet normal  1.000000e+00  0.000000e+00  0.000000e+00
   outer loop
     vertex -4.000000e+00 -7.000000e+00  1.200000e+01
     vertex -4.000000e+00  5.014535e+00  7.294953e+00
     vertex -4.000000e+00  5.032670e+00  7.441536e+00
   endloop
 endfacet
 facet normal  1.000000e+00  0.000000e+00  0.000000e+00
   outer loop
     vertex -4.000000e+00 -7.000000e+00  1.200000e+01
     vertex -4.000000e+00  5.003636e+00  7.147655e+00
     vertex -4.000000e+00  5.014535e+00  7.294953e+00
   endloop
 endfacet
 facet normal  1.000000e+00  0.000000e+00  0.000000e+00
   outer loop
     vertex -4.000000e+00 -7.000000e+00  1.200000e+01
     vertex -4.000000e+00  5.000000e+00  7.000000e+00
     vertex -4.000000e+00  5.003636e+00  7.147655e+00
   endloop
 endfacet
 facet normal  1.000000e+00 -0.000000e+00  0.000000e+00
   outer loop
     vertex -4.000000e+00 -7.000000e+00  1.200000e+01
     vertex -4.000000e+00  5.593890e+00  8.791824e+00
     vertex -4.000000e+00  7.000000e+00  1.200000e+01
   endloop
 endfacet
 facet normal  7.071068e-01 -7.071068e-01 -4.558048e-15
   outer loop
     vertex -4.000000e+00  7.000000e+00  1.200000e+01
     vertex -3.169828e+00  7.830172e+00  9.995189e+00
     vertex -3.000000e+00  8.000000e+00  1.000000e+01
   endloop
 endfacet
 facet normal  7.071068e-01 -7.071068e-01  0.000000e+00
   outer loop
     vertex -4.000000e+00  7.000000e+00  1.200000e+01
     vertex -3.339111e+00  7.660889e+00  9.980772e+00
     vertex -3.169828e+00  7.830172e+00  9.995189e+00
   endloop
 endfacet
 facet normal  7.071068e-01 -7.071068e-01 -1.104235e-15
   outer loop
     vertex -4.000000e+00  7.000000e+00  1.200000e+01
     vertex -3.507306e+00  7.492694e+00  9.956796e+00
     vertex -3.339111e+00  7.660889e+00  9.980772e+00
   endloop
 endfacet
 facet normal  7.071068e-01 -7.071068e-01 -2.750159e-16
   outer loop
     vertex -4.000000e+00  7.000000e+00  1.200000e+01
     vertex -3.673874e+00  7.326126e+00  9.923336e+00
     vertex -3.507306e+00  7.492694e+00  9.956796e+00
   endloop
 endfacet
 facet normal  7.071068e-01 -7.071068e-01 -5.798581e-16
   outer loop
     vertex -4.000000e+00  7.000000e+00  1.200000e+01
     vertex -3.838281e+00  7.161719e+00  9.880501e+00
     vertex -3.673874e+00  7.326126e+00  9.923336e+00
   endloop
 endfacet
 facet normal  7.071068e-01 -7.071068e-01  0.000000e+00
   outer loop
     vertex -4.000000e+00  7.000000e+00  1.200000e+01
     vertex -4.000000e+00  7.000000e+00  9.828427e+00
     vertex -3.838281e+00  7.161719e+00  9.880501e+00
   endloop
 endfacet
 facet normal  7.071068e-01 -7.071068e-01  0.000000e+00
   outer loop
     vertex -2.000000e+00  9.000000e+00  1.000000e+01
     vertex -4.000000e+00  7.000000e+00  1.200000e+01
     vertex -3.000000e+00  8.000000e+00  1.000000e+01
   endloop
 endfacet
 facet normal  7.071068e-01 -7.071068e-01 -1.177569e-16
   outer loop
     vertex -2.000000e+00  9.000000e+00  1.400000e+01
     vertex -4.000000e+00  7.000000e+00  1.200000e+01
     vertex -2.000000e+00  9.000000e+00  1.000000e+01
   endloop
 endfacet
 facet normal  0.000000e+00  1.000000e+00  0.000000e+00
   outer loop
     vertex  3.000000e+00  1.000000e+01  4.000000e+00
     vertex  3.000000e+00  1.000000e+01 -4.000000e+00
     vertex -3.000000e+00  1.000000e+01 -4.000000e+00
   endloop
 endfacet
 facet normal  0.000000e+00  1.000000e+00  0.000000e+00
   outer loop
     vertex  3.000000e+00  1.000000e+01  4.000000e+00
     vertex -3.000000e+00  1.000000e+01 -4.000000e+00
     vertex -3.000000e+00  1.000000e+01  4.000000e+00
   endloop
 endfacet
 facet normal  7.071068e-01  7.071068e-01  0.000000e+00
   outer loop
     vertex  3.000000e+00  1.000000e+01  4.000000e+00
     vertex  5.000000e+00  8.000000e+00 -4.000000e+00
     vertex  3.000000e+00  1.000000e+01 -4.000000e+00
   endloop
 endfacet
 facet normal  7.071068e-01  7.071068e-01  0.000000e+00
   outer loop
     vertex  3.000000e+00  1.000000e+01  4.000000e+00
     vertex  5.000000e+00  8.000000e+00  4.000000e+00
     vertex  5.000000e+00  8.000000e+00 -4.000000e+00
   endloop
 endfacet
 facet normal  1.000000e+00  0.000000e+00 -2.960595e-16
   outer loop
     vertex  5.000000e+00  3.000000e+00 -1.000000e+01
     vertex  5.000000e+00  8.000000e+00 -1.300000e+01
     vertex  5.000000e+00  8.000000e+00 -1.000000e+01
   endloop
 endfacet
 facet normal  1.000000e+00 -7.577897e-18 -3.086893e-16
   outer loop
     vertex  5.000000e+00  2.852797e+00 -9.996386e+00
     vertex  5.000000e+00  8.000000e+00 -1.300000e+01
     vertex  5.000000e+00  3.000000e+00 -1.000000e+01
   endloop
 endfacet
 facet normal  1.000000e+00 -2.496862e-17 -3.384913e-16
   outer loop
     vertex  5.000000e+00  2.705949e+00 -9.985554e+00
     vertex  5.000000e+00  8.000000e+00 -1.300000e+01
     vertex  5.000000e+00  2.852797e+00 -9.996386e+00
   endloop
 endfacet
 facet normal  1.000000e+00 -4.638872e-17 -3.761098e-16
   outer loop
     vertex  5.000000e+00  2.559809e+00 -9.967530e+00
     vertex  5.000000e+00  8.000000e+00 -1.300000e+01
     vertex  5.000000e+00  2.705949e+00 -9.985554e+00
   endloop
 endfacet
 facet normal  1.000000e+00 -7.379124e-17 -4.252694e-16
   outer loop
     vertex  5.000000e+00  2.414729e+00 -9.942356e+00
     vertex  5.000000e+00  8.000000e+00 -1.300000e+01
     vertex  5.000000e+00  2.559809e+00 -9.967530e+00
   endloop
 endfacet
 facet normal  1.000000e+00 -1.090152e-16 -2.676172e-18
   outer loop
     vertex  5.000000e+00 -8.000000e+00 -1.300000e+01
     vertex  5.000000e+00  3.613631e-03 -7.147203e+00
     vertex  5.000000e+00  0.000000e+00 -7.000000e+00
   endloop
 endfacet
 facet normal  1.000000e+00 -1.052925e-16 -7.766843e-18
   outer loop
     vertex  5.000000e+00 -8.000000e+00 -1.300000e+01
     vertex  5.000000e+00  1.444582e-02 -7.294051e+00
     vertex  5.000000e+00  3.613631e-03 -7.147203e+00
   endloop
 endfacet
 facet normal  1.000000e+00 -1.018763e-16 -1.256524e-17
   outer loop
     vertex  5.000000e+00 -8.000000e+00 -1.300000e+01
     vertex  5.000000e+00  3.247047e-02 -7.440191e+00
     vertex  5.000000e+00  1.444582e-02 -7.294051e+00
   endloop
 endfacet
 facet normal  1.000000e+00 -9.871733e-17 -1.712908e-17
   outer loop
     vertex  5.000000e+00 -8.000000e+00 -1.300000e+01
     vertex  5.000000e+00  5.764416e-02 -7.585271e+00
     vertex  5.000000e+00  3.247047e-02 -7.440191e+00
   endloop
 endfacet
 facet normal  1.000000e+00 -9.577532e-17 -2.150707e-17
   outer loop
     vertex  5.000000e+00 -8.000000e+00 -1.300000e+01
     vertex  5.000000e+00  8.990624e-02 -7.728941e+00
     vertex  5.000000e+00  5.764416e-02 -7.585271e+00
   endloop
 endfacet
 facet normal  1.000000e+00 -9.301656e-17 -2.574115e-17
   outer loop
     vertex  5.000000e+00 -8.000000e+00 -1.300000e+01
     vertex  5.000000e+00  1.291790e-01 -7.870854e+00
     vertex  5.000000e+00  8.990624e-02 -7.728941e+00
   endloop
 endfacet
 facet normal  1.000000e+00 -9.041254e-17 -2.986827e-17
   outer loop
     vertex  5.000000e+00 -8.000000e+00 -1.300000e+01
     vertex  5.000000e+00  1.753678e-01 -8.010670e+00
     vertex  5.000000e+00  1.291790e-01 -7.870854e+00
   endloop
 endfacet
 facet normal  1.000000e+00 -8.793876e-17 -3.392172e-17
   outer loop
     vertex  5.000000e+00 -8.000000e+00 -1.300000e+01
     vertex  5.000000e+00  2.283614e-01 -8.148050e+00
     vertex  5.000000e+00  1.753678e-01 -8.010670e+00
   endloop
 endfacet
 facet normal  1.000000e+00 -8.557388e-17 -3.793229e-17
   outer loop
     vertex  5.000000e+00 -8.000000e+00 -1.300000e+01
     vertex  5.000000e+00  2.880321e-01 -8.282665e+00
     vertex  5.000000e+00  2.283614e-01 -8.148050e+00
   endloop
 endfacet
 facet normal  1.000000e+00 -8.329896e-17 -4.192917e-17
   outer loop
     vertex  5.000000e+00 -8.000000e+00 -1.300000e+01
     vertex  5.000000e+00  3.542362e-01 -8.414190e+00
     vertex  5.000000e+00  2.880321e-01 -8.282665e+00
   endloop
 endfacet
 facet normal  1.000000e+00 -8.109689e-17 -4.594082e-17
   outer loop
     vertex  5.000000e+00 -8.000000e+00 -1.300000e+01
     vertex  5.000000e+00  4.268142e-01 -8.542308e+00
     vertex  5.000000e+00  3.542362e-01 -8.414190e+00
   endloop
 endfacet
 facet normal  1.000000e+00 -7.895189e-17 -4.999573e-17
   outer loop
     vertex  5.000000e+00 -8.000000e+00 -1.300000e+01
     vertex  5.000000e+00  5.055912e-01 -8.666711e+00
     vertex  5.000000e+00  4.268142e-01 -8.542308e+00
   endloop
 endfacet
 facet normal  1.000000e+00 -7.684908e-17 -5.412323e-17
   outer loop
     vertex  5.000000e+00 -8.000000e+00 -1.300000e+01
     vertex  5.000000e+00  5.903774e-01 -8.787098e+00
     vertex  5.000000e+00  5.055912e-01 -8.666711e+00
   endloop
 endfacet
 facet normal  1.000000e+00 -7.477408e-17 -5.835427e-17
   outer loop
     vertex  5.000000e+00 -8.000000e+00 -1.300000e+01
     vertex  5.000000e+00  6.809686e-01 -8.903180e+00
     vertex  5.000000e+00  5.903774e-01 -8.787098e+00
   endloop
 endfacet
 facet normal  1.000000e+00 -7.271265e-17 -6.272236e-17
   outer loop
     vertex  5.000000e+00 -8.000000e+00 -1.300000e+01
     vertex  5.000000e+00  7.771466e-01 -9.014677e+00
     vertex  5.000000e+00  6.809686e-01 -8.903180e+00
   endloop
 endfacet
 facet normal  1.000000e+00 -7.065021e-17 -6.726459e-17
   outer loop
     vertex  5.000000e+00 -8.000000e+00 -1.300000e+01
     vertex  5.000000e+00  8.786797e-01 -9.121320e+00
     vertex  5.000000e+00  7.771466e-01 -9.014677e+00
   endloop
 endfacet
 facet normal  1.000000e+00 -6.857152e-17 -7.202292e-17
   outer loop
     vertex  5.000000e+00 -8.000000e+00 -1.300000e+01
     vertex  5.000000e+00  9.853231e-01 -9.222853e+00
     vertex  5.000000e+00  8.786797e-01 -9.121320e+00
   endloop
 endfacet
 facet normal  1.000000e+00 -6.646010e-17 -7.704572e-17
   outer loop
     vertex  5.000000e+00 -8.000000e+00 -1.300000e+01
     vertex  5.000000e+00  1.096820e+00 -9.319031e+00
     vertex  5.000000e+00  9.853231e-01 -9.222853e+00
   endloop
 endfacet
 facet normal  1.000000e+00 -6.429764e-17 -8.238982e-17
   outer loop
     vertex  5.000000e+00 -8.000000e+00 -1.300000e+01
     vertex  5.000000e+00  1.212902e+00 -9.409623e+00
     vertex  5.000000e+00  1.096820e+00 -9.319031e+00
   endloop
 endfacet
 facet normal  1.000000e+00 -6.206331e-17 -8.812312e-17
   outer loop
     vertex  5.000000e+00 -8.000000e+00 -1.300000e+01
     vertex  5.000000e+00  1.333289e+00 -9.494409e+00
     vertex  5.000000e+00  1.212902e+00 -9.409623e+00
   endloop
 endfacet
 facet normal  1.000000e+00 -5.973267e-17 -9.432820e-17
   outer loop
     vertex  5.000000e+00 -8.000000e+00 -1.300000e+01
     vertex  5.000000e+00  1.457692e+00 -9.573186e+00
     vertex  5.000000e+00  1.333289e+00 -9.494409e+00
   endloop
 endfacet
 facet normal  1.000000e+00 -5.727647e-17 -1.011071e-16
   outer loop
     vertex  5.000000e+00 -8.000000e+00 -1.300000e+01
     vertex  5.000000e+00  1.585810e+00 -9.645764e+00
     vertex  5.000000e+00  1.457692e+00 -9.573186e+00
   endloop
 endfacet
 facet normal  1.000000e+00 -5.465871e-17 -1.085882e-16
   outer loop
     vertex  5.000000e+00 -8.000000e+00 -1.300000e+01
     vertex  5.000000e+00  1.717335e+00 -9.711968e+00
     vertex  5.000000e+00  1.585810e+00 -9.645764e+00
   endloop
 endfacet
 facet normal  1.000000e+00 -5.183412e-17 -1.169359e-16
   outer loop
     vertex  5.000000e+00 -8.000000e+00 -1.300000e+01
     vertex  5.000000e+00  1.851950e+00 -9.771639e+00
     vertex  5.000000e+00  1.717335e+00 -9.711968e+00
   endloop
 endfacet
 facet normal  1.000000e+00 -4.874433e-17 -1.263649e-16
   outer loop
     vertex  5.000000e+00 -8.000000e+00 -1.300000e+01
     vertex  5.000000e+00  1.989330e+00 -9.824632e+00
     vertex  5.000000e+00  1.851950e+00 -9.771639e+00
   endloop
 endfacet
 facet normal  1.000000e+00 -4.531221e-17 -1.371620e-16
   outer loop
     vertex  5.000000e+00 -8.000000e+00 -1.300000e+01
     vertex  5.000000e+00  2.129146e+00 -9.870821e+00
     vertex  5.000000e+00  1.989330e+00 -9.824632e+00
   endloop
 endfacet
 facet normal  1.000000e+00 -4.143291e-17 -1.497193e-16
   outer loop
     vertex  5.000000e+00 -8.000000e+00 -1.300000e+01
     vertex  5.000000e+00  2.271059e+00 -9.910094e+00
     vertex  5.000000e+00  2.129146e+00 -9.870821e+00
   endloop
 endfacet
 facet normal  1.000000e+00 -3.695964e-17 -1.645887e-16
   outer loop
     vertex  5.000000e+00 -8.000000e+00 -1.300000e+01
     vertex  5.000000e+00  2.414729e+00 -9.942356e+00
     vertex  5.000000e+00  2.271059e+00 -9.910094e+00
   endloop
 endfacet
 facet normal  1.000000e+00  0.000000e+00 -2.904780e-16
   outer loop
     vertex  5.000000e+00 -8.000000e+00 -1.300000e+01
     vertex  5.000000e+00  8.000000e+00 -1.300000e+01
     vertex  5.000000e+00  2.414729e+00 -9.942356e+00
   endloop
 endfacet
 facet normal  1.000000e+00 -1.110223e-16  0.000000e+00
   outer loop
     vertex  5.000000e+00  0.000000e+00 -4.000000e+00
     vertex  5.000000e+00 -8.000000e+00 -1.300000e+01
     vertex  5.000000e+00  0.000000e+00 -7.000000e+00
   endloop
 endfacet
 facet normal  1.000000e+00  0.000000e+00  0.000000e+00
   outer loop
     vertex  5.000000e+00  5.000000e+00  4.000000e+00
     vertex  5.000000e+00  0.000000e+00 -4.000000e+00
     vertex  5.000000e+00  8.000000e+00 -4.000000e+00
   endloop
 endfacet
 facet normal  1.000000e+00 -0.000000e+00  0.000000e+00
   outer loop
     vertex  5.000000e+00  5.000000e+00  4.000000e+00
     vertex  5.000000e+00  8.000000e+00 -4.000000e+00
     vertex  5.000000e+00  8.000000e+00  4.000000e+00
   endloop
 endfacet
 facet normal  1.000000e+00  0.000000e+00  0.000000e+00
   outer loop
     vertex  5.000000e+00  8.000000e+00  1.300000e+01
     vertex  5.000000e+00  7.852797e+00  9.996386e+00
     vertex  5.000000e+00  8.000000e+00  1.000000e+01
   endloop
 endfacet
 facet normal  1.000000e+00  0.000000e+00  0.000000e+00
   outer loop
     vertex  5.000000e+00  8.000000e+00  1.300000e+01
     vertex  5.000000e+00  7.705949e+00  9.985554e+00
     vertex  5.000000e+00  7.852797e+00  9.996386e+00
   endloop
 endfacet
 facet normal  1.000000e+00  0.000000e+00  0.000000e+00
   outer loop
     vertex  5.000000e+00  8.000000e+00  1.300000e+01
     vertex  5.000000e+00  7.559809e+00  9.967530e+00
     vertex  5.000000e+00  7.705949e+00  9.985554e+00
   endloop
 endfacet
 facet normal  1.000000e+00  0.000000e+00  0.000000e+00
   outer loop
     vertex  5.000000e+00  8.000000e+00  1.300000e+01
     vertex  5.000000e+00  7.414729e+00  9.942356e+00
     vertex  5.000000e+00  7.559809e+00  9.967530e+00
   endloop
 endfacet
 facet normal  1.000000e+00  0.000000e+00  0.000000e+00
   outer loop
     vertex  5.000000e+00  8.000000e+00  1.300000e+01
     vertex  5.000000e+00  7.271059e+00  9.910094e+00
     vertex  5.000000e+00  7.414729e+00  9.942356e+00
   endloop
 endfacet
 facet normal  1.000000e+00  0.000000e+00  0.000000e+00
   outer loop
     vertex  5.000000e+00  8.000000e+00  1.300000e+01
     vertex  5.000000e+00  7.129146e+00  9.870821e+00
     vertex  5.000000e+00  7.271059e+00  9.910094e+00
   endloop
 endfacet
 facet normal  1.000000e+00  0.000000e+00  0.000000e+00
   outer loop
     vertex  5.000000e+00  8.000000e+00  1.300000e+01
     vertex  5.000000e+00  6.989330e+00  9.824632e+00
     vertex  5.000000e+00  7.129146e+00  9.870821e+00
   endloop
 endfacet
 facet normal  1.000000e+00  0.000000e+00  0.000000e+00
   outer loop
     vertex  5.000000e+00  8.000000e+00  1.300000e+01
     vertex  5.000000e+00  6.851950e+00  9.771639e+00
     vertex  5.000000e+00  6.989330e+00  9.824632e+00
   endloop
 endfacet
 facet normal  1.000000e+00  0.000000e+00  0.000000e+00
   outer loop
     vertex  5.000000e+00  8.000000e+00  1.300000e+01
     vertex  5.000000e+00  6.717335e+00  9.711968e+00
     vertex  5.000000e+00  6.851950e+00  9.771639e+00
   endloop
 endfacet
 facet normal  1.000000e+00  0.000000e+00  0.000000e+00
   outer loop
     vertex  5.000000e+00  8.000000e+00  1.300000e+01
     vertex  5.000000e+00  6.585810e+00  9.645764e+00
     vertex  5.000000e+00  6.717335e+00  9.711968e+00
   endloop
 endfacet
 facet normal  1.000000e+00  0.000000e+00  0.000000e+00
   outer loop
     vertex  5.000000e+00  8.000000e+00  1.300000e+01
     vertex  5.000000e+00  6.457692e+00  9.573186e+00
     vertex  5.000000e+00  6.585810e+00  9.645764e+00
   endloop
 endfacet
 facet normal  1.000000e+00  0.000000e+00  0.000000e+00
   outer loop
     vertex  5.000000e+00  8.000000e+00  1.300000e+01
     vertex  5.000000e+00  6.333289e+00  9.494409e+00
     vertex  5.000000e+00  6.457692e+00  9.573186e+00
   endloop
 endfacet
 facet normal  1.000000e+00  0.000000e+00  0.000000e+00
   outer loop
     vertex  5.000000e+00  8.000000e+00  1.300000e+01
     vertex  5.000000e+00  6.212902e+00  9.409623e+00
     vertex  5.000000e+00  6.333289e+00  9.494409e+00
   endloop
 endfacet
 facet normal  1.000000e+00  0.000000e+00  0.000000e+00
   outer loop
     vertex  5.000000e+00  8.000000e+00  1.300000e+01
     vertex  5.000000e+00  6.096820e+00  9.319031e+00
     vertex  5.000000e+00  6.212902e+00  9.409623e+00
   endloop
 endfacet
 facet normal  1.000000e+00  0.000000e+00  0.000000e+00
   outer loop
     vertex  5.000000e+00  8.000000e+00  1.300000e+01
     vertex  5.000000e+00  5.985323e+00  9.222853e+00
     vertex  5.000000e+00  6.096820e+00  9.319031e+00
   endloop
 endfacet
 facet normal  1.000000e+00  0.000000e+00  0.000000e+00
   outer loop
     vertex  5.000000e+00  8.000000e+00  1.300000e+01
     vertex  5.000000e+00  5.878680e+00  9.121320e+00
     vertex  5.000000e+00  5.985323e+00  9.222853e+00
   endloop
 endfacet
 facet normal  1.000000e+00  0.000000e+00  0.000000e+00
   outer loop
     vertex  5.000000e+00 -8.000000e+00  1.300000e+01
     vertex  5.000000e+00  5.000000e+00  4.000000e+00
     vertex  5.000000e+00  5.000000e+00  7.000000e+00
   endloop
 endfacet
 facet normal  1.000000e+00 -7.259151e-17 -3.416071e-17
   outer loop
     vertex  5.000000e+00 -8.000000e+00  1.300000e+01
     vertex  5.000000e+00 -8.000000e+00 -1.300000e+01
     vertex  5.000000e+00  0.000000e+00 -4.000000e+00
   endloop
 endfacet
 facet normal  1.000000e+00  0.000000e+00  0.000000e+00
   outer loop
     vertex  5.000000e+00 -8.000000e+00  1.300000e+01
     vertex  5.000000e+00  0.000000e+00 -4.000000e+00
     vertex  5.000000e+00  5.000000e+00  4.000000e+00
   endloop
 endfacet
 facet normal  1.000000e+00  0.000000e+00  0.000000e+00
   outer loop
     vertex  5.000000e+00 -8.000000e+00  1.300000e+01
     vertex  5.000000e+00  5.777147e+00  9.014677e+00
     vertex  5.000000e+00  5.878680e+00  9.121320e+00
   endloop
 endfacet
 facet normal  1.000000e+00  0.000000e+00  0.000000e+00
   outer loop
     vertex  5.000000e+00 -8.000000e+00  1.300000e+01
     vertex  5.000000e+00  5.680969e+00  8.903180e+00
     vertex  5.000000e+00  5.777147e+00  9.014677e+00
   endloop
 endfacet
 facet normal  1.000000e+00  0.000000e+00  0.000000e+00
   outer loop
     vertex  5.000000e+00 -8.000000e+00  1.300000e+01
     vertex  5.000000e+00  5.590377e+00  8.787098e+00
     vertex  5.000000e+00  5.680969e+00  8.903180e+00
   endloop
 endfacet
 facet normal  1.000000e+00  0.000000e+00  0.000000e+00
   outer loop
     vertex  5.000000e+00 -8.000000e+00  1.300000e+01
     vertex  5.000000e+00  5.505591e+00  8.666711e+00
     vertex  5.000000e+00  5.590377e+00  8.787098e+00
   endloop
 endfacet
 facet normal  1.000000e+00  0.000000e+00  0.000000e+00
   outer loop
     vertex  5.000000e+00 -8.000000e+00  1.300000e+01
     vertex  5.000000e+00  5.426814e+00  8.542308e+00
     vertex  5.000000e+00  5.505591e+00  8.666711e+00
   endloop
 endfacet
 facet normal  1.000000e+00  0.000000e+00  0.000000e+00
   outer loop
     vertex  5.000000e+00 -8.000000e+00  1.300000e+01
     vertex  5.000000e+00  5.354236e+00  8.414190e+00
     vertex  5.000000e+00  5.426814e+00  8.542308e+00
   endloop
 endfacet
 facet normal  1.000000e+00  0.000000e+00  0.000000e+00
   outer loop
     vertex  5.000000e+00 -8.000000e+00  1.300000e+01
     vertex  5.000000e+00  5.288032e+00  8.282665e+00
     vertex  5.000000e+00  5.354236e+00  8.414190e+00
   endloop
 endfacet
 facet normal  1.000000e+00  0.000000e+00  0.000000e+00
   outer loop
     vertex  5.000000e+00 -8.000000e+00  1.300000e+01
     vertex  5.000000e+00  5.228361e+00  8.148050e+00
     vertex  5.000000e+00  5.288032e+00  8.282665e+00
   endloop
 endfacet
 facet normal  1.000000e+00  0.000000e+00  0.000000e+00
   outer loop
     vertex  5.000000e+00 -8.000000e+00  1.300000e+01
     vertex  5.000000e+00  5.175368e+00  8.010670e+00
     vertex  5.000000e+00  5.228361e+00  8.148050e+00
   endloop
 endfacet
 facet normal  1.000000e+00  0.000000e+00  0.000000e+00
   outer loop
     vertex  5.000000e+00 -8.000000e+00  1.300000e+01
     vertex  5.000000e+00  5.129179e+00  7.870854e+00
     vertex  5.000000e+00  5.175368e+00  8.010670e+00
   endloop
 endfacet
 facet normal  1.000000e+00 -0.000000e+00  0.000000e+00
   outer loop
     vertex  5.000000e+00 -8.000000e+00  1.300000e+01
     vertex  5.000000e+00  5.878680e+00  9.121320e+00
     vertex  5.000000e+00  8.000000e+00  1.300000e+01
   endloop
 endfacet
 facet normal  1.000000e+00  0.000000e+00  0.000000e+00
   outer loop
     vertex  5.000000e+00 -8.000000e+00  1.300000e+01
     vertex  5.000000e+00  5.089906e+00  7.728941e+00
     vertex  5.000000e+00  5.129179e+00  7.870854e+00
   endloop
 endfacet
 facet normal  1.000000e+00  0.000000e+00  0.000000e+00
   outer loop
     vertex  5.000000e+00 -8.000000e+00  1.300000e+01
     vertex  5.000000e+00  5.057644e+00  7.585271e+00
     vertex  5.000000e+00  5.089906e+00  7.728941e+00
   endloop
 endfacet
 facet normal  1.000000e+00  0.000000e+00  0.000000e+00
   outer loop
     vertex  5.000000e+00 -8.000000e+00  1.300000e+01
     vertex  5.000000e+00  5.032470e+00  7.440191e+00
     vertex  5.000000e+00  5.057644e+00  7.585271e+00
   endloop
 endfacet
 facet normal  1.000000e+00  0.000000e+00  0.000000e+00
   outer loop
     vertex  5.000000e+00 -8.000000e+00  1.300000e+01
     vertex  5.000000e+00  5.014446e+00  7.294051e+00
     vertex  5.000000e+00  5.032470e+00  7.440191e+00
   endloop
 endfacet
 facet normal  1.000000e+00  0.000000e+00  0.000000e+00
   outer loop
     vertex  5.000000e+00 -8.000000e+00  1.300000e+01
     vertex  5.000000e+00  5.003614e+00  7.147203e+00
     vertex  5.000000e+00  5.014446e+00  7.294051e+00
   endloop
 endfacet
 facet normal  1.000000e+00  0.000000e+00  0.000000e+00
   outer loop
     vertex  5.000000e+00 -8.000000e+00  1.300000e+01
     vertex  5.000000e+00  5.000000e+00  7.000000e+00
     vertex  5.000000e+00  5.003614e+00  7.147203e+00
   endloop
 endfacet
 facet normal  0.000000e+00  1.000000e+00  0.000000e+00
   outer loop
     vertex  5.000000e+00  5.000000e+00  7.000000e+00
     vertex  5.000000e+00  5.000000e+00  4.000000e+00
     vertex  4.000000e+00  5.000000e+00  4.000000e+00
   endloop
 endfacet
 facet normal  0.000000e+00  1.000000e+00  0.000000e+00
   outer loop
     vertex  5.000000e+00  5.000000e+00  7.000000e+00
     vertex  4.000000e+00  5.000000e+00  4.000000e+00
     vertex  4.000000e+00  5.000000e+00  7.000000e+00
   endloop
 endfacet
 facet normal -1.000000e+00  0.000000e+00  0.000000e+00
   outer loop
     vertex  4.000000e+00  3.000000e+00 -1.000000e+01
     vertex  4.000000e+00  7.000000e+00 -1.000000e+01
     vertex  4.000000e+00  7.000000e+00 -1.200000e+01
   endloop
 endfacet
 facet normal -1.000000e+00  0.000000e+00  0.000000e+00
   outer loop
     vertex  4.000000e+00  2.852797e+00 -9.996386e+00
     vertex  4.000000e+00  3.000000e+00 -1.000000e+01
     vertex  4.000000e+00  7.000000e+00 -1.200000e+01
   endloop
 endfacet
 facet normal -1.000000e+00  0.000000e+00  0.000000e+00
   outer loop
     vertex  4.000000e+00  2.705949e+00 -9.985554e+00
     vertex  4.000000e+00  2.852797e+00 -9.996386e+00
     vertex  4.000000e+00  7.000000e+00 -1.200000e+01
   endloop
 endfacet
 facet normal -1.000000e+00  0.000000e+00  0.000000e+00
   outer loop
     vertex  4.000000e+00  2.559809e+00 -9.967530e+00
     vertex  4.000000e+00  2.705949e+00 -9.985554e+00
     vertex  4.000000e+00  7.000000e+00 -1.200000e+01
   endloop
 endfacet
 facet normal -1.000000e+00  0.000000e+00  0.000000e+00
   outer loop
     vertex  4.000000e+00  2.414729e+00 -9.942356e+00
     vertex  4.000000e+00  2.559809e+00 -9.967530e+00
     vertex  4.000000e+00  7.000000e+00 -1.200000e+01
   endloop
 endfacet
 facet normal -1.000000e+00  0.000000e+00  0.000000e+00
   outer loop
     vertex  4.000000e+00 -7.000000e+00 -1.200000e+01
     vertex  4.000000e+00  0.000000e+00 -7.000000e+00
     vertex  4.000000e+00  3.613631e-03 -7.147203e+00
   endloop
 endfacet
 facet normal -1.000000e+00  0.000000e+00  0.000000e+00
   outer loop
     vertex  4.000000e+00 -7.000000e+00 -1.200000e+01
     vertex  4.000000e+00  3.613631e-03 -7.147203e+00
     vertex  4.000000e+00  1.444582e-02 -7.294051e+00
   endloop
 endfacet
 facet normal -1.000000e+00  0.000000e+00  0.000000e+00
   outer loop
     vertex  4.000000e+00 -7.000000e+00 -1.200000e+01
     vertex  4.000000e+00  1.444582e-02 -7.294051e+00
     vertex  4.000000e+00  3.247047e-02 -7.440191e+00
   endloop
 endfacet
 facet normal -1.000000e+00  0.000000e+00  0.000000e+00
   outer loop
     vertex  4.000000e+00 -7.000000e+00 -1.200000e+01
     vertex  4.000000e+00  3.247047e-02 -7.440191e+00
     vertex  4.000000e+00  5.764416e-02 -7.585271e+00
   endloop
 endfacet
 facet normal -1.000000e+00  0.000000e+00  0.000000e+00
   outer loop
     vertex  4.000000e+00 -7.000000e+00 -1.200000e+01
     vertex  4.000000e+00  5.764416e-02 -7.585271e+00
     vertex  4.000000e+00  8.990624e-02 -7.728941e+00
   endloop
 endfacet
 facet normal -1.000000e+00  0.000000e+00  0.000000e+00
   outer loop
     vertex  4.000000e+00 -7.000000e+00 -1.200000e+01
     vertex  4.000000e+00  8.990624e-02 -7.728941e+00
     vertex  4.000000e+00  1.291790e-01 -7.870854e+00
   endloop
 endfacet
 facet normal -1.000000e+00  0.000000e+00  0.000000e+00
   outer loop
     vertex  4.000000e+00 -7.000000e+00 -1.200000e+01
     vertex  4.000000e+00  1.291790e-01 -7.870854e+00
     vertex  4.000000e+00  1.753678e-01 -8.010670e+00
   endloop
 endfacet
 facet normal -1.000000e+00  0.000000e+00  0.000000e+00
   outer loop
     vertex  4.000000e+00 -7.000000e+00 -1.200000e+01
     vertex  4.000000e+00  1.753678e-01 -8.010670e+00
     vertex  4.000000e+00  2.283614e-01 -8.148050e+00
   endloop
 endfacet
 facet normal -1.000000e+00  0.000000e+00  0.000000e+00
   outer loop
     vertex  4.000000e+00 -7.000000e+00 -1.200000e+01
     vertex  4.000000e+00  2.283614e-01 -8.148050e+00
     vertex  4.000000e+00  2.880321e-01 -8.282665e+00
   endloop
 endfacet
 facet normal -1.000000e+00  0.000000e+00  0.000000e+00
   outer loop
     vertex  4.000000e+00 -7.000000e+00 -1.200000e+01
     vertex  4.000000e+00  2.880321e-01 -8.282665e+00
     vertex  4.000000e+00  3.542362e-01 -8.414190e+00
   endloop
 endfacet
 facet normal -1.000000e+00  0.000000e+00  0.000000e+00
   outer loop
     vertex  4.000000e+00 -7.000000e+00 -1.200000e+01
     vertex  4.000000e+00  3.542362e-01 -8.414190e+00
     vertex  4.000000e+00  4.268142e-01 -8.542308e+00
   endloop
 endfacet
 facet normal -1.000000e+00  0.000000e+00  0.000000e+00
   outer loop
     vertex  4.000000e+00 -7.000000e+00 -1.200000e+01
     vertex  4.000000e+00  4.268142e-01 -8.542308e+00
     vertex  4.000000e+00  5.055912e-01 -8.666711e+00
   endloop
 endfacet
 facet normal -1.000000e+00  0.000000e+00  0.000000e+00
   outer loop
     vertex  4.000000e+00 -7.000000e+00 -1.200000e+01
     vertex  4.000000e+00  5.055912e-01 -8.666711e+00
     vertex  4.000000e+00  5.903774e-01 -8.787098e+00
   endloop
 endfacet
 facet normal -1.000000e+00  0.000000e+00  0.000000e+00
   outer loop
     vertex  4.000000e+00 -7.000000e+00 -1.200000e+01
     vertex  4.000000e+00  5.903774e-01 -8.787098e+00
     vertex  4.000000e+00  6.809686e-01 -8.903180e+00
   endloop
 endfacet
 facet normal -1.000000e+00  0.000000e+00  0.000000e+00
   outer loop
     vertex  4.000000e+00 -7.000000e+00 -1.200000e+01
     vertex  4.000000e+00  6.809686e-01 -8.903180e+00
     vertex  4.000000e+00  7.771466e-01 -9.014677e+00
   endloop
 endfacet
 facet normal -1.000000e+00  0.000000e+00  0.000000e+00
   outer loop
     vertex  4.000000e+00 -7.000000e+00 -1.200000e+01
     vertex  4.000000e+00  7.771466e-01 -9.014677e+00
     vertex  4.000000e+00  8.786797e-01 -9.121320e+00
   endloop
 endfacet
 facet normal -1.000000e+00  0.000000e+00  0.000000e+00
   outer loop
     vertex  4.000000e+00 -7.000000e+00 -1.200000e+01
     vertex  4.000000e+00  8.786797e-01 -9.121320e+00
     vertex  4.000000e+00  9.853231e-01 -9.222853e+00
   endloop
 endfacet
 facet normal -1.000000e+00  0.000000e+00  0.000000e+00
   outer loop
     vertex  4.000000e+00 -7.000000e+00 -1.200000e+01
     vertex  4.000000e+00  9.853231e-01 -9.222853e+00
     vertex  4.000000e+00  1.096820e+00 -9.319031e+00
   endloop
 endfacet
 facet normal -1.000000e+00  0.000000e+00  0.000000e+00
   outer loop
     vertex  4.000000e+00 -7.000000e+00 -1.200000e+01
     vertex  4.000000e+00  1.096820e+00 -9.319031e+00
     vertex  4.000000e+00  1.212902e+00 -9.409623e+00
   endloop
 endfacet
 facet normal -1.000000e+00  0.000000e+00  0.000000e+00
   outer loop
     vertex  4.000000e+00 -7.000000e+00 -1.200000e+01
     vertex  4.000000e+00  1.212902e+00 -9.409623e+00
     vertex  4.000000e+00  1.333289e+00 -9.494409e+00
   endloop
 endfacet
 facet normal -1.000000e+00  0.000000e+00  0.000000e+00
   outer loop
     vertex  4.000000e+00 -7.000000e+00 -1.200000e+01
     vertex  4.000000e+00  1.333289e+00 -9.494409e+00
     vertex  4.000000e+00  1.457692e+00 -9.573186e+00
   endloop
 endfacet
 facet normal -1.000000e+00  0.000000e+00  0.000000e+00
   outer loop
     vertex  4.000000e+00 -7.000000e+00 -1.200000e+01
     vertex  4.000000e+00  1.457692e+00 -9.573186e+00
     vertex  4.000000e+00  1.585810e+00 -9.645764e+00
   endloop
 endfacet
 facet normal -1.000000e+00  0.000000e+00  0.000000e+00
   outer loop
     vertex  4.000000e+00 -7.000000e+00 -1.200000e+01
     vertex  4.000000e+00  1.585810e+00 -9.645764e+00
     vertex  4.000000e+00  1.717335e+00 -9.711968e+00
   endloop
 endfacet
 facet normal -1.000000e+00  0.000000e+00  0.000000e+00
   outer loop
     vertex  4.000000e+00 -7.000000e+00 -1.200000e+01
     vertex  4.000000e+00  1.717335e+00 -9.711968e+00
     vertex  4.000000e+00  1.851950e+00 -9.771639e+00
   endloop
 endfacet
 facet normal -1.000000e+00  0.000000e+00  0.000000e+00
   outer loop
     vertex  4.000000e+00 -7.000000e+00 -1.200000e+01
     vertex  4.000000e+00  1.851950e+00 -9.771639e+00
     vertex  4.000000e+00  1.989330e+00 -9.824632e+00
   endloop
 endfacet
 facet normal -1.000000e+00  0.000000e+00  0.000000e+00
   outer loop
     vertex  4.000000e+00 -7.000000e+00 -1.200000e+01
     vertex  4.000000e+00  1.989330e+00 -9.824632e+00
     vertex  4.000000e+00  2.129146e+00 -9.870821e+00
   endloop
 endfacet
 facet normal -1.000000e+00  0.000000e+00  0.000000e+00
   outer loop
     vertex  4.000000e+00 -7.000000e+00 -1.200000e+01
     vertex  4.000000e+00  2.129146e+00 -9.870821e+00
     vertex  4.000000e+00  2.271059e+00 -9.910094e+00
   endloop
 endfacet
 facet normal -1.000000e+00  0.000000e+00  0.000000e+00
   outer loop
     vertex  4.000000e+00 -7.000000e+00 -1.200000e+01
     vertex  4.000000e+00  2.271059e+00 -9.910094e+00
     vertex  4.000000e+00  2.414729e+00 -9.942356e+00
   endloop
 endfacet
 facet normal -1.000000e+00  0.000000e+00  0.000000e+00
   outer loop
     vertex  4.000000e+00 -7.000000e+00 -1.200000e+01
     vertex  4.000000e+00  2.414729e+00 -9.942356e+00
     vertex  4.000000e+00  7.000000e+00 -1.200000e+01
   endloop
 endfacet
 facet normal -1.000000e+00  0.000000e+00 -0.000000e+00
   outer loop
     vertex  4.000000e+00  0.000000e+00 -4.000000e+00
     vertex  4.000000e+00  0.000000e+00 -7.000000e+00
     vertex  4.000000e+00 -7.000000e+00 -1.200000e+01
   endloop
 endfacet
 facet normal -1.000000e+00  0.000000e+00 -0.000000e+00
   outer loop
     vertex  4.000000e+00  5.000000e+00  4.000000e+00
     vertex  4.000000e+00  7.000000e+00 -4.000000e+00
     vertex  4.000000e+00  0.000000e+00 -4.000000e+00
   endloop
 endfacet
 facet normal -1.000000e+00  0.000000e+00  0.000000e+00
   outer loop
     vertex  4.000000e+00  5.000000e+00  4.000000e+00
     vertex  4.000000e+00  7.000000e+00  4.000000e+00
     vertex  4.000000e+00  7.000000e+00 -4.000000e+00
   endloop
 endfacet
 facet normal -1.000000e+00  0.000000e+00 -0.000000e+00
   outer loop
     vertex  4.000000e+00  7.000000e+00  1.200000e+01
     vertex  4.000000e+00  7.000000e+00  9.828427e+00
     vertex  4.000000e+00  6.862001e+00  9.775781e+00
   endloop
 endfacet
 facet normal -1.000000e+00  0.000000e+00  0.000000e+00
   outer loop
     vertex  4.000000e+00  7.000000e+00  1.200000e+01
     vertex  4.000000e+00  6.862001e+00  9.775781e+00
     vertex  4.000000e+00  6.726761e+00  9.716406e+00
   endloop
 endfacet
 facet normal -1.000000e+00  0.000000e+00  0.000000e+00
   outer loop
     vertex  4.000000e+00  7.000000e+00  1.200000e+01
     vertex  4.000000e+00  6.726761e+00  9.716406e+00
     vertex  4.000000e+00  6.594606e+00  9.650447e+00
   endloop
 endfacet
 facet normal -1.000000e+00  0.000000e+00  0.000000e+00
   outer loop
     vertex  4.000000e+00  7.000000e+00  1.200000e+01
     vertex  4.000000e+00  6.594606e+00  9.650447e+00
     vertex  4.000000e+00  6.465859e+00  9.578063e+00
   endloop
 endfacet
 facet normal -1.000000e+00  0.000000e+00  0.000000e+00
   outer loop
     vertex  4.000000e+00  7.000000e+00  1.200000e+01
     vertex  4.000000e+00  6.465859e+00  9.578063e+00
     vertex  4.000000e+00  6.340830e+00  9.499431e+00
   endloop
 endfacet
 facet normal -1.000000e+00  0.000000e+00  0.000000e+00
   outer loop
     vertex  4.000000e+00  7.000000e+00  1.200000e+01
     vertex  4.000000e+00  6.340830e+00  9.499431e+00
     vertex  4.000000e+00  6.219822e+00  9.414740e+00
   endloop
 endfacet
 facet normal -1.000000e+00  0.000000e+00  0.000000e+00
   outer loop
     vertex  4.000000e+00  7.000000e+00  1.200000e+01
     vertex  4.000000e+00  6.219822e+00  9.414740e+00
     vertex  4.000000e+00  6.103130e+00  9.324195e+00
   endloop
 endfacet
 facet normal -1.000000e+00  0.000000e+00  0.000000e+00
   outer loop
     vertex  4.000000e+00  7.000000e+00  1.200000e+01
     vertex  4.000000e+00  6.103130e+00  9.324195e+00
     vertex  4.000000e+00  5.991036e+00  9.228017e+00
   endloop
 endfacet
 facet normal -1.000000e+00  0.000000e+00  0.000000e+00
   outer loop
     vertex  4.000000e+00  7.000000e+00  1.200000e+01
     vertex  4.000000e+00  5.991036e+00  9.228017e+00
     vertex  4.000000e+00  5.883811e+00  9.126439e+00
   endloop
 endfacet
 facet normal -1.000000e+00  0.000000e+00  0.000000e+00
   outer loop
     vertex  4.000000e+00  7.000000e+00  1.200000e+01
     vertex  4.000000e+00  5.883811e+00  9.126439e+00
     vertex  4.000000e+00  5.781715e+00  9.019706e+00
   endloop
 endfacet
 facet normal -1.000000e+00  0.000000e+00  0.000000e+00
   outer loop
     vertex  4.000000e+00  7.000000e+00  1.200000e+01
     vertex  4.000000e+00  5.781715e+00  9.019706e+00
     vertex  4.000000e+00  5.684997e+00  8.908078e+00
   endloop
 endfacet
 facet normal -1.000000e+00  0.000000e+00  0.000000e+00
   outer loop
     vertex  4.000000e+00  7.000000e+00  1.200000e+01
     vertex  4.000000e+00  5.684997e+00  8.908078e+00
     vertex  4.000000e+00  5.593890e+00  8.791824e+00
   endloop
 endfacet
 facet normal -1.000000e+00  0.000000e+00  0.000000e+00
   outer loop
     vertex  4.000000e+00 -7.000000e+00  1.200000e+01
     vertex  4.000000e+00  5.000000e+00  4.000000e+00
     vertex  4.000000e+00  0.000000e+00 -4.000000e+00
   endloop
 endfacet
 facet normal -1.000000e+00  0.000000e+00  0.000000e+00
   outer loop
     vertex  4.000000e+00 -7.000000e+00  1.200000e+01
     vertex  4.000000e+00  0.000000e+00 -4.000000e+00
     vertex  4.000000e+00 -7.000000e+00 -1.200000e+01
   endloop
 endfacet
 facet normal -1.000000e+00  0.000000e+00  0.000000e+00
   outer loop
     vertex  4.000000e+00 -7.000000e+00  1.200000e+01
     vertex  4.000000e+00  5.000000e+00  7.000000e+00
     vertex  4.000000e+00  5.000000e+00  4.000000e+00
   endloop
 endfacet
 facet normal -1.000000e+00  0.000000e+00  0.000000e+00
   outer loop
     vertex  4.000000e+00 -7.000000e+00  1.200000e+01
     vertex  4.000000e+00  5.593890e+00  8.791824e+00
     vertex  4.000000e+00  5.508615e+00  8.671228e+00
   endloop
 endfacet
 facet normal -1.000000e+00  0.000000e+00  0.000000e+00
   outer loop
     vertex  4.000000e+00 -7.000000e+00  1.200000e+01
     vertex  4.000000e+00  5.508615e+00  8.671228e+00
     vertex  4.000000e+00  5.429379e+00  8.546580e+00
   endloop
 endfacet
 facet normal -1.000000e+00  0.000000e+00  0.000000e+00
   outer loop
     vertex  4.000000e+00 -7.000000e+00  1.200000e+01
     vertex  4.000000e+00  5.429379e+00  8.546580e+00
     vertex  4.000000e+00  5.356375e+00  8.418183e+00
   endloop
 endfacet
 facet normal -1.000000e+00  0.000000e+00  0.000000e+00
   outer loop
     vertex  4.000000e+00 -7.000000e+00  1.200000e+01
     vertex  4.000000e+00  5.356375e+00  8.418183e+00
     vertex  4.000000e+00  5.289778e+00  8.286349e+00
   endloop
 endfacet
 facet normal -1.000000e+00  0.000000e+00  0.000000e+00
   outer loop
     vertex  4.000000e+00 -7.000000e+00  1.200000e+01
     vertex  4.000000e+00  5.289778e+00  8.286349e+00
     vertex  4.000000e+00  5.229750e+00  8.151397e+00
   endloop
 endfacet
 facet normal -1.000000e+00  0.000000e+00  0.000000e+00
   outer loop
     vertex  4.000000e+00 -7.000000e+00  1.200000e+01
     vertex  4.000000e+00  5.229750e+00  8.151397e+00
     vertex  4.000000e+00  5.176438e+00  8.013654e+00
   endloop
 endfacet
 facet normal -1.000000e+00  0.000000e+00  0.000000e+00
   outer loop
     vertex  4.000000e+00 -7.000000e+00  1.200000e+01
     vertex  4.000000e+00  5.176438e+00  8.013654e+00
     vertex  4.000000e+00  5.129969e+00  7.873454e+00
   endloop
 endfacet
 facet normal -1.000000e+00  0.000000e+00  0.000000e+00
   outer loop
     vertex  4.000000e+00 -7.000000e+00  1.200000e+01
     vertex  4.000000e+00  5.129969e+00  7.873454e+00
     vertex  4.000000e+00  5.090457e+00  7.731137e+00
   endloop
 endfacet
 facet normal -1.000000e+00  0.000000e+00  0.000000e+00
   outer loop
     vertex  4.000000e+00 -7.000000e+00  1.200000e+01
     vertex  4.000000e+00  5.090457e+00  7.731137e+00
     vertex  4.000000e+00  5.057998e+00  7.587048e+00
   endloop
 endfacet
 facet normal -1.000000e+00  0.000000e+00  0.000000e+00
   outer loop
     vertex  4.000000e+00 -7.000000e+00  1.200000e+01
     vertex  4.000000e+00  5.057998e+00  7.587048e+00
     vertex  4.000000e+00  5.032670e+00  7.441536e+00
   endloop
 endfacet
 facet normal -1.000000e+00  0.000000e+00  0.000000e+00
   outer loop
     vertex  4.000000e+00 -7.000000e+00  1.200000e+01
     vertex  4.000000e+00  5.032670e+00  7.441536e+00
     vertex  4.000000e+00  5.014535e+00  7.294953e+00
   endloop
 endfacet
 facet normal -1.000000e+00  0.000000e+00  0.000000e+00
   outer loop
     vertex  4.000000e+00 -7.000000e+00  1.200000e+01
     vertex  4.000000e+00  5.014535e+00  7.294953e+00
     vertex  4.000000e+00  5.003636e+00  7.147655e+00
   endloop
 endfacet
 facet normal -1.000000e+00  0.000000e+00  0.000000e+00
   outer loop
     vertex  4.000000e+00 -7.000000e+00  1.200000e+01
     vertex  4.000000e+00  5.003636e+00  7.147655e+00
     vertex  4.000000e+00  5.000000e+00  7.000000e+00
   endloop
 endfacet
 facet normal -1.000000e+00  0.000000e+00  0.000000e+00
   outer loop
     vertex  4.000000e+00 -7.000000e+00  1.200000e+01
     vertex  4.000000e+00  7.000000e+00  1.200000e+01
     vertex  4.000000e+00  5.593890e+00  8.791824e+00
   endloop
 endfacet
 facet normal -7.071068e-01 -7.071068e-01 -0.000000e+00
   outer loop
     vertex  2.000000e+00  9.000000e+00  4.000000e+00
     vertex  2.000000e+00  9.000000e+00 -4.000000e+00
     vertex  4.000000e+00  7.000000e+00 -4.000000e+00
   endloop
 endfacet
 facet normal -7.071068e-01 -7.071068e-01  0.000000e+00
   outer loop
     vertex  2.000000e+00  9.000000e+00  4.000000e+00
     vertex  4.000000e+00  7.000000e+00 -4.000000e+00
     vertex  4.000000e+00  7.000000e+00  4.000000e+00
   endloop
 endfacet
 facet normal  0.000000e+00 -1.000000e+00 -0.000000e+00
   outer loop
     vertex  2.000000e+00  9.000000e+00  4.000000e+00
     vertex -2.000000e+00  9.000000e+00 -4.000000e+00
     vertex  2.000000e+00  9.000000e+00 -4.000000e+00
   endloop
 endfacet
 facet normal -0.000000e+00 -1.000000e+00  0.000000e+00
   outer loop
     vertex  2.000000e+00  9.000000e+00  4.000000e+00
     vertex -2.000000e+00  9.000000e+00  4.000000e+00
     vertex -2.000000e+00  9.000000e+00 -4.000000e+00
   endloop
 endfacet
 facet normal  7.071068e-01 -7.071068e-01  0.000000e+00
   outer loop
     vertex -2.000000e+00  9.000000e+00  4.000000e+00
     vertex -4.000000e+00  7.000000e+00 -4.000000e+00
     vertex -2.000000e+00  9.000000e+00 -4.000000e+00
   endloop
 endfacet
 facet normal  7.071068e-01 -7.071068e-01  0.000000e+00
   outer loop
     vertex -2.000000e+00  9.000000e+00  4.000000e+00
     vertex -4.000000e+00  7.000000e+00  4.000000e+00
     vertex -4.000000e+00  7.000000e+00 -4.000000e+00
   endloop
 endfacet
 facet normal  0.000000e+00  1.000000e+00 -0.000000e+00
   outer loop
     vertex  5.000000e+00  0.000000e+00 -7.000000e+00
     vertex  4.000000e+00  0.000000e+00 -4.000000e+00
     vertex  5.000000e+00  0.000000e+00 -4.000000e+00
   endloop
 endfacet
 facet normal  0.000000e+00  1.000000e+00  0.000000e+00
   outer loop
     vertex  5.000000e+00  0.000000e+00 -7.000000e+00
     vertex  4.000000e+00  0.000000e+00 -7.000000e+00
     vertex  4.000000e+00  0.000000e+00 -4.000000e+00
   endloop
 endfacet
 facet normal  0.000000e+00  1.000000e+00  0.000000e+00
   outer loop
     vertex  3.000000e+00  1.000000e+01 -1.000000e+01
     vertex  3.000000e+00  1.000000e+01 -1.500000e+01
     vertex -3.000000e+00  1.000000e+01 -1.500000e+01
   endloop
 endfacet
 facet normal  0.000000e+00  1.000000e+00  0.000000e+00
   outer loop
     vertex  3.000000e+00  1.000000e+01 -1.000000e+01
     vertex -3.000000e+00  1.000000e+01 -1.500000e+01
     vertex -3.000000e+00  1.000000e+01 -1.000000e+01
   endloop
 endfacet
 facet normal  7.071068e-01  7.071068e-01 -1.256074e-16
   outer loop
     vertex  3.000000e+00  1.000000e+01 -1.000000e+01
     vertex  5.000000e+00  8.000000e+00 -1.300000e+01
     vertex  3.000000e+00  1.000000e+01 -1.500000e+01
   endloop
 endfacet
 facet normal  7.071068e-01  7.071068e-01 -2.093457e-16
   outer loop
     vertex  3.000000e+00  1.000000e+01 -1.000000e+01
     vertex  5.000000e+00  8.000000e+00 -1.000000e+01
     vertex  5.000000e+00  8.000000e+00 -1.300000e+01
   endloop
 endfacet
 facet normal  0.000000e+00  9.996988e-01  2.454123e-02
   outer loop
     vertex  5.000000e+00  3.613631e-03 -7.147203e+00
     vertex  4.000000e+00  0.000000e+00 -7.000000e+00
     vertex  5.000000e+00  0.000000e+00 -7.000000e+00
   endloop
 endfacet
 facet normal  0.000000e+00  9.996988e-01  2.454123e-02
   outer loop
     vertex  5.000000e+00  3.613631e-03 -7.147203e+00
     vertex  4.000000e+00  3.613631e-03 -7.147203e+00
     vertex  4.000000e+00  0.000000e+00 -7.000000e+00
   endloop
 endfacet
 facet normal  0.000000e+00  9.972905e-01  7.356456e-02
   outer loop
     vertex  5.000000e+00  1.444582e-02 -7.294051e+00
     vertex  4.000000e+00  1.444582e-02 -7.294051e+00
     vertex  4.000000e+00  3.613631e-03 -7.147203e+00
   endloop
 endfacet
 facet normal  0.000000e+00  9.972905e-01  7.356456e-02
   outer loop
     vertex  5.000000e+00  1.444582e-02 -7.294051e+00
     vertex  4.000000e+00  3.613631e-03 -7.147203e+00
     vertex  5.000000e+00  3.613631e-03 -7.147203e+00
   endloop
 endfacet
 facet normal  0.000000e+00  9.924795e-01  1.224107e-01
   outer loop
     vertex  5.000000e+00  3.247047e-02 -7.440191e+00
     vertex  4.000000e+00  3.247047e-02 -7.440191e+00
     vertex  4.000000e+00  1.444582e-02 -7.294051e+00
   endloop
 endfacet
 facet normal  0.000000e+00  9.924795e-01  1.224107e-01
   outer loop
     vertex  5.000000e+00  3.247047e-02 -7.440191e+00
     vertex  4.000000e+00  1.444582e-02 -7.294051e+00
     vertex  5.000000e+00  1.444582e-02 -7.294051e+00
   endloop
 endfacet
 facet normal  0.000000e+00  9.852776e-01  1.709619e-01
   outer loop
     vertex  5.000000e+00  5.764416e-02 -7.585271e+00
     vertex  4.000000e+00  5.764416e-02 -7.585271e+00
     vertex  4.000000e+00  3.247047e-02 -7.440191e+00
   endloop
 endfacet
 facet normal  0.000000e+00  9.852776e-01  1.709619e-01
   outer loop
     vertex  5.000000e+00  5.764416e-02 -7.585271e+00
     vertex  4.000000e+00  3.247047e-02 -7.440191e+00
     vertex  5.000000e+00  3.247047e-02 -7.440191e+00
   endloop
 endfacet
 facet normal  0.000000e+00  9.757021e-01  2.191012e-01
   outer loop
     vertex  5.000000e+00  8.990624e-02 -7.728941e+00
     vertex  4.000000e+00  8.990624e-02 -7.728941e+00
     vertex  4.000000e+00  5.764416e-02 -7.585271e+00
   endloop
 endfacet
 facet normal  0.000000e+00  9.757021e-01  2.191012e-01
   outer loop
     vertex  5.000000e+00  8.990624e-02 -7.728941e+00
     vertex  4.000000e+00  5.764416e-02 -7.585271e+00
     vertex  5.000000e+00  5.764416e-02 -7.585271e+00
   endloop
 endfacet
 facet normal  0.000000e+00  9.637761e-01  2.667128e-01
   outer loop
     vertex  5.000000e+00  1.291790e-01 -7.870854e+00
     vertex  4.000000e+00  1.291790e-01 -7.870854e+00
     vertex  4.000000e+00  8.990624e-02 -7.728941e+00
   endloop
 endfacet
 facet normal  0.000000e+00  9.637761e-01  2.667128e-01
   outer loop
     vertex  5.000000e+00  1.291790e-01 -7.870854e+00
     vertex  4.000000e+00  8.990624e-02 -7.728941e+00
     vertex  5.000000e+00  8.990624e-02 -7.728941e+00
   endloop
 endfacet
 facet normal  0.000000e+00  9.495282e-01  3.136817e-01
   outer loop
     vertex  5.000000e+00  1.753678e-01 -8.010670e+00
     vertex  4.000000e+00  1.753678e-01 -8.010670e+00
     vertex  4.000000e+00  1.291790e-01 -7.870854e+00
   endloop
 endfacet
 facet normal  0.000000e+00  9.329928e-01  3.598950e-01
   outer loop
     vertex  5.000000e+00  1.753678e-01 -8.010670e+00
     vertex  4.000000e+00  2.283614e-01 -8.148050e+00
     vertex  4.000000e+00  1.753678e-01 -8.010670e+00
   endloop
 endfacet
 facet normal  0.000000e+00  9.495282e-01  3.136817e-01
   outer loop
     vertex  5.000000e+00  1.753678e-01 -8.010670e+00
     vertex  4.000000e+00  1.291790e-01 -7.870854e+00
     vertex  5.000000e+00  1.291790e-01 -7.870854e+00
   endloop
 endfacet
 facet normal  0.000000e+00  9.329928e-01  3.598950e-01
   outer loop
     vertex  5.000000e+00  2.283614e-01 -8.148050e+00
     vertex  4.000000e+00  2.283614e-01 -8.148050e+00
     vertex  5.000000e+00  1.753678e-01 -8.010670e+00
   endloop
 endfacet
 facet normal  0.000000e+00  9.142098e-01  4.052413e-01
   outer loop
     vertex  5.000000e+00  2.880321e-01 -8.282665e+00
     vertex  4.000000e+00  2.283614e-01 -8.148050e+00
     vertex  5.000000e+00  2.283614e-01 -8.148050e+00
   endloop
 endfacet
 facet normal  0.000000e+00  9.142098e-01  4.052413e-01
   outer loop
     vertex  5.000000e+00  2.880321e-01 -8.282665e+00
     vertex  4.000000e+00  2.880321e-01 -8.282665e+00
     vertex  4.000000e+00  2.283614e-01 -8.148050e+00
   endloop
 endfacet
 facet normal  0.000000e+00  8.932243e-01  4.496113e-01
   outer loop
     vertex  5.000000e+00  3.542362e-01 -8.414190e+00
     vertex  4.000000e+00  3.542362e-01 -8.414190e+00
     vertex  4.000000e+00  2.880321e-01 -8.282665e+00
   endloop
 endfacet
 facet normal  0.000000e+00  8.932243e-01  4.496113e-01
   outer loop
     vertex  5.000000e+00  3.542362e-01 -8.414190e+00
     vertex  4.000000e+00  2.880321e-01 -8.282665e+00
     vertex  5.000000e+00  2.880321e-01 -8.282665e+00
   endloop
 endfacet
 facet normal  0.000000e+00  8.700870e-01  4.928982e-01
   outer loop
     vertex  5.000000e+00  4.268142e-01 -8.542308e+00
     vertex  4.000000e+00  4.268142e-01 -8.542308e+00
     vertex  4.000000e+00  3.542362e-01 -8.414190e+00
   endloop
 endfacet
 facet normal  0.000000e+00  8.700870e-01  4.928982e-01
   outer loop
     vertex  5.000000e+00  4.268142e-01 -8.542308e+00
     vertex  4.000000e+00  3.542362e-01 -8.414190e+00
     vertex  5.000000e+00  3.542362e-01 -8.414190e+00
   endloop
 endfacet
 facet normal  0.000000e+00  8.448536e-01  5.349976e-01
   outer loop
     vertex  5.000000e+00  5.055912e-01 -8.666711e+00
     vertex  4.000000e+00  5.055912e-01 -8.666711e+00
     vertex  4.000000e+00  4.268142e-01 -8.542308e+00
   endloop
 endfacet
 facet normal  0.000000e+00  8.448536e-01  5.349976e-01
   outer loop
     vertex  5.000000e+00  5.055912e-01 -8.666711e+00
     vertex  4.000000e+00  4.268142e-01 -8.542308e+00
     vertex  5.000000e+00  4.268142e-01 -8.542308e+00
   endloop
 endfacet
 facet normal  0.000000e+00  8.175848e-01  5.758082e-01
   outer loop
     vertex  5.000000e+00  5.903774e-01 -8.787098e+00
     vertex  4.000000e+00  5.903774e-01 -8.787098e+00
     vertex  4.000000e+00  5.055912e-01 -8.666711e+00
   endloop
 endfacet
 facet normal  0.000000e+00  7.883464e-01  6.152316e-01
   outer loop
     vertex  5.000000e+00  5.903774e-01 -8.787098e+00
     vertex  4.000000e+00  6.809686e-01 -8.903180e+00
     vertex  4.000000e+00  5.903774e-01 -8.787098e+00
   endloop
 endfacet
 facet normal  0.000000e+00  8.175848e-01  5.758082e-01
   outer loop
     vertex  5.000000e+00  5.903774e-01 -8.787098e+00
     vertex  4.000000e+00  5.055912e-01 -8.666711e+00
     vertex  5.000000e+00  5.055912e-01 -8.666711e+00
   endloop
 endfacet
 facet normal  0.000000e+00  7.883464e-01  6.152316e-01
   outer loop
     vertex  5.000000e+00  6.809686e-01 -8.903180e+00
     vertex  4.000000e+00  6.809686e-01 -8.903180e+00
     vertex  5.000000e+00  5.903774e-01 -8.787098e+00
   endloop
 endfacet
 facet normal  0.000000e+00  7.572088e-01  6.531728e-01
   outer loop
     vertex  5.000000e+00  7.771466e-01 -9.014677e+00
     vertex  4.000000e+00  7.771466e-01 -9.014677e+00
     vertex  4.000000e+00  6.809686e-01 -8.903180e+00
   endloop
 endfacet
 facet normal  0.000000e+00  7.572088e-01  6.531728e-01
   outer loop
     vertex  5.000000e+00  7.771466e-01 -9.014677e+00
     vertex  4.000000e+00  6.809686e-01 -8.903180e+00
     vertex  5.000000e+00  6.809686e-01 -8.903180e+00
   endloop
 endfacet
 facet normal  0.000000e+00  7.242471e-01  6.895405e-01
   outer loop
     vertex  5.000000e+00  8.786797e-01 -9.121320e+00
     vertex  4.000000e+00  8.786797e-01 -9.121320e+00
     vertex  4.000000e+00  7.771466e-01 -9.014677e+00
   endloop
 endfacet
 facet normal  0.000000e+00  7.242471e-01  6.895405e-01
   outer loop
     vertex  5.000000e+00  8.786797e-01 -9.121320e+00
     vertex  4.000000e+00  7.771466e-01 -9.014677e+00
     vertex  5.000000e+00  7.771466e-01 -9.014677e+00
   endloop
 endfacet
 facet normal  0.000000e+00  6.895405e-01  7.242471e-01
   outer loop
     vertex  5.000000e+00  9.853231e-01 -9.222853e+00
     vertex  4.000000e+00  9.853231e-01 -9.222853e+00
     vertex  4.000000e+00  8.786797e-01 -9.121320e+00
   endloop
 endfacet
 facet normal  0.000000e+00  6.895405e-01  7.242471e-01
   outer loop
     vertex  5.000000e+00  9.853231e-01 -9.222853e+00
     vertex  4.000000e+00  8.786797e-01 -9.121320e+00
     vertex  5.000000e+00  8.786797e-01 -9.121320e+00
   endloop
 endfacet
 facet normal  0.000000e+00  6.531728e-01  7.572088e-01
   outer loop
     vertex  5.000000e+00  1.096820e+00 -9.319031e+00
     vertex  4.000000e+00  1.096820e+00 -9.319031e+00
     vertex  4.000000e+00  9.853231e-01 -9.222853e+00
   endloop
 endfacet
 facet normal  0.000000e+00  6.531728e-01  7.572088e-01
   outer loop
     vertex  5.000000e+00  1.096820e+00 -9.319031e+00
     vertex  4.000000e+00  9.853231e-01 -9.222853e+00
     vertex  5.000000e+00  9.853231e-01 -9.222853e+00
   endloop
 endfacet
 facet normal  0.000000e+00  6.152316e-01  7.883464e-01
   outer loop
     vertex  5.000000e+00  1.212902e+00 -9.409623e+00
     vertex  4.000000e+00  1.212902e+00 -9.409623e+00
     vertex  4.000000e+00  1.096820e+00 -9.319031e+00
   endloop
 endfacet
 facet normal  0.000000e+00  6.152316e-01  7.883464e-01
   outer loop
     vertex  5.000000e+00  1.212902e+00 -9.409623e+00
     vertex  4.000000e+00  1.096820e+00 -9.319031e+00
     vertex  5.000000e+00  1.096820e+00 -9.319031e+00
   endloop
 endfacet
 facet normal  0.000000e+00  5.758082e-01  8.175848e-01
   outer loop
     vertex  5.000000e+00  1.333289e+00 -9.494409e+00
     vertex  4.000000e+00  1.333289e+00 -9.494409e+00
     vertex  4.000000e+00  1.212902e+00 -9.409623e+00
   endloop
 endfacet
 facet normal  0.000000e+00  5.758082e-01  8.175848e-01
   outer loop
     vertex  5.000000e+00  1.333289e+00 -9.494409e+00
     vertex  4.000000e+00  1.212902e+00 -9.409623e+00
     vertex  5.000000e+00  1.212902e+00 -9.409623e+00
   endloop
 endfacet
 facet normal  0.000000e+00  5.349976e-01  8.448536e-01
   outer loop
     vertex  5.000000e+00  1.457692e+00 -9.573186e+00
     vertex  4.000000e+00  1.457692e+00 -9.573186e+00
     vertex  4.000000e+00  1.333289e+00 -9.494409e+00
   endloop
 endfacet
 facet normal  0.000000e+00  5.349976e-01  8.448536e-01
   outer loop
     vertex  5.000000e+00  1.457692e+00 -9.573186e+00
     vertex  4.000000e+00  1.333289e+00 -9.494409e+00
     vertex  5.000000e+00  1.333289e+00 -9.494409e+00
   endloop
 endfacet
 facet normal  0.000000e+00  4.928982e-01  8.700870e-01
   outer loop
     vertex  5.000000e+00  1.585810e+00 -9.645764e+00
     vertex  4.000000e+00  1.585810e+00 -9.645764e+00
     vertex  4.000000e+00  1.457692e+00 -9.573186e+00
   endloop
 endfacet
 facet normal  0.000000e+00  4.928982e-01  8.700870e-01
   outer loop
     vertex  5.000000e+00  1.585810e+00 -9.645764e+00
     vertex  4.000000e+00  1.457692e+00 -9.573186e+00
     vertex  5.000000e+00  1.457692e+00 -9.573186e+00
   endloop
 endfacet
 facet normal  0.000000e+00  4.496113e-01  8.932243e-01
   outer loop
     vertex  5.000000e+00  1.717335e+00 -9.711968e+00
     vertex  4.000000e+00  1.717335e+00 -9.711968e+00
     vertex  4.000000e+00  1.585810e+00 -9.645764e+00
   endloop
 endfacet
 facet normal  0.000000e+00  4.496113e-01  8.932243e-01
   outer loop
     vertex  5.000000e+00  1.717335e+00 -9.711968e+00
     vertex  4.000000e+00  1.585810e+00 -9.645764e+00
     vertex  5.000000e+00  1.585810e+00 -9.645764e+00
   endloop
 endfacet
 facet normal  0.000000e+00  4.052413e-01  9.142098e-01
   outer loop
     vertex  5.000000e+00  1.851950e+00 -9.771639e+00
     vertex  4.000000e+00  1.851950e+00 -9.771639e+00
     vertex  4.000000e+00  1.717335e+00 -9.711968e+00
   endloop
 endfacet
 facet normal  0.000000e+00  4.052413e-01  9.142098e-01
   outer loop
     vertex  5.000000e+00  1.851950e+00 -9.771639e+00
     vertex  4.000000e+00  1.717335e+00 -9.711968e+00
     vertex  5.000000e+00  1.717335e+00 -9.711968e+00
   endloop
 endfacet
 facet normal  0.000000e+00  3.598950e-01  9.329928e-01
   outer loop
     vertex  5.000000e+00  1.989330e+00 -9.824632e+00
     vertex  4.000000e+00  1.989330e+00 -9.824632e+00
     vertex  4.000000e+00  1.851950e+00 -9.771639e+00
   endloop
 endfacet
 facet normal  0.000000e+00  3.598950e-01  9.329928e-01
   outer loop
     vertex  5.000000e+00  1.989330e+00 -9.824632e+00
     vertex  4.000000e+00  1.851950e+00 -9.771639e+00
     vertex  5.000000e+00  1.851950e+00 -9.771639e+00
   endloop
 endfacet
 facet normal  0.000000e+00  3.136817e-01  9.495282e-01
   outer loop
     vertex  5.000000e+00  2.129146e+00 -9.870821e+00
     vertex  4.000000e+00  2.129146e+00 -9.870821e+00
     vertex  4.000000e+00  1.989330e+00 -9.824632e+00
   endloop
 endfacet
 facet normal  0.000000e+00  3.136817e-01  9.495282e-01
   outer loop
     vertex  5.000000e+00  2.129146e+00 -9.870821e+00
     vertex  4.000000e+00  1.989330e+00 -9.824632e+00
     vertex  5.000000e+00  1.989330e+00 -9.824632e+00
   endloop
 endfacet
 facet normal  0.000000e+00  2.667128e-01  9.637761e-01
   outer loop
     vertex  5.000000e+00  2.271059e+00 -9.910094e+00
     vertex  4.000000e+00  2.271059e+00 -9.910094e+00
     vertex  4.000000e+00  2.129146e+00 -9.870821e+00
   endloop
 endfacet
 facet normal  0.000000e+00  2.667128e-01  9.637761e-01
   outer loop
     vertex  5.000000e+00  2.271059e+00 -9.910094e+00
     vertex  4.000000e+00  2.129146e+00 -9.870821e+00
     vertex  5.000000e+00  2.129146e+00 -9.870821e+00
   endloop
 endfacet
 facet normal  0.000000e+00  2.191012e-01  9.757021e-01
   outer loop
     vertex  5.000000e+00  2.414729e+00 -9.942356e+00
     vertex  4.000000e+00  2.414729e+00 -9.942356e+00
     vertex  4.000000e+00  2.271059e+00 -9.910094e+00
   endloop
 endfacet
 facet normal  0.000000e+00  2.191012e-01  9.757021e-01
   outer loop
     vertex  5.000000e+00  2.414729e+00 -9.942356e+00
     vertex  4.000000e+00  2.271059e+00 -9.910094e+00
     vertex  5.000000e+00  2.271059e+00 -9.910094e+00
   endloop
 endfacet
 facet normal  0.000000e+00  1.709619e-01  9.852776e-01
   outer loop
     vertex  5.000000e+00  2.559809e+00 -9.967530e+00
     vertex  4.000000e+00  2.559809e+00 -9.967530e+00
     vertex  4.000000e+00  2.414729e+00 -9.942356e+00
   endloop
 endfacet
 facet normal  0.000000e+00  1.709619e-01  9.852776e-01
   outer loop
     vertex  5.000000e+00  2.559809e+00 -9.967530e+00
     vertex  4.000000e+00  2.414729e+00 -9.942356e+00
     vertex  5.000000e+00  2.414729e+00 -9.942356e+00
   endloop
 endfacet
 facet normal  0.000000e+00  1.224107e-01  9.924795e-01
   outer loop
     vertex  5.000000e+00  2.705949e+00 -9.985554e+00
     vertex  4.000000e+00  2.705949e+00 -9.985554e+00
     vertex  4.000000e+00  2.559809e+00 -9.967530e+00
   endloop
 endfacet
 facet normal  0.000000e+00  1.224107e-01  9.924795e-01
   outer loop
     vertex  5.000000e+00  2.705949e+00 -9.985554e+00
     vertex  4.000000e+00  2.559809e+00 -9.967530e+00
     vertex  5.000000e+00  2.559809e+00 -9.967530e+00
   endloop
 endfacet
 facet normal  0.000000e+00  7.356456e-02  9.972905e-01
   outer loop
     vertex  5.000000e+00  2.852797e+00 -9.996386e+00
     vertex  4.000000e+00  2.852797e+00 -9.996386e+00
     vertex  4.000000e+00  2.705949e+00 -9.985554e+00
   endloop
 endfacet
 facet normal  0.000000e+00  2.454123e-02  9.996988e-01
   outer loop
     vertex  5.000000e+00  2.852797e+00 -9.996386e+00
     vertex  4.000000e+00  3.000000e+00 -1.000000e+01
     vertex  4.000000e+00  2.852797e+00 -9.996386e+00
   endloop
 endfacet
 facet normal  0.000000e+00  7.356456e-02  9.972905e-01
   outer loop
     vertex  5.000000e+00  2.852797e+00 -9.996386e+00
     vertex  4.000000e+00  2.705949e+00 -9.985554e+00
     vertex  5.000000e+00  2.705949e+00 -9.985554e+00
   endloop
 endfacet
 facet normal  0.000000e+00  2.454123e-02  9.996988e-01
   outer loop
     vertex  5.000000e+00  3.000000e+00 -1.000000e+01
     vertex  4.000000e+00  3.000000e+00 -1.000000e+01
     vertex  5.000000e+00  2.852797e+00 -9.996386e+00
   endloop
 endfacet
 facet normal -7.071068e-01 -7.071068e-01 -2.355139e-16
   outer loop
     vertex  2.000000e+00  9.000000e+00 -1.000000e+01
     vertex  2.000000e+00  9.000000e+00 -1.400000e+01
     vertex  4.000000e+00  7.000000e+00 -1.200000e+01
   endloop
 endfacet
 facet normal -7.071068e-01 -7.071068e-01  0.000000e+00
   outer loop
     vertex  2.000000e+00  9.000000e+00 -1.000000e+01
     vertex  4.000000e+00  7.000000e+00 -1.200000e+01
     vertex  4.000000e+00  7.000000e+00 -1.000000e+01
   endloop
 endfacet
 facet normal  0.000000e+00 -1.000000e+00 -0.000000e+00
   outer loop
     vertex  2.000000e+00  9.000000e+00 -1.000000e+01
     vertex -2.000000e+00  9.000000e+00 -1.400000e+01
     vertex  2.000000e+00  9.000000e+00 -1.400000e+01
   endloop
 endfacet
 facet normal -0.000000e+00 -1.000000e+00  0.000000e+00
   outer loop
     vertex  2.000000e+00  9.000000e+00 -1.000000e+01
     vertex -2.000000e+00  9.000000e+00 -1.000000e+01
     vertex -2.000000e+00  9.000000e+00 -1.400000e+01
   endloop
 endfacet
 facet normal  7.071068e-01 -7.071068e-01  1.177569e-16
   outer loop
     vertex -2.000000e+00  9.000000e+00 -1.000000e+01
     vertex -4.000000e+00  7.000000e+00 -1.200000e+01
     vertex -2.000000e+00  9.000000e+00 -1.400000e+01
   endloop
 endfacet
 facet normal  7.071068e-01 -7.071068e-01  0.000000e+00
   outer loop
     vertex -2.000000e+00  9.000000e+00 -1.000000e+01
     vertex -4.000000e+00  7.000000e+00 -1.000000e+01
     vertex -4.000000e+00  7.000000e+00 -1.200000e+01
   endloop
 endfacet
 facet normal -0.000000e+00  0.000000e+00 -1.000000e+00
   outer loop
     vertex  3.000000e+00  1.000000e+01 -1.500000e+01
     vertex -3.000000e+00 -1.000000e+01 -1.500000e+01
     vertex -3.000000e+00  1.000000e+01 -1.500000e+01
   endloop
 endfacet
 facet normal  0.000000e+00 -0.000000e+00 -1.000000e+00
   outer loop
     vertex  3.000000e+00  1.000000e+01 -1.500000e+01
     vertex  3.000000e+00 -1.000000e+01 -1.500000e+01
     vertex -3.000000e+00 -1.000000e+01 -1.500000e+01
   endloop
 endfacet
 facet normal  7.071068e-01 -7.071068e-01 -2.415527e-17
   outer loop
     vertex  5.000000e+00 -8.000000e+00  1.300000e+01
     vertex  3.000000e+00 -1.000000e+01 -1.500000e+01
     vertex  5.000000e+00 -8.000000e+00 -1.300000e+01
   endloop
 endfacet
 facet normal  7.071068e-01 -7.071068e-01 -3.140185e-17
   outer loop
     vertex  3.000000e+00 -1.000000e+01  1.500000e+01
     vertex  3.000000e+00 -1.000000e+01 -1.500000e+01
     vertex  5.000000e+00 -8.000000e+00  1.300000e+01
   endloop
 endfacet
 facet normal  7.071068e-01  0.000000e+00  7.071068e-01
   outer loop
     vertex  3.000000e+00  1.000000e+01  1.500000e+01
     vertex  3.000000e+00 -1.000000e+01  1.500000e+01
     vertex  5.000000e+00 -8.000000e+00  1.300000e+01
   endloop
 endfacet
 facet normal  7.071068e-01  0.000000e+00  7.071068e-01
   outer loop
     vertex  3.000000e+00  1.000000e+01  1.500000e+01
     vertex  5.000000e+00 -8.000000e+00  1.300000e+01
     vertex  5.000000e+00  8.000000e+00  1.300000e+01
   endloop
 endfacet
 facet normal  7.071068e-01  7.071068e-01  0.000000e+00
   outer loop
     vertex  5.000000e+00  8.000000e+00  1.300000e+01
     vertex  5.000000e+00  8.000000e+00  1.000000e+01
     vertex  3.000000e+00  1.000000e+01  1.000000e+01
   endloop
 endfacet
 facet normal  7.071068e-01  7.071068e-01 -6.280370e-17
   outer loop
     vertex  3.000000e+00  1.000000e+01  1.500000e+01
     vertex  5.000000e+00  8.000000e+00  1.300000e+01
     vertex  3.000000e+00  1.000000e+01  1.000000e+01
   endloop
 endfacet
 facet normal  0.000000e+00  9.996988e-01 -2.454123e-02
   outer loop
     vertex  5.000000e+00  5.003614e+00  7.147203e+00
     vertex  5.000000e+00  5.000000e+00  7.000000e+00
     vertex  4.000000e+00  5.000000e+00  7.000000e+00
   endloop
 endfacet
 facet normal  1.111655e-05  9.996970e-01 -2.461670e-02
   outer loop
     vertex  5.000000e+00  5.003614e+00  7.147203e+00
     vertex  4.000000e+00  5.000000e+00  7.000000e+00
     vertex  4.000000e+00  5.003636e+00  7.147655e+00
   endloop
 endfacet
 facet normal  2.216472e-05  9.972738e-01 -7.379044e-02
   outer loop
     vertex  5.000000e+00  5.014446e+00  7.294051e+00
     vertex  4.000000e+00  5.003636e+00  7.147655e+00
     vertex  4.000000e+00  5.014535e+00  7.294953e+00
   endloop
 endfacet
 facet normal -1.108236e-05  9.972905e-01 -7.356456e-02
   outer loop
     vertex  5.000000e+00  5.014446e+00  7.294051e+00
     vertex  5.000000e+00  5.003614e+00  7.147203e+00
     vertex  4.000000e+00  5.003636e+00  7.147655e+00
   endloop
 endfacet
 facet normal  3.314452e-05  9.924333e-01 -1.227853e-01
   outer loop
     vertex  5.000000e+00  5.032470e+00  7.440191e+00
     vertex  4.000000e+00  5.014535e+00  7.294953e+00
     vertex  4.000000e+00  5.032670e+00  7.441536e+00
   endloop
 endfacet
 facet normal -2.209635e-05  9.924795e-01 -1.224107e-01
   outer loop
     vertex  5.000000e+00  5.032470e+00  7.440191e+00
     vertex  5.000000e+00  5.014446e+00  7.294051e+00
     vertex  4.000000e+00  5.014535e+00  7.294953e+00
   endloop
 endfacet
 facet normal  4.405595e-05  9.851872e-01 -1.714826e-01
   outer loop
     vertex  5.000000e+00  5.057644e+00  7.585271e+00
     vertex  4.000000e+00  5.032670e+00  7.441536e+00
     vertex  4.000000e+00  5.057998e+00  7.587048e+00
   endloop
 endfacet
 facet normal -3.304196e-05  9.852776e-01 -1.709619e-01
   outer loop
     vertex  5.000000e+00  5.057644e+00  7.585271e+00
     vertex  5.000000e+00  5.032470e+00  7.440191e+00
     vertex  4.000000e+00  5.032670e+00  7.441536e+00
   endloop
 endfacet
 facet normal  5.489900e-05  9.755530e-01 -2.197641e-01
   outer loop
     vertex  5.000000e+00  5.089906e+00  7.728941e+00
     vertex  4.000000e+00  5.057998e+00  7.587048e+00
     vertex  4.000000e+00  5.090457e+00  7.731137e+00
   endloop
 endfacet
 facet normal -4.391920e-05  9.757021e-01 -2.191012e-01
   outer loop
     vertex  5.000000e+00  5.089906e+00  7.728941e+00
     vertex  5.000000e+00  5.057644e+00  7.585271e+00
     vertex  4.000000e+00  5.057998e+00  7.587048e+00
   endloop
 endfacet
 facet normal  6.567367e-05  9.635542e-01 -2.675130e-01
   outer loop
     vertex  5.000000e+00  5.129179e+00  7.870854e+00
     vertex  4.000000e+00  5.090457e+00  7.731137e+00
     vertex  4.000000e+00  5.129969e+00  7.873454e+00
   endloop
 endfacet
 facet normal -5.472806e-05  9.637761e-01 -2.667128e-01
   outer loop
     vertex  5.000000e+00  5.129179e+00  7.870854e+00
     vertex  5.000000e+00  5.089906e+00  7.728941e+00
     vertex  4.000000e+00  5.090457e+00  7.731137e+00
   endloop
 endfacet
 facet normal  7.637997e-05  9.492199e-01 -3.146135e-01
   outer loop
     vertex  5.000000e+00  5.175368e+00  8.010670e+00
     vertex  4.000000e+00  5.129969e+00  7.873454e+00
     vertex  4.000000e+00  5.176438e+00  8.013654e+00
   endloop
 endfacet
 facet normal -6.546854e-05  9.495282e-01 -3.136817e-01
   outer loop
     vertex  5.000000e+00  5.175368e+00  8.010670e+00
     vertex  5.000000e+00  5.129179e+00  7.870854e+00
     vertex  4.000000e+00  5.129969e+00  7.873454e+00
   endloop
 endfacet
 facet normal  8.701789e-05  9.325846e-01 -3.609514e-01
   outer loop
     vertex  5.000000e+00  5.228361e+00  8.148050e+00
     vertex  4.000000e+00  5.176438e+00  8.013654e+00
     vertex  4.000000e+00  5.229750e+00  8.151397e+00
   endloop
 endfacet
 facet normal -7.614065e-05  9.329928e-01 -3.598950e-01
   outer loop
     vertex  5.000000e+00  5.228361e+00  8.148050e+00
     vertex  5.000000e+00  5.175368e+00  8.010670e+00
     vertex  4.000000e+00  5.176438e+00  8.013654e+00
   endloop
 endfacet
 facet normal  9.758743e-05  9.136889e-01 -4.064143e-01
   outer loop
     vertex  5.000000e+00  5.288032e+00  8.282665e+00
     vertex  4.000000e+00  5.229750e+00  8.151397e+00
     vertex  4.000000e+00  5.289778e+00  8.286349e+00
   endloop
 endfacet
 facet normal -8.674438e-05  9.142098e-01 -4.052413e-01
   outer loop
     vertex  5.000000e+00  5.288032e+00  8.282665e+00
     vertex  5.000000e+00  5.228361e+00  8.148050e+00
     vertex  4.000000e+00  5.229750e+00  8.151397e+00
   endloop
 endfacet
 facet normal -9.727974e-05  8.932243e-01 -4.496113e-01
   outer loop
     vertex  5.000000e+00  5.354236e+00  8.414190e+00
     vertex  5.000000e+00  5.288032e+00  8.282665e+00
     vertex  4.000000e+00  5.289778e+00  8.286349e+00
   endloop
 endfacet
 facet normal  1.080886e-04  8.925784e-01 -4.508921e-01
   outer loop
     vertex  5.000000e+00  5.354236e+00  8.414190e+00
     vertex  4.000000e+00  5.289778e+00  8.286349e+00
     vertex  4.000000e+00  5.356375e+00  8.418183e+00
   endloop
 endfacet
 facet normal -1.077467e-04  8.700870e-01 -4.928982e-01
   outer loop
     vertex  5.000000e+00  5.426814e+00  8.542308e+00
     vertex  5.000000e+00  5.354236e+00  8.414190e+00
     vertex  4.000000e+00  5.356375e+00  8.418183e+00
   endloop
 endfacet
 facet normal  1.185214e-04  8.693044e-01 -4.942770e-01
   outer loop
     vertex  5.000000e+00  5.426814e+00  8.542308e+00
     vertex  4.000000e+00  5.356375e+00  8.418183e+00
     vertex  4.000000e+00  5.429379e+00  8.546580e+00
   endloop
 endfacet
 facet normal  1.288858e-04  8.439233e-01 -5.364638e-01
   outer loop
     vertex  5.000000e+00  5.505591e+00  8.666711e+00
     vertex  4.000000e+00  5.429379e+00  8.546580e+00
     vertex  4.000000e+00  5.508615e+00  8.671228e+00
   endloop
 endfacet
 facet normal -1.181453e-04  8.448536e-01 -5.349976e-01
   outer loop
     vertex  5.000000e+00  5.505591e+00  8.666711e+00
     vertex  5.000000e+00  5.426814e+00  8.542308e+00
     vertex  4.000000e+00  5.429379e+00  8.546580e+00
   endloop
 endfacet
 facet normal  1.391818e-04  8.164966e-01 -5.773503e-01
   outer loop
     vertex  5.000000e+00  5.590377e+00  8.787098e+00
     vertex  4.000000e+00  5.508615e+00  8.671228e+00
     vertex  4.000000e+00  5.593890e+00  8.791824e+00
   endloop
 endfacet
 facet normal -1.284755e-04  8.175848e-01 -5.758082e-01
   outer loop
     vertex  5.000000e+00  5.590377e+00  8.787098e+00
     vertex  5.000000e+00  5.505591e+00  8.666711e+00
     vertex  4.000000e+00  5.508615e+00  8.671228e+00
   endloop
 endfacet
 facet normal  1.494095e-04  7.870907e-01 -6.168373e-01
   outer loop
     vertex  5.000000e+00  5.680969e+00  8.903180e+00
     vertex  4.000000e+00  5.593890e+00  8.791824e+00
     vertex  4.000000e+00  5.684997e+00  8.908078e+00
   endloop
 endfacet
 facet normal -1.387374e-04  7.883464e-01 -6.152316e-01
   outer loop
     vertex  5.000000e+00  5.680969e+00  8.903180e+00
     vertex  5.000000e+00  5.590377e+00  8.787098e+00
     vertex  4.000000e+00  5.593890e+00  8.791824e+00
   endloop
 endfacet
 facet normal  1.595688e-04  7.557770e-01 -6.548291e-01
   outer loop
     vertex  5.000000e+00  5.777147e+00  9.014677e+00
     vertex  4.000000e+00  5.684997e+00  8.908078e+00
     vertex  4.000000e+00  5.781715e+00  9.019706e+00
   endloop
 endfacet
 facet normal -1.489309e-04  7.572088e-01 -6.531728e-01
   outer loop
     vertex  5.000000e+00  5.777147e+00  9.014677e+00
     vertex  5.000000e+00  5.680969e+00  8.903180e+00
     vertex  4.000000e+00  5.684997e+00  8.908078e+00
   endloop
 endfacet
 facet normal  1.696597e-04  7.226313e-01 -6.912336e-01
   outer loop
     vertex  5.000000e+00  5.878680e+00  9.121320e+00
     vertex  4.000000e+00  5.781715e+00  9.019706e+00
     vertex  4.000000e+00  5.883811e+00  9.126439e+00
   endloop
 endfacet
 facet normal -1.590559e-04  7.242471e-01 -6.895405e-01
   outer loop
     vertex  5.000000e+00  5.878680e+00  9.121320e+00
     vertex  5.000000e+00  5.777147e+00  9.014677e+00
     vertex  4.000000e+00  5.781715e+00  9.019706e+00
   endloop
 endfacet
 facet normal  1.796822e-04  6.877340e-01 -7.259627e-01
   outer loop
     vertex  5.000000e+00  5.985323e+00  9.222853e+00
     vertex  4.000000e+00  5.883811e+00  9.126439e+00
     vertex  4.000000e+00  5.991036e+00  9.228017e+00
   endloop
 endfacet
 facet normal -1.691127e-04  6.895405e-01 -7.242471e-01
   outer loop
     vertex  5.000000e+00  5.985323e+00  9.222853e+00
     vertex  5.000000e+00  5.878680e+00  9.121320e+00
     vertex  4.000000e+00  5.883811e+00  9.126439e+00
   endloop
 endfacet
 facet normal  1.896363e-04  6.511697e-01 -7.589321e-01
   outer loop
     vertex  5.000000e+00  6.096820e+00  9.319031e+00
     vertex  4.000000e+00  5.991036e+00  9.228017e+00
     vertex  4.000000e+00  6.103130e+00  9.324195e+00
   endloop
 endfacet
 facet normal -1.791010e-04  6.531728e-01 -7.572088e-01
   outer loop
     vertex  5.000000e+00  6.096820e+00  9.319031e+00
     vertex  5.000000e+00  5.985323e+00  9.222853e+00
     vertex  4.000000e+00  5.991036e+00  9.228017e+00
   endloop
 endfacet
 facet normal  1.995221e-04  6.130271e-01 -7.900619e-01
   outer loop
     vertex  5.000000e+00  6.212902e+00  9.409623e+00
     vertex  4.000000e+00  6.103130e+00  9.324195e+00
     vertex  4.000000e+00  6.219822e+00  9.414740e+00
   endloop
 endfacet
 facet normal -1.890209e-04  6.152316e-01 -7.883464e-01
   outer loop
     vertex  5.000000e+00  6.212902e+00  9.409623e+00
     vertex  5.000000e+00  6.096820e+00  9.319031e+00
     vertex  4.000000e+00  6.103130e+00  9.324195e+00
   endloop
 endfacet
 facet normal  2.093395e-04  5.733984e-01 -8.192766e-01
   outer loop
     vertex  5.000000e+00  6.333289e+00  9.494409e+00
     vertex  4.000000e+00  6.219822e+00  9.414740e+00
     vertex  4.000000e+00  6.340830e+00  9.499431e+00
   endloop
 endfacet
 facet normal -1.988725e-04  5.758082e-01 -8.175848e-01
   outer loop
     vertex  5.000000e+00  6.333289e+00  9.494409e+00
     vertex  5.000000e+00  6.212902e+00  9.409623e+00
     vertex  4.000000e+00  6.219822e+00  9.414740e+00
   endloop
 endfacet
 facet normal  2.190885e-04  5.323800e-01 -8.465055e-01
   outer loop
     vertex  5.000000e+00  6.457692e+00  9.573186e+00
     vertex  4.000000e+00  6.340830e+00  9.499431e+00
     vertex  4.000000e+00  6.465859e+00  9.578063e+00
   endloop
 endfacet
 facet normal -2.086557e-04  5.349976e-01 -8.448535e-01
   outer loop
     vertex  5.000000e+00  6.457692e+00  9.573186e+00
     vertex  5.000000e+00  6.333289e+00  9.494409e+00
     vertex  4.000000e+00  6.340830e+00  9.499431e+00
   endloop
 endfacet
 facet normal  2.287691e-04  4.900710e-01 -8.716825e-01
   outer loop
     vertex  5.000000e+00  6.585810e+00  9.645764e+00
     vertex  4.000000e+00  6.465859e+00  9.578063e+00
     vertex  4.000000e+00  6.594606e+00  9.650447e+00
   endloop
 endfacet
 facet normal -2.183705e-04  4.928982e-01 -8.700870e-01
   outer loop
     vertex  5.000000e+00  6.585810e+00  9.645764e+00
     vertex  5.000000e+00  6.457692e+00  9.573186e+00
     vertex  4.000000e+00  6.465859e+00  9.578063e+00
   endloop
 endfacet
 facet normal  2.383814e-04  4.465742e-01 -8.947466e-01
   outer loop
     vertex  5.000000e+00  6.717335e+00  9.711968e+00
     vertex  4.000000e+00  6.594606e+00  9.650447e+00
     vertex  4.000000e+00  6.726761e+00  9.716406e+00
   endloop
 endfacet
 facet normal -2.280170e-04  4.496113e-01 -8.932243e-01
   outer loop
     vertex  5.000000e+00  6.717335e+00  9.711968e+00
     vertex  5.000000e+00  6.585810e+00  9.645764e+00
     vertex  4.000000e+00  6.594606e+00  9.650447e+00
   endloop
 endfacet
 facet normal  2.479252e-04  4.019949e-01 -9.156419e-01
   outer loop
     vertex  5.000000e+00  6.851950e+00  9.771639e+00
     vertex  4.000000e+00  6.726761e+00  9.716406e+00
     vertex  4.000000e+00  6.862001e+00  9.775781e+00
   endloop
 endfacet
 facet normal -2.375950e-04  4.052413e-01 -9.142097e-01
   outer loop
     vertex  5.000000e+00  6.851950e+00  9.771639e+00
     vertex  5.000000e+00  6.717335e+00  9.711968e+00
     vertex  4.000000e+00  6.726761e+00  9.716406e+00
   endloop
 endfacet
 facet normal  2.574007e-04  3.564412e-01 -9.343177e-01
   outer loop
     vertex  5.000000e+00  6.989330e+00  9.824632e+00
     vertex  4.000000e+00  6.862001e+00  9.775781e+00
     vertex  4.000000e+00  7.000000e+00  9.828427e+00
   endloop
 endfacet
 facet normal -2.471047e-04  3.598950e-01 -9.329928e-01
   outer loop
     vertex  5.000000e+00  6.989330e+00  9.824632e+00
     vertex  5.000000e+00  6.851950e+00  9.771639e+00
     vertex  4.000000e+00  6.862001e+00  9.775781e+00
   endloop
 endfacet
 facet normal  6.816168e-04  3.071206e-01 -9.516704e-01
   outer loop
     vertex  5.000000e+00  7.129146e+00  9.870821e+00
     vertex  4.000000e+00  7.000000e+00  9.828427e+00
     vertex  3.838281e+00  7.161719e+00  9.880501e+00
   endloop
 endfacet
 facet normal -2.565460e-04  3.136817e-01 -9.495281e-01
   outer loop
     vertex  5.000000e+00  7.129146e+00  9.870821e+00
     vertex  5.000000e+00  6.989330e+00  9.824632e+00
     vertex  4.000000e+00  7.000000e+00  9.828427e+00
   endloop
 endfacet
 facet normal  8.410409e-04  2.529144e-01 -9.674883e-01
   outer loop
     vertex  5.000000e+00  7.271059e+00  9.910094e+00
     vertex  3.838281e+00  7.161719e+00  9.880501e+00
     vertex  3.673874e+00  7.326126e+00  9.923336e+00
   endloop
 endfacet
 facet normal -5.522178e-04  2.667127e-01 -9.637759e-01
   outer loop
     vertex  5.000000e+00  7.271059e+00  9.910094e+00
     vertex  5.000000e+00  7.129146e+00  9.870821e+00
     vertex  3.838281e+00  7.161719e+00  9.880501e+00
   endloop
 endfacet
 facet normal  8.463673e-04  1.977557e-01 -9.802510e-01
   outer loop
     vertex  5.000000e+00  7.414729e+00  9.942356e+00
     vertex  3.673874e+00  7.326126e+00  9.923336e+00
     vertex  3.507306e+00  7.492694e+00  9.956796e+00
   endloop
 endfacet
 facet normal -6.450448e-04  2.191012e-01 -9.757019e-01
   outer loop
     vertex  5.000000e+00  7.414729e+00  9.942356e+00
     vertex  5.000000e+00  7.271059e+00  9.910094e+00
     vertex  3.673874e+00  7.326126e+00  9.923336e+00
   endloop
 endfacet
 facet normal  7.402820e-04  1.418515e-01 -9.898877e-01
   outer loop
     vertex  5.000000e+00  7.559809e+00  9.967530e+00
     vertex  3.507306e+00  7.492694e+00  9.956796e+00
     vertex  3.339111e+00  7.660889e+00  9.980772e+00
   endloop
 endfacet
 facet normal -6.017311e-04  1.709619e-01 -9.852775e-01
   outer loop
     vertex  5.000000e+00  7.559809e+00  9.967530e+00
     vertex  5.000000e+00  7.414729e+00  9.942356e+00
     vertex  3.507306e+00  7.492694e+00  9.956796e+00
   endloop
 endfacet
 facet normal  5.515494e-04  8.540461e-02 -9.963462e-01
   outer loop
     vertex  5.000000e+00  7.705949e+00  9.985554e+00
     vertex  3.339111e+00  7.660889e+00  9.980772e+00
     vertex  3.169828e+00  7.830172e+00  9.995189e+00
   endloop
 endfacet
 facet normal -4.635401e-04  1.224107e-01 -9.924794e-01
   outer loop
     vertex  5.000000e+00  7.705949e+00  9.985554e+00
     vertex  5.000000e+00  7.559809e+00  9.967530e+00
     vertex  3.339111e+00  7.660889e+00  9.980772e+00
   endloop
 endfacet
 facet normal -2.570703e-04  7.356456e-02 -9.972904e-01
   outer loop
     vertex  5.000000e+00  7.852797e+00  9.996386e+00
     vertex  5.000000e+00  7.705949e+00  9.985554e+00
     vertex  3.169828e+00  7.830172e+00  9.995189e+00
   endloop
 endfacet
 facet normal  0.000000e+00  2.831596e-02 -9.995990e-01
   outer loop
     vertex  5.000000e+00  8.000000e+00  1.000000e+01
     vertex  3.169828e+00  7.830172e+00  9.995189e+00
     vertex  3.000000e+00  8.000000e+00  1.000000e+01
   endloop
 endfacet
 facet normal  3.505316e-04  2.454123e-02 -9.996988e-01
   outer loop
     vertex  5.000000e+00  8.000000e+00  1.000000e+01
     vertex  5.000000e+00  7.852797e+00  9.996386e+00
     vertex  3.169828e+00  7.830172e+00  9.995189e+00
   endloop
 endfacet
 facet normal -7.071068e-01 -7.071068e-01  0.000000e+00
   outer loop
     vertex  4.000000e+00  7.000000e+00  1.200000e+01
     vertex  3.000000e+00  8.000000e+00  1.000000e+01
     vertex  3.169828e+00  7.830172e+00  9.995189e+00
   endloop
 endfacet
 facet normal -7.071068e-01 -7.071068e-01 -6.703137e-16
   outer loop
     vertex  4.000000e+00  7.000000e+00  1.200000e+01
     vertex  3.169828e+00  7.830172e+00  9.995189e+00
     vertex  3.339111e+00  7.660889e+00  9.980772e+00
   endloop
 endfacet
 facet normal -7.071068e-01 -7.071068e-01  3.312705e-16
   outer loop
     vertex  4.000000e+00  7.000000e+00  1.200000e+01
     vertex  3.339111e+00  7.660889e+00  9.980772e+00
     vertex  3.507306e+00  7.492694e+00  9.956796e+00
   endloop
 endfacet
 facet normal -7.071068e-01 -7.071068e-01  0.000000e+00
   outer loop
     vertex  4.000000e+00  7.000000e+00  1.200000e+01
     vertex  3.507306e+00  7.492694e+00  9.956796e+00
     vertex  3.673874e+00  7.326126e+00  9.923336e+00
   endloop
 endfacet
 facet normal -7.071068e-01 -7.071068e-01 -2.899291e-16
   outer loop
     vertex  4.000000e+00  7.000000e+00  1.200000e+01
     vertex  3.673874e+00  7.326126e+00  9.923336e+00
     vertex  3.838281e+00  7.161719e+00  9.880501e+00
   endloop
 endfacet
 facet normal -7.071068e-01 -7.071068e-01 -0.000000e+00
   outer loop
     vertex  4.000000e+00  7.000000e+00  1.200000e+01
     vertex  3.838281e+00  7.161719e+00  9.880501e+00
     vertex  4.000000e+00  7.000000e+00  9.828427e+00
   endloop
 endfacet
 facet normal -7.071068e-01 -7.071068e-01  0.000000e+00
   outer loop
     vertex  2.000000e+00  9.000000e+00  1.000000e+01
     vertex  3.000000e+00  8.000000e+00  1.000000e+01
     vertex  4.000000e+00  7.000000e+00  1.200000e+01
   endloop
 endfacet
 facet normal -7.071068e-01 -7.071068e-01 -1.177569e-16
   outer loop
     vertex  2.000000e+00  9.000000e+00  1.400000e+01
     vertex  2.000000e+00  9.000000e+00  1.000000e+01
     vertex  4.000000e+00  7.000000e+00  1.200000e+01
   endloop
 endfacet
 facet normal  0.000000e+00 -1.000000e+00 -0.000000e+00
   outer loop
     vertex  2.000000e+00  9.000000e+00  1.400000e+01
     vertex -2.000000e+00  9.000000e+00  1.000000e+01
     vertex  2.000000e+00  9.000000e+00  1.000000e+01
   endloop
 endfacet
 facet normal -0.000000e+00 -1.000000e+00  0.000000e+00
   outer loop
     vertex  2.000000e+00  9.000000e+00  1.400000e+01
     vertex -2.000000e+00  9.000000e+00  1.400000e+01
     vertex -2.000000e+00  9.000000e+00  1.000000e+01
   endloop
 endfacet
 facet normal  7.071068e-01  7.071068e-01  0.000000e+00
   outer loop
     vertex -4.000000e+00 -7.000000e+00  1.200000e+01
     vertex -2.000000e+00 -9.000000e+00 -1.400000e+01
     vertex -4.000000e+00 -7.000000e+00 -1.200000e+01
   endloop
 endfacet
 facet normal  7.071068e-01  7.071068e-01  0.000000e+00
   outer loop
     vertex -2.000000e+00 -9.000000e+00  1.400000e+01
     vertex -2.000000e+00 -9.000000e+00 -1.400000e+01
     vertex -4.000000e+00 -7.000000e+00  1.200000e+01
   endloop
 endfacet
 facet normal  7.071068e-01  0.000000e+00 -7.071068e-01
   outer loop
     vertex -2.000000e+00  9.000000e+00  1.400000e+01
     vertex -2.000000e+00 -9.000000e+00  1.400000e+01
     vertex -4.000000e+00 -7.000000e+00  1.200000e+01
   endloop
 endfacet
 facet normal  7.071068e-01  0.000000e+00 -7.071068e-01
   outer loop
     vertex -2.000000e+00  9.000000e+00  1.400000e+01
     vertex -4.000000e+00 -7.000000e+00  1.200000e+01
     vertex -4.000000e+00  7.000000e+00  1.200000e+01
   endloop
 endfacet
 facet normal  7.071068e-01  0.000000e+00  7.071068e-01
   outer loop
     vertex -4.000000e+00  7.000000e+00 -1.200000e+01
     vertex -4.000000e+00 -7.000000e+00 -1.200000e+01
     vertex -2.000000e+00 -9.000000e+00 -1.400000e+01
   endloop
 endfacet
 facet normal  7.071068e-01  0.000000e+00  7.071068e-01
   outer loop
     vertex -2.000000e+00  9.000000e+00 -1.400000e+01
     vertex -4.000000e+00  7.000000e+00 -1.200000e+01
     vertex -2.000000e+00 -9.000000e+00 -1.400000e+01
   endloop
 endfacet
 facet normal  7.071068e-01  0.000000e+00 -7.071068e-01
   outer loop
     vertex  5.000000e+00  8.000000e+00 -1.300000e+01
     vertex  5.000000e+00 -8.000000e+00 -1.300000e+01
     vertex  3.000000e+00 -1.000000e+01 -1.500000e+01
   endloop
 endfacet
 facet normal  7.071068e-01  0.000000e+00 -7.071068e-01
   outer loop
     vertex  3.000000e+00  1.000000e+01 -1.500000e+01
     vertex  5.000000e+00  8.000000e+00 -1.300000e+01
     vertex  3.000000e+00 -1.000000e+01 -1.500000e+01
   endloop
 endfacet
 facet normal -7.071068e-01  7.071068e-01  0.000000e+00
   outer loop
     vertex  4.000000e+00 -7.000000e+00  1.200000e+01
     vertex  4.000000e+00 -7.000000e+00 -1.200000e+01
     vertex  2.000000e+00 -9.000000e+00 -1.400000e+01
   endloop
 endfacet
 facet normal -7.071068e-01  7.071068e-01 -5.046726e-17
   outer loop
     vertex  2.000000e+00 -9.000000e+00  1.400000e+01
     vertex  4.000000e+00 -7.000000e+00  1.200000e+01
     vertex  2.000000e+00 -9.000000e+00 -1.400000e+01
   endloop
 endfacet
 facet normal -7.071068e-01 -0.000000e+00 -7.071068e-01
   outer loop
     vertex  2.000000e+00  9.000000e+00  1.400000e+01
     vertex  4.000000e+00 -7.000000e+00  1.200000e+01
     vertex  2.000000e+00 -9.000000e+00  1.400000e+01
   endloop
 endfacet
 facet normal -7.071068e-01  0.000000e+00 -7.071068e-01
   outer loop
     vertex  2.000000e+00  9.000000e+00  1.400000e+01
     vertex  4.000000e+00  7.000000e+00  1.200000e+01
     vertex  4.000000e+00 -7.000000e+00  1.200000e+01
   endloop
 endfacet
 facet normal -7.071068e-01  0.000000e+00  7.071068e-01
   outer loop
     vertex  4.000000e+00  7.000000e+00 -1.200000e+01
     vertex  2.000000e+00 -9.000000e+00 -1.400000e+01
     vertex  4.000000e+00 -7.000000e+00 -1.200000e+01
   endloop
 endfacet
 facet normal -7.071068e-01  0.000000e+00  7.071068e-01
   outer loop
     vertex  2.000000e+00  9.000000e+00 -1.400000e+01
     vertex  2.000000e+00 -9.000000e+00 -1.400000e+01
     vertex  4.000000e+00  7.000000e+00 -1.200000e+01
   endloop
 endfacet
 facet normal -4.440892e-16  0.000000e+00  1.000000e+00
   outer loop
     vertex  2.000000e+00  9.000000e+00 -1.400000e+01
     vertex -2.000000e+00  9.000000e+00 -1.400000e+01
     vertex -2.000000e+00 -9.000000e+00 -1.400000e+01
   endloop
 endfacet
 facet normal -4.440892e-16  0.000000e+00  1.000000e+00
   outer loop
     vertex  2.000000e+00  9.000000e+00 -1.400000e+01
     vertex -2.000000e+00 -9.000000e+00 -1.400000e+01
     vertex  2.000000e+00 -9.000000e+00 -1.400000e+01
   endloop
 endfacet
 facet normal -0.000000e+00  0.000000e+00 -1.000000e+00
   outer loop
     vertex  2.000000e+00  9.000000e+00  1.400000e+01
     vertex -2.000000e+00 -9.000000e+00  1.400000e+01
     vertex -2.000000e+00  9.000000e+00  1.400000e+01
   endloop
 endfacet
 facet normal  0.000000e+00 -0.000000e+00 -1.000000e+00
   outer loop
     vertex  2.000000e+00  9.000000e+00  1.400000e+01
     vertex  2.000000e+00 -9.000000e+00  1.400000e+01
     vertex -2.000000e+00 -9.000000e+00  1.400000e+01
   endloop
 endfacet
 facet normal  0.000000e+00  1.000000e+00  0.000000e+00
   outer loop
     vertex  2.000000e+00 -9.000000e+00  1.400000e+01
     vertex  2.000000e+00 -9.000000e+00 -1.400000e+01
     vertex -2.000000e+00 -9.000000e+00 -1.400000e+01
   endloop
 endfacet
 facet normal  0.000000e+00  1.000000e+00  0.000000e+00
   outer loop
     vertex  2.000000e+00 -9.000000e+00  1.400000e+01
     vertex -2.000000e+00 -9.000000e+00 -1.400000e+01
     vertex -2.000000e+00 -9.000000e+00  1.400000e+01
   endloop
 endfacet
endsolid
