2021-12-13 21:34:12.257 [INF] Server: Pi Engine Room Controller Starting
2021-12-13 21:34:12.332 [INF] : NeoPixelHardwareRPI: Creating an RPI NeoPixel protocol on GPIO pin Gpio18 for 976 pixels.
2021-12-13 21:34:12.334 [INF] : WarpCore: Finished creating CoreStripProtocol
2021-12-13 21:34:12.334 [INF] : WarpCore: Finished creating CoreStrip
2021-12-13 21:34:12.337 [INF] : FastNoiseLite: Start Sampling Noise
2021-12-13 21:34:12.338 [INF] : FastNoiseLite: Noise Sampling produced a noise range of [1.000, -1.000] (R: -2.000) in 0.000 seconds
2021-12-13 21:34:12.485 [INF] : AnimationService starting.
2021-12-13 21:34:12.490 [INF] : RenderWorker is starting
2021-12-13 21:34:12.516 [INF] : 0.172: Power: 0.000, Freq: 3, Last Pulse: 0.172 - Next at: 3.172
2021-12-13 21:34:12.516 [INF] : 0.172: Pulse!!!!!!!!
2021-12-13 21:34:12.609 [INF] Microsoft.Hosting.Lifetime: Now listening on: http://[::]:4000
2021-12-13 21:34:12.610 [INF] Microsoft.Hosting.Lifetime: Application started. Press Ctrl+C to shut down.
2021-12-13 21:34:12.610 [INF] Microsoft.Hosting.Lifetime: Hosting environment: Development
2021-12-13 21:34:12.610 [INF] Microsoft.Hosting.Lifetime: Content root path: C:\Users\david\source\repos\space-sim\pi-engine-room\Server\
2021-12-13 21:34:15.501 [INF] : 3.172: Power: 0.000, Freq: 3, Last Pulse: 3.172 - Next at: 6.172
2021-12-13 21:34:15.501 [INF] : 3.172: Pulse!!!!!!!!
2021-12-13 21:34:18.502 [INF] : 6.173: Power: 0.000, Freq: 3, Last Pulse: 6.173 - Next at: 9.173
2021-12-13 21:34:18.502 [INF] : 6.173: Pulse!!!!!!!!
2021-12-13 21:34:21.503 [INF] : 9.174: Power: 0.000, Freq: 3, Last Pulse: 9.174 - Next at: 12.174
2021-12-13 21:34:21.503 [INF] : 9.174: Pulse!!!!!!!!
2021-12-13 21:34:24.505 [INF] : 12.176: Power: 0.000, Freq: 3, Last Pulse: 12.176 - Next at: 15.176
2021-12-13 21:34:24.505 [INF] : 12.176: Pulse!!!!!!!!
2021-12-13 21:34:25.000 [INF] : Setting simulation Power Level to 1.000
2021-12-13 21:34:25.003 [INF] : 12.673: Power: 0.000, Freq: 2.990712409616157, Last Pulse: 12.176 - Next at: 15.167
2021-12-13 21:34:25.005 [INF] : 12.676: Power: 0.001, Freq: 2.9808100076979933, Last Pulse: 12.176 - Next at: 15.157
2021-12-13 21:34:25.007 [INF] : 12.678: Power: 0.002, Freq: 2.97200244107308, Last Pulse: 12.176 - Next at: 15.148
2021-12-13 21:34:25.009 [INF] : 12.680: Power: 0.003, Freq: 2.9632873302049028, Last Pulse: 12.176 - Next at: 15.139
2021-12-13 21:34:25.011 [INF] : 12.682: Power: 0.004, Freq: 2.954605407036205, Last Pulse: 12.176 - Next at: 15.131
2021-12-13 21:34:25.014 [INF] : 12.684: Power: 0.005, Freq: 2.9450981392555633, Last Pulse: 12.176 - Next at: 15.121
2021-12-13 21:34:25.016 [INF] : 12.687: Power: 0.006, Freq: 2.9334286136916243, Last Pulse: 12.176 - Next at: 15.110
2021-12-13 21:34:25.019 [INF] : 12.689: Power: 0.008, Freq: 2.9231783450666953, Last Pulse: 12.176 - Next at: 15.099
2021-12-13 21:34:25.021 [INF] : 12.692: Power: 0.009, Freq: 2.9133067129225356, Last Pulse: 12.176 - Next at: 15.089
2021-12-13 21:34:25.023 [INF] : 12.694: Power: 0.010, Freq: 2.903580531829401, Last Pulse: 12.176 - Next at: 15.080
2021-12-13 21:34:25.026 [INF] : 12.697: Power: 0.011, Freq: 2.8944862202773054, Last Pulse: 12.176 - Next at: 15.071
2021-12-13 21:34:25.028 [INF] : 12.699: Power: 0.012, Freq: 2.885366199116613, Last Pulse: 12.176 - Next at: 15.061
2021-12-13 21:34:25.030 [INF] : 12.701: Power: 0.014, Freq: 2.876408764060512, Last Pulse: 12.176 - Next at: 15.052
2021-12-13 21:34:25.032 [INF] : 12.703: Power: 0.015, Freq: 2.8674709055062975, Last Pulse: 12.176 - Next at: 15.044
2021-12-13 21:34:25.034 [INF] : 12.705: Power: 0.016, Freq: 2.858499708225833, Last Pulse: 12.176 - Next at: 15.035
2021-12-13 21:34:25.037 [INF] : 12.707: Power: 0.017, Freq: 2.84757539800633, Last Pulse: 12.176 - Next at: 15.024
2021-12-13 21:34:25.039 [INF] : 12.710: Power: 0.018, Freq: 2.8385456762290553, Last Pulse: 12.176 - Next at: 15.015
2021-12-13 21:34:25.041 [INF] : 12.712: Power: 0.019, Freq: 2.829676855539989, Last Pulse: 12.176 - Next at: 15.006
2021-12-13 21:34:25.043 [INF] : 12.714: Power: 0.020, Freq: 2.8208480298318728, Last Pulse: 12.176 - Next at: 14.997
2021-12-13 21:34:25.046 [INF] : 12.717: Power: 0.021, Freq: 2.812044336758788, Last Pulse: 12.176 - Next at: 14.988
2021-12-13 21:34:25.048 [INF] : 12.719: Power: 0.022, Freq: 2.803235147832055, Last Pulse: 12.176 - Next at: 14.979
2021-12-13 21:34:25.050 [INF] : 12.721: Power: 0.024, Freq: 2.7935190847464857, Last Pulse: 12.176 - Next at: 14.970
2021-12-13 21:34:25.053 [INF] : 12.723: Power: 0.025, Freq: 2.783823931408302, Last Pulse: 12.176 - Next at: 14.960
2021-12-13 21:34:25.055 [INF] : 12.726: Power: 0.026, Freq: 2.773839763891057, Last Pulse: 12.176 - Next at: 14.950
2021-12-13 21:34:25.057 [INF] : 12.728: Power: 0.027, Freq: 2.764246492794474, Last Pulse: 12.176 - Next at: 14.940
2021-12-13 21:34:25.060 [INF] : 12.731: Power: 0.028, Freq: 2.754865458172459, Last Pulse: 12.176 - Next at: 14.931
2021-12-13 21:34:25.062 [INF] : 12.733: Power: 0.030, Freq: 2.745551476626446, Last Pulse: 12.176 - Next at: 14.922
2021-12-13 21:34:25.064 [INF] : 12.735: Power: 0.031, Freq: 2.736619169589581, Last Pulse: 12.176 - Next at: 14.913
2021-12-13 21:34:25.066 [INF] : 12.737: Power: 0.032, Freq: 2.7277237716947234, Last Pulse: 12.176 - Next at: 14.904
2021-12-13 21:34:25.069 [INF] : 12.740: Power: 0.033, Freq: 2.71893176375318, Last Pulse: 12.176 - Next at: 14.895
2021-12-13 21:34:25.071 [INF] : 12.742: Power: 0.034, Freq: 2.710168924254909, Last Pulse: 12.176 - Next at: 14.886
2021-12-13 21:34:25.073 [INF] : 12.744: Power: 0.035, Freq: 2.7015038661226147, Last Pulse: 12.176 - Next at: 14.878
2021-12-13 21:34:25.075 [INF] : 12.746: Power: 0.036, Freq: 2.6929827924141563, Last Pulse: 12.176 - Next at: 14.869
2021-12-13 21:34:25.077 [INF] : 12.748: Power: 0.037, Freq: 2.68399961877853, Last Pulse: 12.176 - Next at: 14.860
2021-12-13 21:34:25.080 [INF] : 12.751: Power: 0.038, Freq: 2.6749220821028015, Last Pulse: 12.176 - Next at: 14.851
2021-12-13 21:34:25.083 [INF] : 12.753: Power: 0.040, Freq: 2.66227506389744, Last Pulse: 12.176 - Next at: 14.838
2021-12-13 21:34:25.085 [INF] : 12.756: Power: 0.041, Freq: 2.652878232974165, Last Pulse: 12.176 - Next at: 14.829
2021-12-13 21:34:25.088 [INF] : 12.758: Power: 0.042, Freq: 2.64076608133494, Last Pulse: 12.176 - Next at: 14.817
2021-12-13 21:34:25.091 [INF] : 12.762: Power: 0.044, Freq: 2.63216719463359, Last Pulse: 12.176 - Next at: 14.808
2021-12-13 21:34:25.093 [INF] : 12.764: Power: 0.045, Freq: 2.623791951203999, Last Pulse: 12.176 - Next at: 14.800
2021-12-13 21:34:25.095 [INF] : 12.766: Power: 0.046, Freq: 2.6148926253304774, Last Pulse: 12.176 - Next at: 14.791
2021-12-13 21:34:25.098 [INF] : 12.768: Power: 0.047, Freq: 2.605372083588137, Last Pulse: 12.176 - Next at: 14.781
2021-12-13 21:34:25.101 [INF] : 12.771: Power: 0.048, Freq: 2.591440933620742, Last Pulse: 12.176 - Next at: 14.768
2021-12-13 21:34:25.104 [INF] : 12.774: Power: 0.050, Freq: 2.5792800767755035, Last Pulse: 12.176 - Next at: 14.755
2021-12-13 21:34:25.107 [INF] : 12.777: Power: 0.052, Freq: 2.570647000957336, Last Pulse: 12.176 - Next at: 14.747
2021-12-13 21:34:25.109 [INF] : 12.780: Power: 0.053, Freq: 2.5620301951836146, Last Pulse: 12.176 - Next at: 14.738
2021-12-13 21:34:25.111 [INF] : 12.782: Power: 0.054, Freq: 2.5534888116521754, Last Pulse: 12.176 - Next at: 14.730
2021-12-13 21:34:25.113 [INF] : 12.784: Power: 0.055, Freq: 2.544456003918864, Last Pulse: 12.176 - Next at: 14.721
2021-12-13 21:34:25.116 [INF] : 12.787: Power: 0.056, Freq: 2.535114789210841, Last Pulse: 12.176 - Next at: 14.711
2021-12-13 21:34:25.119 [INF] : 12.789: Power: 0.058, Freq: 2.5237370886705004, Last Pulse: 12.176 - Next at: 14.700
2021-12-13 21:34:25.121 [INF] : 12.792: Power: 0.059, Freq: 2.5151954150341096, Last Pulse: 12.176 - Next at: 14.691
2021-12-13 21:34:25.123 [INF] : 12.794: Power: 0.060, Freq: 2.5066177640855707, Last Pulse: 12.176 - Next at: 14.683
2021-12-13 21:34:25.126 [INF] : 12.797: Power: 0.061, Freq: 2.49779376140994, Last Pulse: 12.176 - Next at: 14.674
2021-12-13 21:34:25.128 [INF] : 12.799: Power: 0.063, Freq: 2.4894775044360062, Last Pulse: 12.176 - Next at: 14.666
2021-12-13 21:34:25.130 [INF] : 12.801: Power: 0.064, Freq: 2.481219047148851, Last Pulse: 12.176 - Next at: 14.657
2021-12-13 21:34:25.132 [INF] : 12.803: Power: 0.065, Freq: 2.47305987591455, Last Pulse: 12.176 - Next at: 14.649
2021-12-13 21:34:25.135 [INF] : 12.805: Power: 0.066, Freq: 2.4649841491172078, Last Pulse: 12.176 - Next at: 14.641
2021-12-13 21:34:25.137 [INF] : 12.808: Power: 0.067, Freq: 2.45691045137017, Last Pulse: 12.176 - Next at: 14.633
2021-12-13 21:34:25.139 [INF] : 12.810: Power: 0.068, Freq: 2.447530009192469, Last Pulse: 12.176 - Next at: 14.624
2021-12-13 21:34:25.142 [INF] : 12.812: Power: 0.069, Freq: 2.43649148806914, Last Pulse: 12.176 - Next at: 14.613
2021-12-13 21:34:25.146 [INF] : 12.815: Power: 0.071, Freq: 2.4237125141312874, Last Pulse: 12.176 - Next at: 14.600
2021-12-13 21:34:25.149 [INF] : 12.819: Power: 0.073, Freq: 2.410562889137071, Last Pulse: 12.176 - Next at: 14.587
2021-12-13 21:34:25.153 [INF] : 12.822: Power: 0.074, Freq: 2.3984165719752077, Last Pulse: 12.176 - Next at: 14.575
2021-12-13 21:34:25.156 [INF] : 12.826: Power: 0.076, Freq: 2.3868692385209553, Last Pulse: 12.176 - Next at: 14.563
2021-12-13 21:34:25.158 [INF] : 12.829: Power: 0.078, Freq: 2.3773471429525905, Last Pulse: 12.176 - Next at: 14.553
2021-12-13 21:34:25.161 [INF] : 12.831: Power: 0.079, Freq: 2.3694750138039486, Last Pulse: 12.176 - Next at: 14.546
2021-12-13 21:34:25.163 [INF] : 12.834: Power: 0.080, Freq: 2.3591379475703276, Last Pulse: 12.176 - Next at: 14.535
2021-12-13 21:34:25.166 [INF] : 12.837: Power: 0.081, Freq: 2.3504768645152, Last Pulse: 12.176 - Next at: 14.527
2021-12-13 21:34:25.168 [INF] : 12.839: Power: 0.083, Freq: 2.3417164422493846, Last Pulse: 12.176 - Next at: 14.518
2021-12-13 21:34:25.170 [INF] : 12.841: Power: 0.084, Freq: 2.3340488265587838, Last Pulse: 12.176 - Next at: 14.510
2021-12-13 21:34:25.173 [INF] : 12.843: Power: 0.085, Freq: 2.326399472109623, Last Pulse: 12.176 - Next at: 14.502
2021-12-13 21:34:25.175 [INF] : 12.846: Power: 0.086, Freq: 2.3186899645460004, Last Pulse: 12.176 - Next at: 14.495
2021-12-13 21:34:25.177 [INF] : 12.848: Power: 0.087, Freq: 2.310604842376902, Last Pulse: 12.176 - Next at: 14.487
2021-12-13 21:34:25.179 [INF] : 12.850: Power: 0.088, Freq: 2.3028890876276726, Last Pulse: 12.176 - Next at: 14.479
2021-12-13 21:34:25.181 [INF] : 12.852: Power: 0.089, Freq: 2.2952709626137837, Last Pulse: 12.176 - Next at: 14.471
2021-12-13 21:34:25.183 [INF] : 12.854: Power: 0.090, Freq: 2.2877110625393784, Last Pulse: 12.176 - Next at: 14.464
2021-12-13 21:34:25.186 [INF] : 12.857: Power: 0.091, Freq: 2.280172464867133, Last Pulse: 12.176 - Next at: 14.456
2021-12-13 21:34:25.188 [INF] : 12.859: Power: 0.092, Freq: 2.2723151244974638, Last Pulse: 12.176 - Next at: 14.448
2021-12-13 21:34:25.190 [INF] : 12.861: Power: 0.094, Freq: 2.264523727158533, Last Pulse: 12.176 - Next at: 14.441
2021-12-13 21:34:25.192 [INF] : 12.863: Power: 0.095, Freq: 2.256864662615346, Last Pulse: 12.176 - Next at: 14.433
2021-12-13 21:34:25.194 [INF] : 12.865: Power: 0.096, Freq: 2.2491177732103953, Last Pulse: 12.176 - Next at: 14.425
2021-12-13 21:34:25.197 [INF] : 12.868: Power: 0.097, Freq: 2.2416166709811147, Last Pulse: 12.176 - Next at: 14.418
2021-12-13 21:34:25.199 [INF] : 12.870: Power: 0.098, Freq: 2.2341515037633064, Last Pulse: 12.176 - Next at: 14.410
2021-12-13 21:34:25.201 [INF] : 12.872: Power: 0.099, Freq: 2.226596463301307, Last Pulse: 12.176 - Next at: 14.403
2021-12-13 21:34:25.203 [INF] : 12.874: Power: 0.100, Freq: 2.218248652567943, Last Pulse: 12.176 - Next at: 14.394
2021-12-13 21:34:25.206 [INF] : 12.877: Power: 0.101, Freq: 2.210025158947194, Last Pulse: 12.176 - Next at: 14.386
2021-12-13 21:34:25.208 [INF] : 12.879: Power: 0.103, Freq: 2.2018564588912404, Last Pulse: 12.176 - Next at: 14.378
2021-12-13 21:34:25.211 [INF] : 12.881: Power: 0.104, Freq: 2.1903506774982304, Last Pulse: 12.176 - Next at: 14.366
2021-12-13 21:34:25.215 [INF] : 12.885: Power: 0.105, Freq: 2.178358035955308, Last Pulse: 12.176 - Next at: 14.354
2021-12-13 21:34:25.218 [INF] : 12.888: Power: 0.107, Freq: 2.1665472392495646, Last Pulse: 12.176 - Next at: 14.343
2021-12-13 21:34:25.222 [INF] : 12.892: Power: 0.109, Freq: 2.1547455239865445, Last Pulse: 12.176 - Next at: 14.331
2021-12-13 21:34:25.225 [INF] : 12.895: Power: 0.111, Freq: 2.142824242035993, Last Pulse: 12.176 - Next at: 14.319
2021-12-13 21:34:25.229 [INF] : 12.899: Power: 0.112, Freq: 2.130919453372576, Last Pulse: 12.176 - Next at: 14.307
2021-12-13 21:34:25.233 [INF] : 12.902: Power: 0.114, Freq: 2.119201494655945, Last Pulse: 12.176 - Next at: 14.295
2021-12-13 21:34:25.236 [INF] : 12.906: Power: 0.116, Freq: 2.107645320932912, Last Pulse: 12.176 - Next at: 14.284
2021-12-13 21:34:25.239 [INF] : 12.909: Power: 0.118, Freq: 2.0983437589048313, Last Pulse: 12.176 - Next at: 14.274
2021-12-13 21:34:25.241 [INF] : 12.912: Power: 0.119, Freq: 2.090944077065563, Last Pulse: 12.176 - Next at: 14.267
2021-12-13 21:34:25.243 [INF] : 12.914: Power: 0.120, Freq: 2.083745361424793, Last Pulse: 12.176 - Next at: 14.260
2021-12-13 21:34:25.245 [INF] : 12.916: Power: 0.121, Freq: 2.076600029418578, Last Pulse: 12.176 - Next at: 14.253
2021-12-13 21:34:25.248 [INF] : 12.918: Power: 0.122, Freq: 2.0674805184645018, Last Pulse: 12.176 - Next at: 14.244
2021-12-13 21:34:25.250 [INF] : 12.921: Power: 0.124, Freq: 2.0604074224180273, Last Pulse: 12.176 - Next at: 14.236
2021-12-13 21:34:25.252 [INF] : 12.923: Power: 0.125, Freq: 2.053401716078304, Last Pulse: 12.176 - Next at: 14.229
2021-12-13 21:34:25.255 [INF] : 12.925: Power: 0.126, Freq: 2.046257414084536, Last Pulse: 12.176 - Next at: 14.222
2021-12-13 21:34:25.257 [INF] : 12.928: Power: 0.127, Freq: 2.037752055003275, Last Pulse: 12.176 - Next at: 14.214
2021-12-13 21:34:25.261 [INF] : 12.930: Power: 0.128, Freq: 2.0261369413922647, Last Pulse: 12.176 - Next at: 14.202
2021-12-13 21:34:25.264 [INF] : 12.934: Power: 0.130, Freq: 2.0147638483582293, Last Pulse: 12.176 - Next at: 14.191
2021-12-13 21:34:25.268 [INF] : 12.937: Power: 0.132, Freq: 2.0034095350761145, Last Pulse: 12.176 - Next at: 14.179
2021-12-13 21:34:25.271 [INF] : 12.941: Power: 0.134, Freq: 1.9920186351662974, Last Pulse: 12.176 - Next at: 14.168
2021-12-13 21:34:25.274 [INF] : 12.945: Power: 0.135, Freq: 1.9823200749088306, Last Pulse: 12.176 - Next at: 14.158
2021-12-13 21:34:25.277 [INF] : 12.948: Power: 0.137, Freq: 1.975439688966639, Last Pulse: 12.176 - Next at: 14.152
2021-12-13 21:34:25.279 [INF] : 12.950: Power: 0.138, Freq: 1.968625027829018, Last Pulse: 12.176 - Next at: 14.145
2021-12-13 21:34:25.281 [INF] : 12.952: Power: 0.139, Freq: 1.961810280226903, Last Pulse: 12.176 - Next at: 14.138
2021-12-13 21:34:25.283 [INF] : 12.954: Power: 0.140, Freq: 1.955034962860354, Last Pulse: 12.176 - Next at: 14.131
2021-12-13 21:34:25.285 [INF] : 12.956: Power: 0.141, Freq: 1.948267437309392, Last Pulse: 12.176 - Next at: 14.124
2021-12-13 21:34:25.288 [INF] : 12.958: Power: 0.142, Freq: 1.94089327704471, Last Pulse: 12.176 - Next at: 14.117
2021-12-13 21:34:25.290 [INF] : 12.961: Power: 0.143, Freq: 1.9329025756759801, Last Pulse: 12.176 - Next at: 14.109
2021-12-13 21:34:25.292 [INF] : 12.963: Power: 0.145, Freq: 1.926140612799402, Last Pulse: 12.176 - Next at: 14.102
2021-12-13 21:34:25.294 [INF] : 12.965: Power: 0.146, Freq: 1.9194548816104058, Last Pulse: 12.176 - Next at: 14.096
2021-12-13 21:34:25.297 [INF] : 12.967: Power: 0.147, Freq: 1.9127971213866057, Last Pulse: 12.176 - Next at: 14.089
2021-12-13 21:34:25.299 [INF] : 12.970: Power: 0.148, Freq: 1.9060755974828945, Last Pulse: 12.176 - Next at: 14.082
2021-12-13 21:34:25.301 [INF] : 12.972: Power: 0.149, Freq: 1.8994354052173745, Last Pulse: 12.176 - Next at: 14.076
2021-12-13 21:34:25.303 [INF] : 12.974: Power: 0.150, Freq: 1.8923179999612292, Last Pulse: 12.176 - Next at: 14.068
2021-12-13 21:34:25.305 [INF] : 12.976: Power: 0.151, Freq: 1.8854041900977436, Last Pulse: 12.176 - Next at: 14.061
2021-12-13 21:34:25.308 [INF] : 12.979: Power: 0.152, Freq: 1.8787730491662222, Last Pulse: 12.176 - Next at: 14.055
2021-12-13 21:34:25.310 [INF] : 12.981: Power: 0.153, Freq: 1.8721389609738803, Last Pulse: 12.176 - Next at: 14.048
2021-12-13 21:34:25.312 [INF] : 12.983: Power: 0.155, Freq: 1.8654883421965245, Last Pulse: 12.176 - Next at: 14.042
2021-12-13 21:34:25.314 [INF] : 12.985: Power: 0.156, Freq: 1.8588724987180791, Last Pulse: 12.176 - Next at: 14.035
2021-12-13 21:34:25.316 [INF] : 12.987: Power: 0.157, Freq: 1.852286724169249, Last Pulse: 12.176 - Next at: 14.028
2021-12-13 21:34:25.319 [INF] : 12.989: Power: 0.158, Freq: 1.8455518694418422, Last Pulse: 12.176 - Next at: 14.022
2021-12-13 21:34:25.321 [INF] : 12.992: Power: 0.159, Freq: 1.838862247570744, Last Pulse: 12.176 - Next at: 14.015
2021-12-13 21:34:25.323 [INF] : 12.994: Power: 0.160, Freq: 1.8322816916867126, Last Pulse: 12.176 - Next at: 14.008
2021-12-13 21:34:25.325 [INF] : 12.996: Power: 0.161, Freq: 1.8254971349879716, Last Pulse: 12.176 - Next at: 14.002
2021-12-13 21:34:25.328 [INF] : 12.998: Power: 0.162, Freq: 1.8172642890022666, Last Pulse: 12.176 - Next at: 13.993
2021-12-13 21:34:25.331 [INF] : 13.001: Power: 0.164, Freq: 1.8075207255299552, Last Pulse: 12.176 - Next at: 13.984
2021-12-13 21:34:25.334 [INF] : 13.004: Power: 0.165, Freq: 1.7997064682440804, Last Pulse: 12.176 - Next at: 13.976
2021-12-13 21:34:25.336 [INF] : 13.007: Power: 0.167, Freq: 1.7931617521956773, Last Pulse: 12.176 - Next at: 13.969
2021-12-13 21:34:25.339 [INF] : 13.009: Power: 0.168, Freq: 1.7858999367520014, Last Pulse: 12.176 - Next at: 13.962
2021-12-13 21:34:25.341 [INF] : 13.012: Power: 0.169, Freq: 1.779412719737797, Last Pulse: 12.176 - Next at: 13.956
2021-12-13 21:34:25.343 [INF] : 13.014: Power: 0.170, Freq: 1.7729908433834194, Last Pulse: 12.176 - Next at: 13.949
2021-12-13 21:34:25.345 [INF] : 13.016: Power: 0.171, Freq: 1.766627459796333, Last Pulse: 12.176 - Next at: 13.943
2021-12-13 21:34:25.347 [INF] : 13.018: Power: 0.172, Freq: 1.7603064423119565, Last Pulse: 12.176 - Next at: 13.936
2021-12-13 21:34:25.349 [INF] : 13.020: Power: 0.173, Freq: 1.753897016611069, Last Pulse: 12.176 - Next at: 13.930
2021-12-13 21:34:25.352 [INF] : 13.022: Power: 0.174, Freq: 1.747583381844606, Last Pulse: 12.176 - Next at: 13.924
2021-12-13 21:34:25.354 [INF] : 13.025: Power: 0.175, Freq: 1.7409509802183591, Last Pulse: 12.176 - Next at: 13.917
2021-12-13 21:34:25.356 [INF] : 13.027: Power: 0.177, Freq: 1.7345968095915116, Last Pulse: 12.176 - Next at: 13.911
2021-12-13 21:34:25.358 [INF] : 13.029: Power: 0.178, Freq: 1.7283080130577528, Last Pulse: 12.176 - Next at: 13.904
2021-12-13 21:34:25.360 [INF] : 13.031: Power: 0.179, Freq: 1.7221066106092762, Last Pulse: 12.176 - Next at: 13.898
2021-12-13 21:34:25.363 [INF] : 13.033: Power: 0.180, Freq: 1.7158761623957188, Last Pulse: 12.176 - Next at: 13.892
2021-12-13 21:34:25.365 [INF] : 13.036: Power: 0.181, Freq: 1.7093701912418071, Last Pulse: 12.176 - Next at: 13.885
2021-12-13 21:34:25.367 [INF] : 13.038: Power: 0.182, Freq: 1.7031783103545055, Last Pulse: 12.176 - Next at: 13.879
2021-12-13 21:34:25.369 [INF] : 13.040: Power: 0.183, Freq: 1.6970238929092971, Last Pulse: 12.176 - Next at: 13.873
2021-12-13 21:34:25.371 [INF] : 13.042: Power: 0.184, Freq: 1.6908205005975463, Last Pulse: 12.176 - Next at: 13.867
2021-12-13 21:34:25.373 [INF] : 13.044: Power: 0.185, Freq: 1.6846900214586575, Last Pulse: 12.176 - Next at: 13.861
2021-12-13 21:34:25.376 [INF] : 13.047: Power: 0.186, Freq: 1.678583726603974, Last Pulse: 12.176 - Next at: 13.855
2021-12-13 21:34:25.378 [INF] : 13.049: Power: 0.188, Freq: 1.6725316474266405, Last Pulse: 12.176 - Next at: 13.849
2021-12-13 21:34:25.380 [INF] : 13.051: Power: 0.189, Freq: 1.666368122484229, Last Pulse: 12.176 - Next at: 13.842
2021-12-13 21:34:25.382 [INF] : 13.053: Power: 0.190, Freq: 1.6603108370922413, Last Pulse: 12.176 - Next at: 13.836
2021-12-13 21:34:25.384 [INF] : 13.055: Power: 0.191, Freq: 1.6543090724385936, Last Pulse: 12.176 - Next at: 13.830
2021-12-13 21:34:25.386 [INF] : 13.057: Power: 0.192, Freq: 1.6482856360264992, Last Pulse: 12.176 - Next at: 13.824
2021-12-13 21:34:25.389 [INF] : 13.060: Power: 0.193, Freq: 1.6421947082065282, Last Pulse: 12.176 - Next at: 13.818
2021-12-13 21:34:25.391 [INF] : 13.062: Power: 0.194, Freq: 1.6362186313993903, Last Pulse: 12.176 - Next at: 13.812
2021-12-13 21:34:25.393 [INF] : 13.064: Power: 0.195, Freq: 1.630262675014632, Last Pulse: 12.176 - Next at: 13.806
2021-12-13 21:34:25.395 [INF] : 13.066: Power: 0.196, Freq: 1.6243298147563514, Last Pulse: 12.176 - Next at: 13.800
2021-12-13 21:34:25.397 [INF] : 13.068: Power: 0.197, Freq: 1.6180251895381057, Last Pulse: 12.176 - Next at: 13.794
2021-12-13 21:34:25.400 [INF] : 13.070: Power: 0.198, Freq: 1.6120697544270266, Last Pulse: 12.176 - Next at: 13.788
2021-12-13 21:34:25.402 [INF] : 13.073: Power: 0.199, Freq: 1.6061752555861075, Last Pulse: 12.176 - Next at: 13.782
2021-12-13 21:34:25.404 [INF] : 13.075: Power: 0.201, Freq: 1.6002249583421577, Last Pulse: 12.176 - Next at: 13.776
2021-12-13 21:34:25.406 [INF] : 13.077: Power: 0.202, Freq: 1.5941381841605267, Last Pulse: 12.176 - Next at: 13.770
2021-12-13 21:34:25.408 [INF] : 13.079: Power: 0.203, Freq: 1.5882735856716153, Last Pulse: 12.176 - Next at: 13.764
2021-12-13 21:34:25.410 [INF] : 13.081: Power: 0.204, Freq: 1.5824519104596182, Last Pulse: 12.176 - Next at: 13.759
2021-12-13 21:34:25.413 [INF] : 13.084: Power: 0.205, Freq: 1.5764982766340048, Last Pulse: 12.176 - Next at: 13.753
2021-12-13 21:34:25.415 [INF] : 13.086: Power: 0.206, Freq: 1.5706950032413751, Last Pulse: 12.176 - Next at: 13.747
2021-12-13 21:34:25.417 [INF] : 13.088: Power: 0.207, Freq: 1.564870769980236, Last Pulse: 12.176 - Next at: 13.741
2021-12-13 21:34:25.419 [INF] : 13.090: Power: 0.208, Freq: 1.5591183420752723, Last Pulse: 12.176 - Next at: 13.735
2021-12-13 21:34:25.421 [INF] : 13.092: Power: 0.209, Freq: 1.5530973747059547, Last Pulse: 12.176 - Next at: 13.729
2021-12-13 21:34:25.424 [INF] : 13.094: Power: 0.210, Freq: 1.5473537983053425, Last Pulse: 12.176 - Next at: 13.723
2021-12-13 21:34:25.426 [INF] : 13.097: Power: 0.211, Freq: 1.5416320145460398, Last Pulse: 12.176 - Next at: 13.718
2021-12-13 21:34:25.428 [INF] : 13.099: Power: 0.213, Freq: 1.535585665117835, Last Pulse: 12.176 - Next at: 13.712
2021-12-13 21:34:25.430 [INF] : 13.101: Power: 0.214, Freq: 1.5298712956732017, Last Pulse: 12.176 - Next at: 13.706
2021-12-13 21:34:25.432 [INF] : 13.103: Power: 0.215, Freq: 1.5241968429387, Last Pulse: 12.176 - Next at: 13.700
2021-12-13 21:34:25.434 [INF] : 13.105: Power: 0.216, Freq: 1.5185505513631805, Last Pulse: 12.176 - Next at: 13.695
2021-12-13 21:34:25.437 [INF] : 13.108: Power: 0.217, Freq: 1.5128768734698845, Last Pulse: 12.176 - Next at: 13.689
2021-12-13 21:34:25.439 [INF] : 13.110: Power: 0.218, Freq: 1.5072126416448273, Last Pulse: 12.176 - Next at: 13.683
2021-12-13 21:34:25.441 [INF] : 13.112: Power: 0.219, Freq: 1.5015927230103159, Last Pulse: 12.176 - Next at: 13.678
2021-12-13 21:34:25.443 [INF] : 13.114: Power: 0.220, Freq: 1.495771092421336, Last Pulse: 12.176 - Next at: 13.672
2021-12-13 21:34:25.445 [INF] : 13.116: Power: 0.221, Freq: 1.4901321568997699, Last Pulse: 12.176 - Next at: 13.666
2021-12-13 21:34:25.448 [INF] : 13.118: Power: 0.222, Freq: 1.4845105419757088, Last Pulse: 12.176 - Next at: 13.661
2021-12-13 21:34:25.450 [INF] : 13.121: Power: 0.223, Freq: 1.4789519698907043, Last Pulse: 12.176 - Next at: 13.655
2021-12-13 21:34:25.452 [INF] : 13.123: Power: 0.225, Freq: 1.4734134688391907, Last Pulse: 12.176 - Next at: 13.650
2021-12-13 21:34:25.454 [INF] : 13.125: Power: 0.226, Freq: 1.4676822987306024, Last Pulse: 12.176 - Next at: 13.644
2021-12-13 21:34:25.456 [INF] : 13.127: Power: 0.227, Freq: 1.461792354883411, Last Pulse: 12.176 - Next at: 13.638
2021-12-13 21:34:25.459 [INF] : 13.129: Power: 0.228, Freq: 1.456130385037241, Last Pulse: 12.176 - Next at: 13.632
2021-12-13 21:34:25.461 [INF] : 13.132: Power: 0.229, Freq: 1.4506314447450683, Last Pulse: 12.176 - Next at: 13.627
2021-12-13 21:34:25.463 [INF] : 13.134: Power: 0.230, Freq: 1.4451636269762207, Last Pulse: 12.176 - Next at: 13.621
2021-12-13 21:34:25.465 [INF] : 13.136: Power: 0.231, Freq: 1.4397426529747608, Last Pulse: 12.176 - Next at: 13.616
2021-12-13 21:34:25.467 [INF] : 13.138: Power: 0.232, Freq: 1.434320996019085, Last Pulse: 12.176 - Next at: 13.610
2021-12-13 21:34:25.469 [INF] : 13.140: Power: 0.233, Freq: 1.4288985177191442, Last Pulse: 12.176 - Next at: 13.605
2021-12-13 21:34:25.472 [INF] : 13.142: Power: 0.234, Freq: 1.4234408517758395, Last Pulse: 12.176 - Next at: 13.600
2021-12-13 21:34:25.475 [INF] : 13.145: Power: 0.235, Freq: 1.4160929841601357, Last Pulse: 12.176 - Next at: 13.592
2021-12-13 21:34:25.478 [INF] : 13.148: Power: 0.237, Freq: 1.407135544453959, Last Pulse: 12.176 - Next at: 13.583
2021-12-13 21:34:25.482 [INF] : 13.151: Power: 0.239, Freq: 1.3983607438807033, Last Pulse: 12.176 - Next at: 13.574
2021-12-13 21:34:25.485 [INF] : 13.155: Power: 0.241, Freq: 1.3898256670143063, Last Pulse: 12.176 - Next at: 13.566
2021-12-13 21:34:25.489 [INF] : 13.158: Power: 0.242, Freq: 1.380537672459715, Last Pulse: 12.176 - Next at: 13.557
2021-12-13 21:34:25.493 [INF] : 13.162: Power: 0.244, Freq: 1.3719834828699362, Last Pulse: 12.176 - Next at: 13.548
2021-12-13 21:34:25.496 [INF] : 13.166: Power: 0.246, Freq: 1.3646331797103173, Last Pulse: 12.176 - Next at: 13.541
2021-12-13 21:34:25.498 [INF] : 13.169: Power: 0.247, Freq: 1.35934556014674, Last Pulse: 12.176 - Next at: 13.535
2021-12-13 21:34:25.500 [INF] : 13.171: Power: 0.249, Freq: 1.3541512967564413, Last Pulse: 12.176 - Next at: 13.530
2021-12-13 21:34:25.502 [INF] : 13.173: Power: 0.250, Freq: 1.3489452860565188, Last Pulse: 12.176 - Next at: 13.525
2021-12-13 21:34:25.505 [INF] : 13.175: Power: 0.251, Freq: 1.342769523148624, Last Pulse: 12.176 - Next at: 13.519
2021-12-13 21:34:25.507 [INF] : 13.178: Power: 0.252, Freq: 1.3374728553456159, Last Pulse: 12.176 - Next at: 13.514
2021-12-13 21:34:25.509 [INF] : 13.180: Power: 0.253, Freq: 1.3323409819548957, Last Pulse: 12.176 - Next at: 13.508
2021-12-13 21:34:25.511 [INF] : 13.182: Power: 0.254, Freq: 1.3272234412200081, Last Pulse: 12.176 - Next at: 13.503
2021-12-13 21:34:25.513 [INF] : 13.184: Power: 0.255, Freq: 1.3221277813792858, Last Pulse: 12.176 - Next at: 13.498
2021-12-13 21:34:25.515 [INF] : 13.186: Power: 0.256, Freq: 1.3170428397493994, Last Pulse: 12.176 - Next at: 13.493
2021-12-13 21:34:25.518 [INF] : 13.188: Power: 0.257, Freq: 1.3119611081309304, Last Pulse: 12.176 - Next at: 13.488
2021-12-13 21:34:25.521 [INF] : 13.191: Power: 0.258, Freq: 1.3036808702614835, Last Pulse: 12.176 - Next at: 13.480
2021-12-13 21:34:25.525 [INF] : 13.194: Power: 0.260, Freq: 1.2954202736441216, Last Pulse: 12.176 - Next at: 13.472
2021-12-13 21:34:25.528 [INF] : 13.198: Power: 0.262, Freq: 1.287268020182844, Last Pulse: 12.176 - Next at: 13.463
2021-12-13 21:34:25.532 [INF] : 13.201: Power: 0.264, Freq: 1.2791070352513971, Last Pulse: 12.176 - Next at: 13.455
2021-12-13 21:34:25.535 [INF] : 13.205: Power: 0.266, Freq: 1.2720951592902705, Last Pulse: 12.176 - Next at: 13.448
2021-12-13 21:34:25.537 [INF] : 13.208: Power: 0.267, Freq: 1.2663255694180784, Last Pulse: 12.176 - Next at: 13.442
2021-12-13 21:34:25.540 [INF] : 13.210: Power: 0.268, Freq: 1.2612115484239008, Last Pulse: 12.176 - Next at: 13.437
2021-12-13 21:34:25.542 [INF] : 13.213: Power: 0.269, Freq: 1.254553297545226, Last Pulse: 12.176 - Next at: 13.431
2021-12-13 21:34:25.545 [INF] : 13.216: Power: 0.271, Freq: 1.249093855688927, Last Pulse: 12.176 - Next at: 13.425
2021-12-13 21:34:25.547 [INF] : 13.218: Power: 0.272, Freq: 1.2438987436203224, Last Pulse: 12.176 - Next at: 13.420
2021-12-13 21:34:25.549 [INF] : 13.220: Power: 0.273, Freq: 1.2390047659514043, Last Pulse: 12.176 - Next at: 13.415
2021-12-13 21:34:25.553 [INF] : 13.222: Power: 0.274, Freq: 1.2313145341080596, Last Pulse: 12.176 - Next at: 13.407
2021-12-13 21:34:25.556 [INF] : 13.226: Power: 0.276, Freq: 1.223405512188404, Last Pulse: 12.176 - Next at: 13.399
2021-12-13 21:34:25.559 [INF] : 13.229: Power: 0.278, Freq: 1.2165702540735257, Last Pulse: 12.176 - Next at: 13.393
2021-12-13 21:34:25.562 [INF] : 13.232: Power: 0.279, Freq: 1.2117577475249601, Last Pulse: 12.176 - Next at: 13.388
2021-12-13 21:34:25.564 [INF] : 13.235: Power: 0.280, Freq: 1.206972317533264, Last Pulse: 12.176 - Next at: 13.383
2021-12-13 21:34:25.566 [INF] : 13.237: Power: 0.282, Freq: 1.2019900943826047, Last Pulse: 12.176 - Next at: 13.378
2021-12-13 21:34:25.568 [INF] : 13.239: Power: 0.283, Freq: 1.1971935079592435, Last Pulse: 12.176 - Next at: 13.373
2021-12-13 21:34:25.570 [INF] : 13.241: Power: 0.284, Freq: 1.1924032155284185, Last Pulse: 12.176 - Next at: 13.368
2021-12-13 21:34:25.573 [INF] : 13.243: Power: 0.285, Freq: 1.187645863674436, Last Pulse: 12.176 - Next at: 13.364
2021-12-13 21:34:25.575 [INF] : 13.246: Power: 0.286, Freq: 1.182955163605306, Last Pulse: 12.176 - Next at: 13.359
2021-12-13 21:34:25.577 [INF] : 13.248: Power: 0.287, Freq: 1.1782836043562224, Last Pulse: 12.176 - Next at: 13.354
2021-12-13 21:34:25.579 [INF] : 13.250: Power: 0.288, Freq: 1.1736328474136883, Last Pulse: 12.176 - Next at: 13.350
2021-12-13 21:34:25.581 [INF] : 13.252: Power: 0.289, Freq: 1.1688919065528391, Last Pulse: 12.176 - Next at: 13.345
2021-12-13 21:34:25.583 [INF] : 13.254: Power: 0.290, Freq: 1.1642167199316824, Last Pulse: 12.176 - Next at: 13.340
2021-12-13 21:34:25.585 [INF] : 13.256: Power: 0.291, Freq: 1.1595890305059349, Last Pulse: 12.176 - Next at: 13.336
2021-12-13 21:34:25.588 [INF] : 13.259: Power: 0.292, Freq: 1.15490204026024, Last Pulse: 12.176 - Next at: 13.331
2021-12-13 21:34:25.590 [INF] : 13.261: Power: 0.294, Freq: 1.1502644622828506, Last Pulse: 12.176 - Next at: 13.326
2021-12-13 21:34:25.592 [INF] : 13.263: Power: 0.295, Freq: 1.1456814647801952, Last Pulse: 12.176 - Next at: 13.322
2021-12-13 21:34:25.594 [INF] : 13.265: Power: 0.296, Freq: 1.1411226351971748, Last Pulse: 12.176 - Next at: 13.317
2021-12-13 21:34:25.596 [INF] : 13.267: Power: 0.297, Freq: 1.1365800606654868, Last Pulse: 12.176 - Next at: 13.313
2021-12-13 21:34:25.599 [INF] : 13.269: Power: 0.298, Freq: 1.1318730082448658, Last Pulse: 12.176 - Next at: 13.308
2021-12-13 21:34:25.601 [INF] : 13.272: Power: 0.299, Freq: 1.12731582565149, Last Pulse: 12.176 - Next at: 13.303
2021-12-13 21:34:25.603 [INF] : 13.274: Power: 0.300, Freq: 1.1227533482757757, Last Pulse: 12.176 - Next at: 13.299
2021-12-13 21:34:25.605 [INF] : 13.276: Power: 0.301, Freq: 1.1180473326728129, Last Pulse: 12.176 - Next at: 13.294
2021-12-13 21:34:25.607 [INF] : 13.278: Power: 0.302, Freq: 1.113342413519421, Last Pulse: 12.176 - Next at: 13.289
2021-12-13 21:34:25.610 [INF] : 13.280: Power: 0.303, Freq: 1.1088523073656216, Last Pulse: 12.176 - Next at: 13.285
2021-12-13 21:34:25.612 [INF] : 13.283: Power: 0.304, Freq: 1.1044015319144906, Last Pulse: 12.176 - Next at: 13.280
2021-12-13 21:34:25.612 [INF] : 13.283: Power: 0.306, Freq: 1.1044015319144906, Last Pulse: 13.283 - Next at: 14.387
2021-12-13 21:34:25.612 [INF] : 13.283: Pulse!!!!!!!!
2021-12-13 21:34:25.614 [INF] : 13.285: Power: 0.306, Freq: 1.099872482865246, Last Pulse: 13.283 - Next at: 14.383
2021-12-13 21:34:25.616 [INF] : 13.287: Power: 0.307, Freq: 1.0954391127074865, Last Pulse: 13.283 - Next at: 14.378
2021-12-13 21:34:25.618 [INF] : 13.289: Power: 0.308, Freq: 1.0910291572573954, Last Pulse: 13.283 - Next at: 14.374
2021-12-13 21:34:25.620 [INF] : 13.291: Power: 0.309, Freq: 1.0865932373956204, Last Pulse: 13.283 - Next at: 14.369
2021-12-13 21:34:25.623 [INF] : 13.294: Power: 0.310, Freq: 1.082162147493985, Last Pulse: 13.283 - Next at: 14.365
2021-12-13 21:34:25.625 [INF] : 13.296: Power: 0.311, Freq: 1.077787943424144, Last Pulse: 13.283 - Next at: 14.360
2021-12-13 21:34:25.627 [INF] : 13.298: Power: 0.312, Freq: 1.0733838848306072, Last Pulse: 13.283 - Next at: 14.356
2021-12-13 21:34:25.629 [INF] : 13.300: Power: 0.313, Freq: 1.0689779044308758, Last Pulse: 13.283 - Next at: 14.352
2021-12-13 21:34:25.631 [INF] : 13.302: Power: 0.314, Freq: 1.064620828652351, Last Pulse: 13.283 - Next at: 14.347
2021-12-13 21:34:25.633 [INF] : 13.304: Power: 0.315, Freq: 1.0602957240399682, Last Pulse: 13.283 - Next at: 14.343
2021-12-13 21:34:25.636 [INF] : 13.307: Power: 0.316, Freq: 1.0559769086395225, Last Pulse: 13.283 - Next at: 14.339
2021-12-13 21:34:25.638 [INF] : 13.309: Power: 0.318, Freq: 1.051640810961271, Last Pulse: 13.283 - Next at: 14.334
2021-12-13 21:34:25.640 [INF] : 13.311: Power: 0.319, Freq: 1.0473284633041102, Last Pulse: 13.283 - Next at: 14.330
2021-12-13 21:34:25.642 [INF] : 13.313: Power: 0.320, Freq: 1.0430492152813902, Last Pulse: 13.283 - Next at: 14.326
2021-12-13 21:34:25.644 [INF] : 13.315: Power: 0.321, Freq: 1.0387818243880897, Last Pulse: 13.283 - Next at: 14.321
2021-12-13 21:34:25.647 [INF] : 13.317: Power: 0.322, Freq: 1.033997871637085, Last Pulse: 13.283 - Next at: 14.317
2021-12-13 21:34:25.649 [INF] : 13.320: Power: 0.323, Freq: 1.0297625111252289, Last Pulse: 13.283 - Next at: 14.312
2021-12-13 21:34:25.651 [INF] : 13.322: Power: 0.324, Freq: 1.0256446402914934, Last Pulse: 13.283 - Next at: 14.308
2021-12-13 21:34:25.654 [INF] : 13.324: Power: 0.325, Freq: 1.0208211019652895, Last Pulse: 13.283 - Next at: 14.303
2021-12-13 21:34:25.656 [INF] : 13.327: Power: 0.326, Freq: 1.0158479905858315, Last Pulse: 13.283 - Next at: 14.298
2021-12-13 21:34:25.659 [INF] : 13.329: Power: 0.328, Freq: 1.0104310669972487, Last Pulse: 13.283 - Next at: 14.293
2021-12-13 21:34:25.661 [INF] : 13.332: Power: 0.329, Freq: 1.0057433540353595, Last Pulse: 13.283 - Next at: 14.288
2021-12-13 21:34:25.664 [INF] : 13.334: Power: 0.330, Freq: 1.0012276028219385, Last Pulse: 13.283 - Next at: 14.284
2021-12-13 21:34:25.666 [INF] : 13.337: Power: 0.332, Freq: 0.9971170757525636, Last Pulse: 13.283 - Next at: 14.280
2021-12-13 21:34:25.668 [INF] : 13.339: Power: 0.333, Freq: 0.9930232191790056, Last Pulse: 13.283 - Next at: 14.276
2021-12-13 21:34:25.670 [INF] : 13.341: Power: 0.334, Freq: 0.9887078306520003, Last Pulse: 13.283 - Next at: 14.271
2021-12-13 21:34:25.672 [INF] : 13.343: Power: 0.335, Freq: 0.9845926834263969, Last Pulse: 13.283 - Next at: 14.267
2021-12-13 21:34:25.675 [INF] : 13.346: Power: 0.336, Freq: 0.9804846303761074, Last Pulse: 13.283 - Next at: 14.263
2021-12-13 21:34:25.677 [INF] : 13.348: Power: 0.337, Freq: 0.9761970071907928, Last Pulse: 13.283 - Next at: 14.259
2021-12-13 21:34:25.679 [INF] : 13.350: Power: 0.338, Freq: 0.9719405883823775, Last Pulse: 13.283 - Next at: 14.255
2021-12-13 21:34:25.681 [INF] : 13.352: Power: 0.339, Freq: 0.9679156699166405, Last Pulse: 13.283 - Next at: 14.251
2021-12-13 21:34:25.684 [INF] : 13.354: Power: 0.340, Freq: 0.9639167045915458, Last Pulse: 13.283 - Next at: 14.247
2021-12-13 21:34:25.686 [INF] : 13.357: Power: 0.341, Freq: 0.9598511544892476, Last Pulse: 13.283 - Next at: 14.242
2021-12-13 21:34:25.688 [INF] : 13.359: Power: 0.343, Freq: 0.9554697514927888, Last Pulse: 13.283 - Next at: 14.238
2021-12-13 21:34:25.690 [INF] : 13.361: Power: 0.344, Freq: 0.9514993788419468, Last Pulse: 13.283 - Next at: 14.234
2021-12-13 21:34:25.692 [INF] : 13.363: Power: 0.345, Freq: 0.947552683140815, Last Pulse: 13.283 - Next at: 14.230
2021-12-13 21:34:25.695 [INF] : 13.365: Power: 0.346, Freq: 0.9433198520656765, Last Pulse: 13.283 - Next at: 14.226
2021-12-13 21:34:25.697 [INF] : 13.368: Power: 0.347, Freq: 0.9393929913904446, Last Pulse: 13.283 - Next at: 14.222
2021-12-13 21:34:25.699 [INF] : 13.370: Power: 0.348, Freq: 0.9354724117524928, Last Pulse: 13.283 - Next at: 14.218
2021-12-13 21:34:25.701 [INF] : 13.372: Power: 0.349, Freq: 0.9315834210720233, Last Pulse: 13.283 - Next at: 14.214
2021-12-13 21:34:25.704 [INF] : 13.374: Power: 0.350, Freq: 0.9275013750912553, Last Pulse: 13.283 - Next at: 14.210
2021-12-13 21:34:25.706 [INF] : 13.377: Power: 0.351, Freq: 0.9235444929258594, Last Pulse: 13.283 - Next at: 14.206
2021-12-13 21:34:25.708 [INF] : 13.379: Power: 0.353, Freq: 0.9196975070136961, Last Pulse: 13.283 - Next at: 14.202
2021-12-13 21:34:25.710 [INF] : 13.381: Power: 0.354, Freq: 0.91540551544026, Last Pulse: 13.283 - Next at: 14.198
2021-12-13 21:34:25.713 [INF] : 13.384: Power: 0.355, Freq: 0.9109426630133055, Last Pulse: 13.283 - Next at: 14.194
2021-12-13 21:34:25.715 [INF] : 13.386: Power: 0.356, Freq: 0.907025428792235, Last Pulse: 13.283 - Next at: 14.190
2021-12-13 21:34:25.717 [INF] : 13.388: Power: 0.357, Freq: 0.9027226445673158, Last Pulse: 13.283 - Next at: 14.185
2021-12-13 21:34:25.720 [INF] : 13.390: Power: 0.358, Freq: 0.8988533380000008, Last Pulse: 13.283 - Next at: 14.181
2021-12-13 21:34:25.722 [INF] : 13.393: Power: 0.360, Freq: 0.8950041302929117, Last Pulse: 13.283 - Next at: 14.178
2021-12-13 21:34:25.724 [INF] : 13.395: Power: 0.361, Freq: 0.8912040160191923, Last Pulse: 13.283 - Next at: 14.174
2021-12-13 21:34:25.726 [INF] : 13.397: Power: 0.362, Freq: 0.8873550512515989, Last Pulse: 13.283 - Next at: 14.170
2021-12-13 21:34:25.728 [INF] : 13.399: Power: 0.363, Freq: 0.8834554358558444, Last Pulse: 13.283 - Next at: 14.166
2021-12-13 21:34:25.731 [INF] : 13.402: Power: 0.364, Freq: 0.8795573569457611, Last Pulse: 13.283 - Next at: 14.162
2021-12-13 21:34:25.733 [INF] : 13.404: Power: 0.365, Freq: 0.8757804555812303, Last Pulse: 13.283 - Next at: 14.158
2021-12-13 21:34:25.735 [INF] : 13.406: Power: 0.366, Freq: 0.872030818490301, Last Pulse: 13.283 - Next at: 14.155
2021-12-13 21:34:25.737 [INF] : 13.408: Power: 0.367, Freq: 0.8682656331722209, Last Pulse: 13.283 - Next at: 14.151
2021-12-13 21:34:25.739 [INF] : 13.410: Power: 0.368, Freq: 0.8645512949036052, Last Pulse: 13.283 - Next at: 14.147
2021-12-13 21:34:25.742 [INF] : 13.413: Power: 0.369, Freq: 0.8607396852192313, Last Pulse: 13.283 - Next at: 14.143
2021-12-13 21:34:25.744 [INF] : 13.415: Power: 0.371, Freq: 0.8569870545672864, Last Pulse: 13.283 - Next at: 14.140
2021-12-13 21:34:25.746 [INF] : 13.417: Power: 0.372, Freq: 0.8532732201224356, Last Pulse: 13.283 - Next at: 14.136
2021-12-13 21:34:25.748 [INF] : 13.419: Power: 0.373, Freq: 0.8495544819398733, Last Pulse: 13.283 - Next at: 14.132
2021-12-13 21:34:25.751 [INF] : 13.421: Power: 0.374, Freq: 0.8457720589889717, Last Pulse: 13.283 - Next at: 14.128
2021-12-13 21:34:25.753 [INF] : 13.424: Power: 0.375, Freq: 0.8416389777127495, Last Pulse: 13.283 - Next at: 14.124
2021-12-13 21:34:25.756 [INF] : 13.426: Power: 0.376, Freq: 0.8375140134909307, Last Pulse: 13.283 - Next at: 14.120
2021-12-13 21:34:25.758 [INF] : 13.429: Power: 0.377, Freq: 0.8333309042907588, Last Pulse: 13.283 - Next at: 14.116
2021-12-13 21:34:25.761 [INF] : 13.431: Power: 0.379, Freq: 0.8293513173409068, Last Pulse: 13.283 - Next at: 14.112
2021-12-13 21:34:25.763 [INF] : 13.434: Power: 0.380, Freq: 0.8253281138332307, Last Pulse: 13.283 - Next at: 14.108
2021-12-13 21:34:25.765 [INF] : 13.436: Power: 0.381, Freq: 0.8217738862143094, Last Pulse: 13.283 - Next at: 14.104
2021-12-13 21:34:25.767 [INF] : 13.438: Power: 0.382, Freq: 0.8181253603576373, Last Pulse: 13.283 - Next at: 14.101
2021-12-13 21:34:25.770 [INF] : 13.440: Power: 0.383, Freq: 0.8145924229569719, Last Pulse: 13.283 - Next at: 14.097
2021-12-13 21:34:25.772 [INF] : 13.443: Power: 0.384, Freq: 0.8109523804396286, Last Pulse: 13.283 - Next at: 14.094
2021-12-13 21:34:25.774 [INF] : 13.445: Power: 0.386, Freq: 0.8074044378743608, Last Pulse: 13.283 - Next at: 14.090
2021-12-13 21:34:25.776 [INF] : 13.447: Power: 0.387, Freq: 0.8039184017019347, Last Pulse: 13.283 - Next at: 14.087
2021-12-13 21:34:25.778 [INF] : 13.449: Power: 0.388, Freq: 0.8004220404245106, Last Pulse: 13.283 - Next at: 14.083
2021-12-13 21:34:25.781 [INF] : 13.451: Power: 0.389, Freq: 0.7969680717160283, Last Pulse: 13.283 - Next at: 14.080
2021-12-13 21:34:25.783 [INF] : 13.454: Power: 0.390, Freq: 0.7935155732662245, Last Pulse: 13.283 - Next at: 14.076
2021-12-13 21:34:25.785 [INF] : 13.456: Power: 0.391, Freq: 0.7900764850588446, Last Pulse: 13.283 - Next at: 14.073
2021-12-13 21:34:25.787 [INF] : 13.458: Power: 0.392, Freq: 0.7864971741985953, Last Pulse: 13.283 - Next at: 14.069
2021-12-13 21:34:25.789 [INF] : 13.460: Power: 0.393, Freq: 0.7829616468222591, Last Pulse: 13.283 - Next at: 14.066
2021-12-13 21:34:25.792 [INF] : 13.462: Power: 0.394, Freq: 0.7794389237937311, Last Pulse: 13.283 - Next at: 14.062
2021-12-13 21:34:25.794 [INF] : 13.465: Power: 0.396, Freq: 0.7759260275102804, Last Pulse: 13.283 - Next at: 14.059
2021-12-13 21:34:25.796 [INF] : 13.467: Power: 0.397, Freq: 0.7725321212376453, Last Pulse: 13.283 - Next at: 14.055
2021-12-13 21:34:25.798 [INF] : 13.469: Power: 0.398, Freq: 0.7691725980235895, Last Pulse: 13.283 - Next at: 14.052
2021-12-13 21:34:25.800 [INF] : 13.471: Power: 0.399, Freq: 0.7658331879374995, Last Pulse: 13.283 - Next at: 14.048
2021-12-13 21:34:25.803 [INF] : 13.474: Power: 0.400, Freq: 0.762416541470488, Last Pulse: 13.283 - Next at: 14.045
2021-12-13 21:34:25.805 [INF] : 13.476: Power: 0.401, Freq: 0.7588599209105786, Last Pulse: 13.283 - Next at: 14.042
2021-12-13 21:34:25.807 [INF] : 13.478: Power: 0.402, Freq: 0.7552519658774237, Last Pulse: 13.283 - Next at: 14.038
2021-12-13 21:34:25.810 [INF] : 13.480: Power: 0.403, Freq: 0.7519229680070376, Last Pulse: 13.283 - Next at: 14.035
2021-12-13 21:34:25.812 [INF] : 13.483: Power: 0.404, Freq: 0.7486336916487208, Last Pulse: 13.283 - Next at: 14.031
2021-12-13 21:34:25.814 [INF] : 13.485: Power: 0.406, Freq: 0.74531999822924, Last Pulse: 13.283 - Next at: 14.028
2021-12-13 21:34:25.816 [INF] : 13.487: Power: 0.407, Freq: 0.7420384987084212, Last Pulse: 13.283 - Next at: 14.025
2021-12-13 21:34:25.818 [INF] : 13.489: Power: 0.408, Freq: 0.7387847667867922, Last Pulse: 13.283 - Next at: 14.021
2021-12-13 21:34:25.821 [INF] : 13.491: Power: 0.409, Freq: 0.7351270440929403, Last Pulse: 13.283 - Next at: 14.018
2021-12-13 21:34:25.823 [INF] : 13.494: Power: 0.410, Freq: 0.731874101720893, Last Pulse: 13.283 - Next at: 14.015
2021-12-13 21:34:25.825 [INF] : 13.496: Power: 0.411, Freq: 0.7283444327452737, Last Pulse: 13.283 - Next at: 14.011
2021-12-13 21:34:25.828 [INF] : 13.498: Power: 0.412, Freq: 0.7250677254947528, Last Pulse: 13.283 - Next at: 14.008
2021-12-13 21:34:25.830 [INF] : 13.501: Power: 0.413, Freq: 0.721387280947626, Last Pulse: 13.283 - Next at: 14.004
2021-12-13 21:34:25.832 [INF] : 13.503: Power: 0.415, Freq: 0.7179720962907834, Last Pulse: 13.283 - Next at: 14.001
2021-12-13 21:34:25.835 [INF] : 13.505: Power: 0.416, Freq: 0.7143552799233124, Last Pulse: 13.283 - Next at: 13.997
2021-12-13 21:34:25.838 [INF] : 13.508: Power: 0.417, Freq: 0.7101741341429864, Last Pulse: 13.283 - Next at: 13.993
2021-12-13 21:34:25.840 [INF] : 13.511: Power: 0.419, Freq: 0.7065154210263875, Last Pulse: 13.283 - Next at: 13.989
2021-12-13 21:34:25.843 [INF] : 13.513: Power: 0.420, Freq: 0.7032988364152901, Last Pulse: 13.283 - Next at: 13.986
2021-12-13 21:34:25.845 [INF] : 13.516: Power: 0.421, Freq: 0.7001946214220478, Last Pulse: 13.283 - Next at: 13.983
2021-12-13 21:34:25.847 [INF] : 13.518: Power: 0.422, Freq: 0.6970548095295936, Last Pulse: 13.283 - Next at: 13.980
2021-12-13 21:34:25.849 [INF] : 13.520: Power: 0.423, Freq: 0.6937413470469247, Last Pulse: 13.283 - Next at: 13.976
2021-12-13 21:34:25.852 [INF] : 13.523: Power: 0.424, Freq: 0.6900633623940671, Last Pulse: 13.283 - Next at: 13.973
2021-12-13 21:34:25.854 [INF] : 13.525: Power: 0.426, Freq: 0.686933449281399, Last Pulse: 13.283 - Next at: 13.970
2021-12-13 21:34:25.856 [INF] : 13.527: Power: 0.427, Freq: 0.6838800311630928, Last Pulse: 13.283 - Next at: 13.967
2021-12-13 21:34:25.858 [INF] : 13.529: Power: 0.428, Freq: 0.680820643465919, Last Pulse: 13.283 - Next at: 13.963
2021-12-13 21:34:25.861 [INF] : 13.531: Power: 0.429, Freq: 0.6777825494549283, Last Pulse: 13.283 - Next at: 13.960
2021-12-13 21:34:25.863 [INF] : 13.534: Power: 0.430, Freq: 0.6746813587846208, Last Pulse: 13.283 - Next at: 13.957
2021-12-13 21:34:25.865 [INF] : 13.536: Power: 0.431, Freq: 0.6715694650826349, Last Pulse: 13.283 - Next at: 13.954
2021-12-13 21:34:25.867 [INF] : 13.538: Power: 0.432, Freq: 0.668483625655695, Last Pulse: 13.283 - Next at: 13.951
2021-12-13 21:34:25.870 [INF] : 13.540: Power: 0.433, Freq: 0.6654749229170416, Last Pulse: 13.283 - Next at: 13.948
2021-12-13 21:34:25.872 [INF] : 13.543: Power: 0.434, Freq: 0.6624471030865435, Last Pulse: 13.283 - Next at: 13.945
2021-12-13 21:34:25.874 [INF] : 13.545: Power: 0.436, Freq: 0.6594889535884518, Last Pulse: 13.283 - Next at: 13.942
2021-12-13 21:34:25.876 [INF] : 13.547: Power: 0.437, Freq: 0.6565595082770623, Last Pulse: 13.283 - Next at: 13.939
2021-12-13 21:34:25.878 [INF] : 13.549: Power: 0.438, Freq: 0.6536431983669329, Last Pulse: 13.283 - Next at: 13.936
2021-12-13 21:34:25.880 [INF] : 13.551: Power: 0.439, Freq: 0.6507315318272275, Last Pulse: 13.283 - Next at: 13.933
2021-12-13 21:34:25.883 [INF] : 13.553: Power: 0.440, Freq: 0.64781360937799, Last Pulse: 13.283 - Next at: 13.930
2021-12-13 21:34:25.885 [INF] : 13.556: Power: 0.441, Freq: 0.644798074687511, Last Pulse: 13.283 - Next at: 13.927
2021-12-13 21:34:25.887 [INF] : 13.558: Power: 0.442, Freq: 0.6418788873051162, Last Pulse: 13.283 - Next at: 13.925
2021-12-13 21:34:25.889 [INF] : 13.560: Power: 0.443, Freq: 0.6390001119797235, Last Pulse: 13.283 - Next at: 13.922
2021-12-13 21:34:25.891 [INF] : 13.562: Power: 0.444, Freq: 0.6361548121517897, Last Pulse: 13.283 - Next at: 13.919
2021-12-13 21:34:25.894 [INF] : 13.564: Power: 0.445, Freq: 0.6333187372272167, Last Pulse: 13.283 - Next at: 13.916
2021-12-13 21:34:25.896 [INF] : 13.567: Power: 0.446, Freq: 0.6304899301453446, Last Pulse: 13.283 - Next at: 13.913
2021-12-13 21:34:25.898 [INF] : 13.569: Power: 0.448, Freq: 0.6276608764428899, Last Pulse: 13.283 - Next at: 13.910
2021-12-13 21:34:25.901 [INF] : 13.571: Power: 0.449, Freq: 0.6242760926615842, Last Pulse: 13.283 - Next at: 13.907
2021-12-13 21:34:25.903 [INF] : 13.574: Power: 0.450, Freq: 0.6205008113579722, Last Pulse: 13.283 - Next at: 13.903
2021-12-13 21:34:25.907 [INF] : 13.577: Power: 0.451, Freq: 0.6160594192050555, Last Pulse: 13.283 - Next at: 13.899
2021-12-13 21:34:25.910 [INF] : 13.580: Power: 0.453, Freq: 0.6117001833220361, Last Pulse: 13.283 - Next at: 13.894
2021-12-13 21:34:25.913 [INF] : 13.583: Power: 0.455, Freq: 0.608805005130181, Last Pulse: 13.283 - Next at: 13.891
2021-12-13 21:34:25.915 [INF] : 13.586: Power: 0.456, Freq: 0.6059715932065339, Last Pulse: 13.283 - Next at: 13.889
2021-12-13 21:34:25.917 [INF] : 13.588: Power: 0.457, Freq: 0.6033073517675085, Last Pulse: 13.283 - Next at: 13.886
2021-12-13 21:34:25.919 [INF] : 13.590: Power: 0.458, Freq: 0.6006280077309087, Last Pulse: 13.283 - Next at: 13.883
2021-12-13 21:34:25.922 [INF] : 13.592: Power: 0.459, Freq: 0.5973939632648211, Last Pulse: 13.283 - Next at: 13.880
2021-12-13 21:34:25.924 [INF] : 13.595: Power: 0.461, Freq: 0.5947614140839863, Last Pulse: 13.283 - Next at: 13.877
2021-12-13 21:34:25.926 [INF] : 13.597: Power: 0.462, Freq: 0.5921516784537229, Last Pulse: 13.283 - Next at: 13.875
2021-12-13 21:34:25.928 [INF] : 13.599: Power: 0.463, Freq: 0.5895415984014258, Last Pulse: 13.283 - Next at: 13.872
2021-12-13 21:34:25.931 [INF] : 13.601: Power: 0.464, Freq: 0.5863205062111767, Last Pulse: 13.283 - Next at: 13.869
2021-12-13 21:34:25.933 [INF] : 13.604: Power: 0.465, Freq: 0.5832953930616185, Last Pulse: 13.283 - Next at: 13.866
2021-12-13 21:34:25.935 [INF] : 13.606: Power: 0.466, Freq: 0.5806876909611156, Last Pulse: 13.283 - Next at: 13.863
2021-12-13 21:34:25.938 [INF] : 13.608: Power: 0.467, Freq: 0.5776623829346232, Last Pulse: 13.283 - Next at: 13.860
2021-12-13 21:34:25.940 [INF] : 13.611: Power: 0.469, Freq: 0.5750674946813001, Last Pulse: 13.283 - Next at: 13.858
2021-12-13 21:34:25.942 [INF] : 13.613: Power: 0.470, Freq: 0.572588266250166, Last Pulse: 13.283 - Next at: 13.855
2021-12-13 21:34:25.944 [INF] : 13.615: Power: 0.471, Freq: 0.5701207247750602, Last Pulse: 13.283 - Next at: 13.853
2021-12-13 21:34:25.946 [INF] : 13.617: Power: 0.472, Freq: 0.5673272048020963, Last Pulse: 13.283 - Next at: 13.850
2021-12-13 21:34:25.949 [INF] : 13.620: Power: 0.473, Freq: 0.5643700651853258, Last Pulse: 13.283 - Next at: 13.847
2021-12-13 21:34:25.951 [INF] : 13.622: Power: 0.474, Freq: 0.5616255422200229, Last Pulse: 13.283 - Next at: 13.844
2021-12-13 21:34:25.954 [INF] : 13.624: Power: 0.475, Freq: 0.5585437759502248, Last Pulse: 13.283 - Next at: 13.841
2021-12-13 21:34:25.956 [INF] : 13.627: Power: 0.477, Freq: 0.5559718519282986, Last Pulse: 13.283 - Next at: 13.839
2021-12-13 21:34:25.958 [INF] : 13.629: Power: 0.478, Freq: 0.5534289743303118, Last Pulse: 13.283 - Next at: 13.836
2021-12-13 21:34:25.960 [INF] : 13.631: Power: 0.479, Freq: 0.5509190540044822, Last Pulse: 13.283 - Next at: 13.834
2021-12-13 21:34:25.963 [INF] : 13.633: Power: 0.480, Freq: 0.5483854819457545, Last Pulse: 13.283 - Next at: 13.831
2021-12-13 21:34:25.965 [INF] : 13.636: Power: 0.481, Freq: 0.5458866847889445, Last Pulse: 13.283 - Next at: 13.829
2021-12-13 21:34:25.967 [INF] : 13.638: Power: 0.482, Freq: 0.5434089773056603, Last Pulse: 13.283 - Next at: 13.826
2021-12-13 21:34:25.969 [INF] : 13.640: Power: 0.483, Freq: 0.5409401513153482, Last Pulse: 13.283 - Next at: 13.824
2021-12-13 21:34:25.971 [INF] : 13.642: Power: 0.484, Freq: 0.5384308386016161, Last Pulse: 13.283 - Next at: 13.821
2021-12-13 21:34:25.974 [INF] : 13.644: Power: 0.485, Freq: 0.5359647542547057, Last Pulse: 13.283 - Next at: 13.819
2021-12-13 21:34:25.976 [INF] : 13.647: Power: 0.486, Freq: 0.5335165390848093, Last Pulse: 13.283 - Next at: 13.816
2021-12-13 21:34:25.978 [INF] : 13.649: Power: 0.488, Freq: 0.5309737424570371, Last Pulse: 13.283 - Next at: 13.814
2021-12-13 21:34:25.980 [INF] : 13.651: Power: 0.489, Freq: 0.5285347932837321, Last Pulse: 13.283 - Next at: 13.811
2021-12-13 21:34:25.982 [INF] : 13.653: Power: 0.490, Freq: 0.526130765227574, Last Pulse: 13.283 - Next at: 13.809
2021-12-13 21:34:25.985 [INF] : 13.655: Power: 0.491, Freq: 0.5237361648279348, Last Pulse: 13.283 - Next at: 13.806
2021-12-13 21:34:25.987 [INF] : 13.658: Power: 0.492, Freq: 0.5213062632409144, Last Pulse: 13.283 - Next at: 13.804
2021-12-13 21:34:25.989 [INF] : 13.660: Power: 0.493, Freq: 0.5189102168562547, Last Pulse: 13.283 - Next at: 13.802
2021-12-13 21:34:25.991 [INF] : 13.662: Power: 0.494, Freq: 0.5165456314441523, Last Pulse: 13.283 - Next at: 13.799
2021-12-13 21:34:25.993 [INF] : 13.664: Power: 0.495, Freq: 0.5141541890731811, Last Pulse: 13.283 - Next at: 13.797
2021-12-13 21:34:25.995 [INF] : 13.666: Power: 0.496, Freq: 0.5117929311122187, Last Pulse: 13.283 - Next at: 13.794
2021-12-13 21:34:25.998 [INF] : 13.668: Power: 0.497, Freq: 0.5094524388847583, Last Pulse: 13.283 - Next at: 13.792
2021-12-13 21:34:26.000 [INF] : 13.671: Power: 0.499, Freq: 0.5071192792056038, Last Pulse: 13.283 - Next at: 13.790
2021-12-13 21:34:26.002 [INF] : 13.673: Power: 0.500, Freq: 0.5046536472423293, Last Pulse: 13.283 - Next at: 13.787
2021-12-13 21:34:26.004 [INF] : 13.675: Power: 0.501, Freq: 0.5022853086171897, Last Pulse: 13.283 - Next at: 13.785
2021-12-13 21:34:26.007 [INF] : 13.677: Power: 0.502, Freq: 0.4999625998120849, Last Pulse: 13.283 - Next at: 13.783
2021-12-13 21:34:26.009 [INF] : 13.680: Power: 0.503, Freq: 0.4974920043356308, Last Pulse: 13.283 - Next at: 13.780
2021-12-13 21:34:26.011 [INF] : 13.682: Power: 0.504, Freq: 0.49519054047441813, Last Pulse: 13.283 - Next at: 13.778
2021-12-13 21:34:26.013 [INF] : 13.684: Power: 0.505, Freq: 0.49291572290125174, Last Pulse: 13.283 - Next at: 13.776
2021-12-13 21:34:26.015 [INF] : 13.686: Power: 0.506, Freq: 0.49065859765341235, Last Pulse: 13.283 - Next at: 13.773
2021-12-13 21:34:26.018 [INF] : 13.688: Power: 0.507, Freq: 0.48838661287045904, Last Pulse: 13.283 - Next at: 13.771
2021-12-13 21:34:26.020 [INF] : 13.691: Power: 0.509, Freq: 0.4861358561636302, Last Pulse: 13.283 - Next at: 13.769
2021-12-13 21:34:26.022 [INF] : 13.693: Power: 0.510, Freq: 0.48386961618688185, Last Pulse: 13.283 - Next at: 13.767
2021-12-13 21:34:26.024 [INF] : 13.695: Power: 0.511, Freq: 0.48158342695656975, Last Pulse: 13.283 - Next at: 13.764
2021-12-13 21:34:26.026 [INF] : 13.697: Power: 0.512, Freq: 0.4793592202844148, Last Pulse: 13.283 - Next at: 13.762
2021-12-13 21:34:26.029 [INF] : 13.699: Power: 0.513, Freq: 0.4771700239484651, Last Pulse: 13.283 - Next at: 13.760
2021-12-13 21:34:26.031 [INF] : 13.702: Power: 0.514, Freq: 0.47498401571602855, Last Pulse: 13.283 - Next at: 13.758
2021-12-13 21:34:26.033 [INF] : 13.704: Power: 0.515, Freq: 0.4728067657692532, Last Pulse: 13.283 - Next at: 13.755
2021-12-13 21:34:26.035 [INF] : 13.706: Power: 0.516, Freq: 0.47064703310835165, Last Pulse: 13.283 - Next at: 13.753
2021-12-13 21:34:26.037 [INF] : 13.708: Power: 0.517, Freq: 0.4684785071663007, Last Pulse: 13.283 - Next at: 13.751
2021-12-13 21:34:26.040 [INF] : 13.710: Power: 0.518, Freq: 0.4662077330718306, Last Pulse: 13.283 - Next at: 13.749
2021-12-13 21:34:26.042 [INF] : 13.713: Power: 0.519, Freq: 0.4640560488635521, Last Pulse: 13.283 - Next at: 13.747
2021-12-13 21:34:26.044 [INF] : 13.715: Power: 0.521, Freq: 0.4619362540842147, Last Pulse: 13.283 - Next at: 13.745
2021-12-13 21:34:26.046 [INF] : 13.717: Power: 0.522, Freq: 0.4598266037870009, Last Pulse: 13.283 - Next at: 13.742
2021-12-13 21:34:26.048 [INF] : 13.719: Power: 0.523, Freq: 0.45771281912072004, Last Pulse: 13.283 - Next at: 13.740
2021-12-13 21:34:26.050 [INF] : 13.721: Power: 0.524, Freq: 0.45562015302976366, Last Pulse: 13.283 - Next at: 13.738
2021-12-13 21:34:26.053 [INF] : 13.724: Power: 0.525, Freq: 0.45345420552128823, Last Pulse: 13.283 - Next at: 13.736
2021-12-13 21:34:26.055 [INF] : 13.726: Power: 0.526, Freq: 0.45126601940732014, Last Pulse: 13.283 - Next at: 13.734
2021-12-13 21:34:26.057 [INF] : 13.728: Power: 0.527, Freq: 0.44917474868154406, Last Pulse: 13.283 - Next at: 13.732
2021-12-13 21:34:26.059 [INF] : 13.730: Power: 0.528, Freq: 0.44712414278051016, Last Pulse: 13.283 - Next at: 13.730
2021-12-13 21:34:26.059 [INF] : 13.730: Power: 0.529, Freq: 0.44712414278051016, Last Pulse: 13.730 - Next at: 14.177
2021-12-13 21:34:26.059 [INF] : 13.730: Pulse!!!!!!!!
2021-12-13 21:34:26.061 [INF] : 13.732: Power: 0.529, Freq: 0.44507284264456226, Last Pulse: 13.730 - Next at: 14.175
2021-12-13 21:34:26.064 [INF] : 13.734: Power: 0.530, Freq: 0.44303907450893476, Last Pulse: 13.730 - Next at: 14.173
2021-12-13 21:34:26.066 [INF] : 13.737: Power: 0.532, Freq: 0.4410139258289938, Last Pulse: 13.730 - Next at: 14.171
2021-12-13 21:34:26.068 [INF] : 13.739: Power: 0.533, Freq: 0.4390056589824556, Last Pulse: 13.730 - Next at: 14.169
2021-12-13 21:34:26.070 [INF] : 13.741: Power: 0.534, Freq: 0.4369450295628403, Last Pulse: 13.730 - Next at: 14.167
2021-12-13 21:34:26.072 [INF] : 13.743: Power: 0.535, Freq: 0.4349102405430556, Last Pulse: 13.730 - Next at: 14.165
2021-12-13 21:34:26.075 [INF] : 13.745: Power: 0.536, Freq: 0.4329280778434206, Last Pulse: 13.730 - Next at: 14.163
2021-12-13 21:34:26.077 [INF] : 13.748: Power: 0.537, Freq: 0.43091043036873566, Last Pulse: 13.730 - Next at: 14.161
2021-12-13 21:34:26.079 [INF] : 13.750: Power: 0.538, Freq: 0.42893916707987545, Last Pulse: 13.730 - Next at: 14.159
2021-12-13 21:34:26.081 [INF] : 13.752: Power: 0.539, Freq: 0.4269812139998841, Last Pulse: 13.730 - Next at: 14.157
2021-12-13 21:34:26.083 [INF] : 13.754: Power: 0.540, Freq: 0.42503568263157776, Last Pulse: 13.730 - Next at: 14.155
2021-12-13 21:34:26.085 [INF] : 13.756: Power: 0.541, Freq: 0.42309928300725375, Last Pulse: 13.730 - Next at: 14.153
2021-12-13 21:34:26.088 [INF] : 13.758: Power: 0.542, Freq: 0.4210872699840187, Last Pulse: 13.730 - Next at: 14.151
2021-12-13 21:34:26.090 [INF] : 13.761: Power: 0.544, Freq: 0.4191410108651148, Last Pulse: 13.730 - Next at: 14.149
2021-12-13 21:34:26.092 [INF] : 13.763: Power: 0.545, Freq: 0.41722464692145067, Last Pulse: 13.730 - Next at: 14.147
2021-12-13 21:34:26.094 [INF] : 13.765: Power: 0.546, Freq: 0.4153180160362018, Last Pulse: 13.730 - Next at: 14.145
2021-12-13 21:34:26.096 [INF] : 13.767: Power: 0.547, Freq: 0.4134156693750799, Last Pulse: 13.730 - Next at: 14.144
2021-12-13 21:34:26.099 [INF] : 13.769: Power: 0.548, Freq: 0.4115254818400267, Last Pulse: 13.730 - Next at: 14.142
2021-12-13 21:34:26.101 [INF] : 13.772: Power: 0.549, Freq: 0.40963752047632784, Last Pulse: 13.730 - Next at: 14.140
2021-12-13 21:34:26.103 [INF] : 13.774: Power: 0.550, Freq: 0.4075120540934396, Last Pulse: 13.730 - Next at: 14.138
2021-12-13 21:34:26.105 [INF] : 13.776: Power: 0.551, Freq: 0.40559260040018597, Last Pulse: 13.730 - Next at: 14.136
2021-12-13 21:34:26.108 [INF] : 13.778: Power: 0.552, Freq: 0.40370316322453714, Last Pulse: 13.730 - Next at: 14.134
2021-12-13 21:34:26.110 [INF] : 13.781: Power: 0.553, Freq: 0.4018367998294914, Last Pulse: 13.730 - Next at: 14.132
2021-12-13 21:34:26.112 [INF] : 13.783: Power: 0.555, Freq: 0.3999936217938469, Last Pulse: 13.730 - Next at: 14.130
2021-12-13 21:34:26.114 [INF] : 13.785: Power: 0.556, Freq: 0.39815509206394273, Last Pulse: 13.730 - Next at: 14.128
2021-12-13 21:34:26.116 [INF] : 13.787: Power: 0.557, Freq: 0.3963348748686073, Last Pulse: 13.730 - Next at: 14.126
2021-12-13 21:34:26.119 [INF] : 13.789: Power: 0.558, Freq: 0.39445838788663323, Last Pulse: 13.730 - Next at: 14.125
2021-12-13 21:34:26.121 [INF] : 13.792: Power: 0.559, Freq: 0.3925883113304467, Last Pulse: 13.730 - Next at: 14.123
2021-12-13 21:34:26.123 [INF] : 13.794: Power: 0.560, Freq: 0.39078409277507475, Last Pulse: 13.730 - Next at: 14.121
2021-12-13 21:34:26.125 [INF] : 13.796: Power: 0.561, Freq: 0.3890027657366444, Last Pulse: 13.730 - Next at: 14.119
2021-12-13 21:34:26.127 [INF] : 13.798: Power: 0.562, Freq: 0.38722853449364614, Last Pulse: 13.730 - Next at: 14.117
2021-12-13 21:34:26.130 [INF] : 13.800: Power: 0.563, Freq: 0.38546213256668516, Last Pulse: 13.730 - Next at: 14.116
2021-12-13 21:34:26.132 [INF] : 13.803: Power: 0.564, Freq: 0.3837024229621049, Last Pulse: 13.730 - Next at: 14.114
2021-12-13 21:34:26.134 [INF] : 13.805: Power: 0.566, Freq: 0.38190172913493425, Last Pulse: 13.730 - Next at: 14.112
2021-12-13 21:34:26.136 [INF] : 13.807: Power: 0.567, Freq: 0.38013203144672314, Last Pulse: 13.730 - Next at: 14.110
2021-12-13 21:34:26.138 [INF] : 13.809: Power: 0.568, Freq: 0.3783526880997199, Last Pulse: 13.730 - Next at: 14.109
2021-12-13 21:34:26.141 [INF] : 13.811: Power: 0.569, Freq: 0.3766197709577317, Last Pulse: 13.730 - Next at: 14.107
2021-12-13 21:34:26.143 [INF] : 13.814: Power: 0.570, Freq: 0.3749028790052469, Last Pulse: 13.730 - Next at: 14.105
2021-12-13 21:34:26.145 [INF] : 13.816: Power: 0.571, Freq: 0.3731983584425791, Last Pulse: 13.730 - Next at: 14.103
2021-12-13 21:34:26.147 [INF] : 13.818: Power: 0.572, Freq: 0.37150052559861724, Last Pulse: 13.730 - Next at: 14.102
2021-12-13 21:34:26.149 [INF] : 13.820: Power: 0.573, Freq: 0.36981705677838805, Last Pulse: 13.730 - Next at: 14.100
2021-12-13 21:34:26.152 [INF] : 13.822: Power: 0.574, Freq: 0.36802193781002224, Last Pulse: 13.730 - Next at: 14.098
2021-12-13 21:34:26.155 [INF] : 13.825: Power: 0.575, Freq: 0.36571596421922736, Last Pulse: 13.730 - Next at: 14.096
2021-12-13 21:34:26.157 [INF] : 13.828: Power: 0.577, Freq: 0.3640062690622421, Last Pulse: 13.730 - Next at: 14.094
2021-12-13 21:34:26.159 [INF] : 13.830: Power: 0.578, Freq: 0.3622845915849431, Last Pulse: 13.730 - Next at: 14.092
2021-12-13 21:34:26.161 [INF] : 13.832: Power: 0.579, Freq: 0.360638947230711, Last Pulse: 13.730 - Next at: 14.091
2021-12-13 21:34:26.163 [INF] : 13.834: Power: 0.580, Freq: 0.3590120160496064, Last Pulse: 13.730 - Next at: 14.089
2021-12-13 21:34:26.166 [INF] : 13.836: Power: 0.581, Freq: 0.3573414776618775, Last Pulse: 13.730 - Next at: 14.088
2021-12-13 21:34:26.168 [INF] : 13.839: Power: 0.583, Freq: 0.3556903129694926, Last Pulse: 13.730 - Next at: 14.086
2021-12-13 21:34:26.170 [INF] : 13.841: Power: 0.584, Freq: 0.3540670292084527, Last Pulse: 13.730 - Next at: 14.084
2021-12-13 21:34:26.172 [INF] : 13.843: Power: 0.585, Freq: 0.3524090495726595, Last Pulse: 13.730 - Next at: 14.083
2021-12-13 21:34:26.175 [INF] : 13.845: Power: 0.586, Freq: 0.35073222199001153, Last Pulse: 13.730 - Next at: 14.081
2021-12-13 21:34:26.177 [INF] : 13.848: Power: 0.587, Freq: 0.3490331429410203, Last Pulse: 13.730 - Next at: 14.079
2021-12-13 21:34:26.179 [INF] : 13.850: Power: 0.588, Freq: 0.34728421330535086, Last Pulse: 13.730 - Next at: 14.077
2021-12-13 21:34:26.182 [INF] : 13.852: Power: 0.589, Freq: 0.3454126820057759, Last Pulse: 13.730 - Next at: 14.076
2021-12-13 21:34:26.184 [INF] : 13.855: Power: 0.591, Freq: 0.3438446445452894, Last Pulse: 13.730 - Next at: 14.074
2021-12-13 21:34:26.186 [INF] : 13.857: Power: 0.592, Freq: 0.3422927404970273, Last Pulse: 13.730 - Next at: 14.072
2021-12-13 21:34:26.189 [INF] : 13.859: Power: 0.593, Freq: 0.340744701893573, Last Pulse: 13.730 - Next at: 14.071
2021-12-13 21:34:26.191 [INF] : 13.862: Power: 0.594, Freq: 0.33919132652764006, Last Pulse: 13.730 - Next at: 14.069
2021-12-13 21:34:26.193 [INF] : 13.864: Power: 0.595, Freq: 0.33763100319199646, Last Pulse: 13.730 - Next at: 14.068
2021-12-13 21:34:26.195 [INF] : 13.866: Power: 0.596, Freq: 0.336107010608357, Last Pulse: 13.730 - Next at: 14.066
2021-12-13 21:34:26.197 [INF] : 13.868: Power: 0.597, Freq: 0.3345912237031716, Last Pulse: 13.730 - Next at: 14.065
2021-12-13 21:34:26.200 [INF] : 13.870: Power: 0.598, Freq: 0.33297139362069395, Last Pulse: 13.730 - Next at: 14.063
2021-12-13 21:34:26.202 [INF] : 13.873: Power: 0.600, Freq: 0.3313606587779878, Last Pulse: 13.730 - Next at: 14.062
2021-12-13 21:34:26.204 [INF] : 13.875: Power: 0.601, Freq: 0.32985154462602617, Last Pulse: 13.730 - Next at: 14.060
2021-12-13 21:34:26.207 [INF] : 13.877: Power: 0.602, Freq: 0.3283718500172417, Last Pulse: 13.730 - Next at: 14.059
2021-12-13 21:34:26.209 [INF] : 13.880: Power: 0.603, Freq: 0.3269027063476906, Last Pulse: 13.730 - Next at: 14.057
2021-12-13 21:34:26.211 [INF] : 13.882: Power: 0.604, Freq: 0.3254423183792827, Last Pulse: 13.730 - Next at: 14.056
2021-12-13 21:34:26.213 [INF] : 13.884: Power: 0.605, Freq: 0.3240012579331921, Last Pulse: 13.730 - Next at: 14.054
2021-12-13 21:34:26.216 [INF] : 13.886: Power: 0.606, Freq: 0.32239881874662313, Last Pulse: 13.730 - Next at: 14.053
2021-12-13 21:34:26.218 [INF] : 13.889: Power: 0.607, Freq: 0.3209582490060199, Last Pulse: 13.730 - Next at: 14.051
2021-12-13 21:34:26.220 [INF] : 13.891: Power: 0.609, Freq: 0.31953751769902006, Last Pulse: 13.730 - Next at: 14.050
2021-12-13 21:34:26.222 [INF] : 13.893: Power: 0.610, Freq: 0.3181241612440169, Last Pulse: 13.730 - Next at: 14.048
2021-12-13 21:34:26.224 [INF] : 13.895: Power: 0.611, Freq: 0.3166951046395816, Last Pulse: 13.730 - Next at: 14.047
2021-12-13 21:34:26.226 [INF] : 13.897: Power: 0.612, Freq: 0.3153010068702651, Last Pulse: 13.730 - Next at: 14.045
2021-12-13 21:34:26.229 [INF] : 13.899: Power: 0.613, Freq: 0.3139041937976552, Last Pulse: 13.730 - Next at: 14.044
2021-12-13 21:34:26.231 [INF] : 13.902: Power: 0.614, Freq: 0.31249158609977945, Last Pulse: 13.730 - Next at: 14.043
2021-12-13 21:34:26.233 [INF] : 13.904: Power: 0.615, Freq: 0.31111948293053393, Last Pulse: 13.730 - Next at: 14.041
2021-12-13 21:34:26.235 [INF] : 13.906: Power: 0.616, Freq: 0.30975913311922465, Last Pulse: 13.730 - Next at: 14.040
2021-12-13 21:34:26.237 [INF] : 13.908: Power: 0.617, Freq: 0.3084024772759899, Last Pulse: 13.730 - Next at: 14.039
2021-12-13 21:34:26.240 [INF] : 13.910: Power: 0.618, Freq: 0.3070556284693233, Last Pulse: 13.730 - Next at: 14.037
2021-12-13 21:34:26.242 [INF] : 13.913: Power: 0.619, Freq: 0.3057144046485156, Last Pulse: 13.730 - Next at: 14.036
2021-12-13 21:34:26.244 [INF] : 13.915: Power: 0.621, Freq: 0.3043845718798788, Last Pulse: 13.730 - Next at: 14.035
2021-12-13 21:34:26.246 [INF] : 13.917: Power: 0.622, Freq: 0.30299290883854146, Last Pulse: 13.730 - Next at: 14.033
2021-12-13 21:34:26.249 [INF] : 13.919: Power: 0.623, Freq: 0.30155812151852057, Last Pulse: 13.730 - Next at: 14.032
2021-12-13 21:34:26.251 [INF] : 13.922: Power: 0.624, Freq: 0.3002478853680137, Last Pulse: 13.730 - Next at: 14.030
2021-12-13 21:34:26.253 [INF] : 13.924: Power: 0.625, Freq: 0.29888391995791874, Last Pulse: 13.730 - Next at: 14.029
2021-12-13 21:34:26.255 [INF] : 13.926: Power: 0.626, Freq: 0.29759296553762393, Last Pulse: 13.730 - Next at: 14.028
2021-12-13 21:34:26.257 [INF] : 13.928: Power: 0.627, Freq: 0.29629815790082326, Last Pulse: 13.730 - Next at: 14.026
2021-12-13 21:34:26.259 [INF] : 13.930: Power: 0.628, Freq: 0.295021218034067, Last Pulse: 13.730 - Next at: 14.025
2021-12-13 21:34:26.263 [INF] : 13.932: Power: 0.629, Freq: 0.2929724033841774, Last Pulse: 13.730 - Next at: 14.023
2021-12-13 21:34:26.266 [INF] : 13.936: Power: 0.631, Freq: 0.29133292380941134, Last Pulse: 13.730 - Next at: 14.021
2021-12-13 21:34:26.268 [INF] : 13.939: Power: 0.633, Freq: 0.2900164889318759, Last Pulse: 13.730 - Next at: 14.020
2021-12-13 21:34:26.270 [INF] : 13.941: Power: 0.634, Freq: 0.2887608595788942, Last Pulse: 13.730 - Next at: 14.019
2021-12-13 21:34:26.273 [INF] : 13.943: Power: 0.635, Freq: 0.2875212018645965, Last Pulse: 13.730 - Next at: 14.018
2021-12-13 21:34:26.275 [INF] : 13.945: Power: 0.636, Freq: 0.28628951265979863, Last Pulse: 13.730 - Next at: 14.016
2021-12-13 21:34:26.277 [INF] : 13.948: Power: 0.637, Freq: 0.2850675511654144, Last Pulse: 13.730 - Next at: 14.015
2021-12-13 21:34:26.279 [INF] : 13.950: Power: 0.638, Freq: 0.28373908982998985, Last Pulse: 13.730 - Next at: 14.014
2021-12-13 21:34:26.281 [INF] : 13.952: Power: 0.639, Freq: 0.28255555318029923, Last Pulse: 13.730 - Next at: 14.013
2021-12-13 21:34:26.284 [INF] : 13.954: Power: 0.640, Freq: 0.2812053087845032, Last Pulse: 13.730 - Next at: 14.011
2021-12-13 21:34:26.286 [INF] : 13.957: Power: 0.642, Freq: 0.2798196034384839, Last Pulse: 13.730 - Next at: 14.010
2021-12-13 21:34:26.289 [INF] : 13.959: Power: 0.643, Freq: 0.2785854787277078, Last Pulse: 13.730 - Next at: 14.009
2021-12-13 21:34:26.291 [INF] : 13.962: Power: 0.644, Freq: 0.27739591892321647, Last Pulse: 13.730 - Next at: 14.008
2021-12-13 21:34:26.293 [INF] : 13.964: Power: 0.645, Freq: 0.2762190160170226, Last Pulse: 13.730 - Next at: 14.006
2021-12-13 21:34:26.295 [INF] : 13.966: Power: 0.646, Freq: 0.2750276338229303, Last Pulse: 13.730 - Next at: 14.005
2021-12-13 21:34:26.298 [INF] : 13.968: Power: 0.647, Freq: 0.27359580541923956, Last Pulse: 13.730 - Next at: 14.004
2021-12-13 21:34:26.300 [INF] : 13.971: Power: 0.649, Freq: 0.27235013738784586, Last Pulse: 13.730 - Next at: 14.003
2021-12-13 21:34:26.303 [INF] : 13.973: Power: 0.650, Freq: 0.27111776095251106, Last Pulse: 13.730 - Next at: 14.001
2021-12-13 21:34:26.305 [INF] : 13.976: Power: 0.651, Freq: 0.2699715275187198, Last Pulse: 13.730 - Next at: 14.000
2021-12-13 21:34:26.307 [INF] : 13.978: Power: 0.652, Freq: 0.26885018123219195, Last Pulse: 13.730 - Next at: 13.999
2021-12-13 21:34:26.309 [INF] : 13.980: Power: 0.653, Freq: 0.26774079964368225, Last Pulse: 13.730 - Next at: 13.998
2021-12-13 21:34:26.311 [INF] : 13.982: Power: 0.654, Freq: 0.2665930628696671, Last Pulse: 13.730 - Next at: 13.997
2021-12-13 21:34:26.314 [INF] : 13.984: Power: 0.655, Freq: 0.26548594133004144, Last Pulse: 13.730 - Next at: 13.996
2021-12-13 21:34:26.316 [INF] : 13.987: Power: 0.657, Freq: 0.26439893070535936, Last Pulse: 13.730 - Next at: 13.995
2021-12-13 21:34:26.318 [INF] : 13.989: Power: 0.658, Freq: 0.26330646207979447, Last Pulse: 13.730 - Next at: 13.993
2021-12-13 21:34:26.320 [INF] : 13.991: Power: 0.659, Freq: 0.2622237911449603, Last Pulse: 13.730 - Next at: 13.992
2021-12-13 21:34:26.322 [INF] : 13.993: Power: 0.660, Freq: 0.26115315211928003, Last Pulse: 13.730 - Next at: 13.991
2021-12-13 21:34:26.322 [INF] : 13.993: Power: 0.661, Freq: 0.26115315211928003, Last Pulse: 13.993 - Next at: 14.254
2021-12-13 21:34:26.322 [INF] : 13.993: Pulse!!!!!!!!
2021-12-13 21:34:26.325 [INF] : 13.995: Power: 0.661, Freq: 0.2600925195758168, Last Pulse: 13.993 - Next at: 14.253
2021-12-13 21:34:26.327 [INF] : 13.998: Power: 0.662, Freq: 0.2588601287025303, Last Pulse: 13.993 - Next at: 14.252
2021-12-13 21:34:26.329 [INF] : 14.000: Power: 0.663, Freq: 0.2577999458305791, Last Pulse: 13.993 - Next at: 14.251
2021-12-13 21:34:26.331 [INF] : 14.002: Power: 0.664, Freq: 0.2567589205519867, Last Pulse: 13.993 - Next at: 14.250
2021-12-13 21:34:26.334 [INF] : 14.004: Power: 0.665, Freq: 0.25572162340294247, Last Pulse: 13.993 - Next at: 14.249
2021-12-13 21:34:26.336 [INF] : 14.007: Power: 0.666, Freq: 0.25468256418374713, Last Pulse: 13.993 - Next at: 14.248
2021-12-13 21:34:26.338 [INF] : 14.009: Power: 0.668, Freq: 0.25363653962208854, Last Pulse: 13.993 - Next at: 14.247
2021-12-13 21:34:26.340 [INF] : 14.011: Power: 0.669, Freq: 0.2526109303352486, Last Pulse: 13.993 - Next at: 14.246
2021-12-13 21:34:26.343 [INF] : 14.013: Power: 0.670, Freq: 0.2512190379913455, Last Pulse: 13.993 - Next at: 14.244
2021-12-13 21:34:26.346 [INF] : 14.016: Power: 0.671, Freq: 0.24977609255938882, Last Pulse: 13.993 - Next at: 14.243
2021-12-13 21:34:26.350 [INF] : 14.019: Power: 0.673, Freq: 0.2482033569670783, Last Pulse: 13.993 - Next at: 14.241
2021-12-13 21:34:26.353 [INF] : 14.023: Power: 0.675, Freq: 0.24671353784296812, Last Pulse: 13.993 - Next at: 14.240
2021-12-13 21:34:26.356 [INF] : 14.026: Power: 0.676, Freq: 0.24533842434862096, Last Pulse: 13.993 - Next at: 14.239
2021-12-13 21:34:26.359 [INF] : 14.029: Power: 0.678, Freq: 0.2440178674932647, Last Pulse: 13.993 - Next at: 14.237
2021-12-13 21:34:26.361 [INF] : 14.032: Power: 0.679, Freq: 0.24306462056780642, Last Pulse: 13.993 - Next at: 14.236
2021-12-13 21:34:26.364 [INF] : 14.034: Power: 0.680, Freq: 0.24212859697186584, Last Pulse: 13.993 - Next at: 14.235
2021-12-13 21:34:26.366 [INF] : 14.037: Power: 0.681, Freq: 0.241193786324843, Last Pulse: 13.993 - Next at: 14.234
2021-12-13 21:34:26.368 [INF] : 14.039: Power: 0.683, Freq: 0.24024935935558522, Last Pulse: 13.993 - Next at: 14.233
2021-12-13 21:34:26.370 [INF] : 14.041: Power: 0.684, Freq: 0.23927693363932034, Last Pulse: 13.993 - Next at: 14.232
2021-12-13 21:34:26.372 [INF] : 14.043: Power: 0.685, Freq: 0.23832105011571114, Last Pulse: 13.993 - Next at: 14.232
2021-12-13 21:34:26.375 [INF] : 14.045: Power: 0.686, Freq: 0.2373672823382451, Last Pulse: 13.993 - Next at: 14.231
2021-12-13 21:34:26.377 [INF] : 14.048: Power: 0.687, Freq: 0.236449549903047, Last Pulse: 13.993 - Next at: 14.230
2021-12-13 21:34:26.379 [INF] : 14.050: Power: 0.688, Freq: 0.23555040578422615, Last Pulse: 13.993 - Next at: 14.229
2021-12-13 21:34:26.381 [INF] : 14.052: Power: 0.689, Freq: 0.2346625614035096, Last Pulse: 13.993 - Next at: 14.228
2021-12-13 21:34:26.383 [INF] : 14.054: Power: 0.690, Freq: 0.23378230627796004, Last Pulse: 13.993 - Next at: 14.227
2021-12-13 21:34:26.386 [INF] : 14.056: Power: 0.691, Freq: 0.2329097104543303, Last Pulse: 13.993 - Next at: 14.226
2021-12-13 21:34:26.388 [INF] : 14.059: Power: 0.692, Freq: 0.2320290609236202, Last Pulse: 13.993 - Next at: 14.225
2021-12-13 21:34:26.390 [INF] : 14.061: Power: 0.694, Freq: 0.23094102638095126, Last Pulse: 13.993 - Next at: 14.224
2021-12-13 21:34:26.393 [INF] : 14.064: Power: 0.695, Freq: 0.23003762028653751, Last Pulse: 13.993 - Next at: 14.223
2021-12-13 21:34:26.395 [INF] : 14.066: Power: 0.696, Freq: 0.22918064039317665, Last Pulse: 13.993 - Next at: 14.222
2021-12-13 21:34:26.397 [INF] : 14.068: Power: 0.697, Freq: 0.22833610708920205, Last Pulse: 13.993 - Next at: 14.222
2021-12-13 21:34:26.399 [INF] : 14.070: Power: 0.698, Freq: 0.22749814158292914, Last Pulse: 13.993 - Next at: 14.221
2021-12-13 21:34:26.401 [INF] : 14.072: Power: 0.699, Freq: 0.22666567438429874, Last Pulse: 13.993 - Next at: 14.220
2021-12-13 21:34:26.404 [INF] : 14.074: Power: 0.700, Freq: 0.22580688261897475, Last Pulse: 13.993 - Next at: 14.219
2021-12-13 21:34:26.406 [INF] : 14.077: Power: 0.701, Freq: 0.2249543770218616, Last Pulse: 13.993 - Next at: 14.218
2021-12-13 21:34:26.408 [INF] : 14.079: Power: 0.703, Freq: 0.22412810017695417, Last Pulse: 13.993 - Next at: 14.217
2021-12-13 21:34:26.410 [INF] : 14.081: Power: 0.704, Freq: 0.2233209196244852, Last Pulse: 13.993 - Next at: 14.217
2021-12-13 21:34:26.412 [INF] : 14.083: Power: 0.705, Freq: 0.22252272670598527, Last Pulse: 13.993 - Next at: 14.216
2021-12-13 21:34:26.415 [INF] : 14.085: Power: 0.706, Freq: 0.2217299072410972, Last Pulse: 13.993 - Next at: 14.215
2021-12-13 21:34:26.417 [INF] : 14.087: Power: 0.707, Freq: 0.22094212165461702, Last Pulse: 13.993 - Next at: 14.214
2021-12-13 21:34:26.419 [INF] : 14.090: Power: 0.708, Freq: 0.22016222356785464, Last Pulse: 13.993 - Next at: 14.213
2021-12-13 21:34:26.421 [INF] : 14.092: Power: 0.709, Freq: 0.21936551260961945, Last Pulse: 13.993 - Next at: 14.213
2021-12-13 21:34:26.423 [INF] : 14.094: Power: 0.710, Freq: 0.21857025967040444, Last Pulse: 13.993 - Next at: 14.212
2021-12-13 21:34:26.425 [INF] : 14.096: Power: 0.711, Freq: 0.21780327800849397, Last Pulse: 13.993 - Next at: 14.211
2021-12-13 21:34:26.428 [INF] : 14.098: Power: 0.712, Freq: 0.21704477468736583, Last Pulse: 13.993 - Next at: 14.210
2021-12-13 21:34:26.430 [INF] : 14.101: Power: 0.713, Freq: 0.21629114819700757, Last Pulse: 13.993 - Next at: 14.209
2021-12-13 21:34:26.432 [INF] : 14.103: Power: 0.715, Freq: 0.21553962961959305, Last Pulse: 13.993 - Next at: 14.209
2021-12-13 21:34:26.434 [INF] : 14.105: Power: 0.716, Freq: 0.21479473872899124, Last Pulse: 13.993 - Next at: 14.208
2021-12-13 21:34:26.436 [INF] : 14.107: Power: 0.717, Freq: 0.21405152996799437, Last Pulse: 13.993 - Next at: 14.207
2021-12-13 21:34:26.439 [INF] : 14.109: Power: 0.718, Freq: 0.21327565578035346, Last Pulse: 13.993 - Next at: 14.206
2021-12-13 21:34:26.441 [INF] : 14.112: Power: 0.719, Freq: 0.2125355533733404, Last Pulse: 13.993 - Next at: 14.206
2021-12-13 21:34:26.443 [INF] : 14.114: Power: 0.720, Freq: 0.21181534088438392, Last Pulse: 13.993 - Next at: 14.205
2021-12-13 21:34:26.445 [INF] : 14.116: Power: 0.721, Freq: 0.21110308787125653, Last Pulse: 13.993 - Next at: 14.204
2021-12-13 21:34:26.447 [INF] : 14.118: Power: 0.722, Freq: 0.21039531230130848, Last Pulse: 13.993 - Next at: 14.204
2021-12-13 21:34:26.449 [INF] : 14.120: Power: 0.723, Freq: 0.2096936407075436, Last Pulse: 13.993 - Next at: 14.203
2021-12-13 21:34:26.451 [INF] : 14.122: Power: 0.724, Freq: 0.20899736048107886, Last Pulse: 13.993 - Next at: 14.202
2021-12-13 21:34:26.454 [INF] : 14.125: Power: 0.725, Freq: 0.20825792278238975, Last Pulse: 13.993 - Next at: 14.201
2021-12-13 21:34:26.456 [INF] : 14.127: Power: 0.727, Freq: 0.20754595708548296, Last Pulse: 13.993 - Next at: 14.201
2021-12-13 21:34:26.458 [INF] : 14.129: Power: 0.728, Freq: 0.2068593418544764, Last Pulse: 13.993 - Next at: 14.200
2021-12-13 21:34:26.460 [INF] : 14.131: Power: 0.729, Freq: 0.20617714944969467, Last Pulse: 13.993 - Next at: 14.199
2021-12-13 21:34:26.463 [INF] : 14.133: Power: 0.730, Freq: 0.20550062122795731, Last Pulse: 13.993 - Next at: 14.199
2021-12-13 21:34:26.465 [INF] : 14.136: Power: 0.731, Freq: 0.20483347532888052, Last Pulse: 13.993 - Next at: 14.198
2021-12-13 21:34:26.467 [INF] : 14.138: Power: 0.732, Freq: 0.20416904835015348, Last Pulse: 13.993 - Next at: 14.197
2021-12-13 21:34:26.469 [INF] : 14.140: Power: 0.733, Freq: 0.2035111278680044, Last Pulse: 13.993 - Next at: 14.197
2021-12-13 21:34:26.471 [INF] : 14.142: Power: 0.734, Freq: 0.20284181401421852, Last Pulse: 13.993 - Next at: 14.196
2021-12-13 21:34:26.473 [INF] : 14.144: Power: 0.735, Freq: 0.20219019193548782, Last Pulse: 13.993 - Next at: 14.195
2021-12-13 21:34:26.476 [INF] : 14.146: Power: 0.736, Freq: 0.20154907433792735, Last Pulse: 13.993 - Next at: 14.195
2021-12-13 21:34:26.478 [INF] : 14.149: Power: 0.738, Freq: 0.20091702672654055, Last Pulse: 13.993 - Next at: 14.194
2021-12-13 21:34:26.480 [INF] : 14.151: Power: 0.739, Freq: 0.2002930063743027, Last Pulse: 13.993 - Next at: 14.193
2021-12-13 21:34:26.482 [INF] : 14.153: Power: 0.740, Freq: 0.19967542744296907, Last Pulse: 13.993 - Next at: 14.193
2021-12-13 21:34:26.484 [INF] : 14.155: Power: 0.741, Freq: 0.19905722489824118, Last Pulse: 13.993 - Next at: 14.192
2021-12-13 21:34:26.487 [INF] : 14.157: Power: 0.742, Freq: 0.1983992784979658, Last Pulse: 13.993 - Next at: 14.192
2021-12-13 21:34:26.489 [INF] : 14.160: Power: 0.743, Freq: 0.19774083193684966, Last Pulse: 13.993 - Next at: 14.191
2021-12-13 21:34:26.491 [INF] : 14.162: Power: 0.744, Freq: 0.19713473996900133, Last Pulse: 13.993 - Next at: 14.190
2021-12-13 21:34:26.493 [INF] : 14.164: Power: 0.745, Freq: 0.19653487262773428, Last Pulse: 13.993 - Next at: 14.190
2021-12-13 21:34:26.495 [INF] : 14.166: Power: 0.746, Freq: 0.19594961040808911, Last Pulse: 13.993 - Next at: 14.189
2021-12-13 21:34:26.498 [INF] : 14.168: Power: 0.747, Freq: 0.19536291890868895, Last Pulse: 13.993 - Next at: 14.189
2021-12-13 21:34:26.500 [INF] : 14.171: Power: 0.748, Freq: 0.19478172549934625, Last Pulse: 13.993 - Next at: 14.188
2021-12-13 21:34:26.502 [INF] : 14.173: Power: 0.750, Freq: 0.19409842677711087, Last Pulse: 13.993 - Next at: 14.187
2021-12-13 21:34:26.505 [INF] : 14.175: Power: 0.751, Freq: 0.19349124962120667, Last Pulse: 13.993 - Next at: 14.187
2021-12-13 21:34:26.507 [INF] : 14.178: Power: 0.752, Freq: 0.19291946276257965, Last Pulse: 13.993 - Next at: 14.186
2021-12-13 21:34:26.509 [INF] : 14.180: Power: 0.753, Freq: 0.19235924745593058, Last Pulse: 13.993 - Next at: 14.186
2021-12-13 21:34:26.511 [INF] : 14.182: Power: 0.754, Freq: 0.1918076172345926, Last Pulse: 13.993 - Next at: 14.185
2021-12-13 21:34:26.513 [INF] : 14.184: Power: 0.755, Freq: 0.19126265084373584, Last Pulse: 13.993 - Next at: 14.184
2021-12-13 21:34:26.515 [INF] : 14.186: Power: 0.756, Freq: 0.19072143404635788, Last Pulse: 13.993 - Next at: 14.184
2021-12-13 21:34:26.515 [INF] : 14.186: Power: 0.757, Freq: 0.19072143404635788, Last Pulse: 14.186 - Next at: 14.377
2021-12-13 21:34:26.515 [INF] : 14.186: Pulse!!!!!!!!
2021-12-13 21:34:26.518 [INF] : 14.188: Power: 0.757, Freq: 0.19017112457613283, Last Pulse: 14.186 - Next at: 14.376
2021-12-13 21:34:26.520 [INF] : 14.190: Power: 0.758, Freq: 0.18962418880529164, Last Pulse: 14.186 - Next at: 14.376
2021-12-13 21:34:26.522 [INF] : 14.193: Power: 0.760, Freq: 0.18908400356641586, Last Pulse: 14.186 - Next at: 14.375
2021-12-13 21:34:26.524 [INF] : 14.195: Power: 0.761, Freq: 0.18849196512598176, Last Pulse: 14.186 - Next at: 14.375
2021-12-13 21:34:26.527 [INF] : 14.197: Power: 0.762, Freq: 0.18791207967380918, Last Pulse: 14.186 - Next at: 14.374
2021-12-13 21:34:26.529 [INF] : 14.200: Power: 0.763, Freq: 0.18739614199720522, Last Pulse: 14.186 - Next at: 14.374
2021-12-13 21:34:26.531 [INF] : 14.202: Power: 0.764, Freq: 0.18688476515187746, Last Pulse: 14.186 - Next at: 14.373
2021-12-13 21:34:26.533 [INF] : 14.204: Power: 0.765, Freq: 0.18635783187690347, Last Pulse: 14.186 - Next at: 14.372
2021-12-13 21:34:26.536 [INF] : 14.206: Power: 0.766, Freq: 0.18583584867636693, Last Pulse: 14.186 - Next at: 14.372
2021-12-13 21:34:26.538 [INF] : 14.209: Power: 0.767, Freq: 0.18528334398554636, Last Pulse: 14.186 - Next at: 14.371
2021-12-13 21:34:26.541 [INF] : 14.211: Power: 0.769, Freq: 0.18468798243846996, Last Pulse: 14.186 - Next at: 14.371
2021-12-13 21:34:26.543 [INF] : 14.214: Power: 0.770, Freq: 0.18418026359961326, Last Pulse: 14.186 - Next at: 14.370
2021-12-13 21:34:26.545 [INF] : 14.216: Power: 0.771, Freq: 0.18369577955867955, Last Pulse: 14.186 - Next at: 14.370
2021-12-13 21:34:26.547 [INF] : 14.218: Power: 0.772, Freq: 0.18321934571759657, Last Pulse: 14.186 - Next at: 14.369
2021-12-13 21:34:26.549 [INF] : 14.220: Power: 0.773, Freq: 0.18271985144808411, Last Pulse: 14.186 - Next at: 14.369
2021-12-13 21:34:26.552 [INF] : 14.222: Power: 0.774, Freq: 0.18224154440073148, Last Pulse: 14.186 - Next at: 14.368
2021-12-13 21:34:26.554 [INF] : 14.225: Power: 0.776, Freq: 0.1817481295503529, Last Pulse: 14.186 - Next at: 14.368
2021-12-13 21:34:26.556 [INF] : 14.227: Power: 0.777, Freq: 0.18128177006083224, Last Pulse: 14.186 - Next at: 14.367
2021-12-13 21:34:26.558 [INF] : 14.229: Power: 0.778, Freq: 0.18082290605419526, Last Pulse: 14.186 - Next at: 14.367
2021-12-13 21:34:26.561 [INF] : 14.231: Power: 0.779, Freq: 0.18037134614111183, Last Pulse: 14.186 - Next at: 14.367
2021-12-13 21:34:26.563 [INF] : 14.233: Power: 0.780, Freq: 0.17992614508131322, Last Pulse: 14.186 - Next at: 14.366
2021-12-13 21:34:26.565 [INF] : 14.236: Power: 0.781, Freq: 0.1794416573589097, Last Pulse: 14.186 - Next at: 14.366
2021-12-13 21:34:26.568 [INF] : 14.238: Power: 0.782, Freq: 0.17889502826223458, Last Pulse: 14.186 - Next at: 14.365
2021-12-13 21:34:26.570 [INF] : 14.241: Power: 0.784, Freq: 0.1784526737764831, Last Pulse: 14.186 - Next at: 14.365
2021-12-13 21:34:26.572 [INF] : 14.243: Power: 0.785, Freq: 0.17800397115674116, Last Pulse: 14.186 - Next at: 14.364
2021-12-13 21:34:26.574 [INF] : 14.245: Power: 0.786, Freq: 0.17757204317593622, Last Pulse: 14.186 - Next at: 14.364
2021-12-13 21:34:26.577 [INF] : 14.247: Power: 0.787, Freq: 0.17715405042876364, Last Pulse: 14.186 - Next at: 14.363
2021-12-13 21:34:26.579 [INF] : 14.250: Power: 0.788, Freq: 0.1767333059122942, Last Pulse: 14.186 - Next at: 14.363
2021-12-13 21:34:26.581 [INF] : 14.252: Power: 0.789, Freq: 0.17630340375239406, Last Pulse: 14.186 - Next at: 14.362
2021-12-13 21:34:26.583 [INF] : 14.254: Power: 0.790, Freq: 0.17588351296696247, Last Pulse: 14.186 - Next at: 14.362
2021-12-13 21:34:26.586 [INF] : 14.256: Power: 0.791, Freq: 0.17546354947380705, Last Pulse: 14.186 - Next at: 14.362
2021-12-13 21:34:26.588 [INF] : 14.259: Power: 0.792, Freq: 0.1750478802759723, Last Pulse: 14.186 - Next at: 14.361
2021-12-13 21:34:26.590 [INF] : 14.261: Power: 0.794, Freq: 0.17464821337624725, Last Pulse: 14.186 - Next at: 14.361
2021-12-13 21:34:26.592 [INF] : 14.263: Power: 0.795, Freq: 0.17425823802223217, Last Pulse: 14.186 - Next at: 14.360
2021-12-13 21:34:26.594 [INF] : 14.265: Power: 0.796, Freq: 0.1738758892061507, Last Pulse: 14.186 - Next at: 14.360
2021-12-13 21:34:26.597 [INF] : 14.267: Power: 0.797, Freq: 0.17349372368457194, Last Pulse: 14.186 - Next at: 14.360
2021-12-13 21:34:26.599 [INF] : 14.270: Power: 0.798, Freq: 0.17311041225078272, Last Pulse: 14.186 - Next at: 14.359
2021-12-13 21:34:26.601 [INF] : 14.272: Power: 0.799, Freq: 0.1727365495502271, Last Pulse: 14.186 - Next at: 14.359
2021-12-13 21:34:26.603 [INF] : 14.274: Power: 0.800, Freq: 0.17235801358487768, Last Pulse: 14.186 - Next at: 14.358
2021-12-13 21:34:26.605 [INF] : 14.276: Power: 0.801, Freq: 0.17198991158528587, Last Pulse: 14.186 - Next at: 14.358
2021-12-13 21:34:26.608 [INF] : 14.278: Power: 0.802, Freq: 0.17163315295345338, Last Pulse: 14.186 - Next at: 14.358
2021-12-13 21:34:26.610 [INF] : 14.281: Power: 0.803, Freq: 0.1712818745010738, Last Pulse: 14.186 - Next at: 14.357
2021-12-13 21:34:26.612 [INF] : 14.283: Power: 0.805, Freq: 0.17092749017744246, Last Pulse: 14.186 - Next at: 14.357
2021-12-13 21:34:26.614 [INF] : 14.285: Power: 0.806, Freq: 0.1705807831264754, Last Pulse: 14.186 - Next at: 14.357
2021-12-13 21:34:26.616 [INF] : 14.287: Power: 0.807, Freq: 0.17024081704006333, Last Pulse: 14.186 - Next at: 14.356
2021-12-13 21:34:26.618 [INF] : 14.289: Power: 0.808, Freq: 0.16990219459666012, Last Pulse: 14.186 - Next at: 14.356
2021-12-13 21:34:26.621 [INF] : 14.291: Power: 0.809, Freq: 0.16956767892838487, Last Pulse: 14.186 - Next at: 14.356
2021-12-13 21:34:26.623 [INF] : 14.293: Power: 0.810, Freq: 0.16923684116301807, Last Pulse: 14.186 - Next at: 14.355
2021-12-13 21:34:26.625 [INF] : 14.296: Power: 0.811, Freq: 0.16891204815194794, Last Pulse: 14.186 - Next at: 14.355
2021-12-13 21:34:26.627 [INF] : 14.298: Power: 0.812, Freq: 0.16858652926843387, Last Pulse: 14.186 - Next at: 14.355
2021-12-13 21:34:26.629 [INF] : 14.300: Power: 0.813, Freq: 0.1682662717635104, Last Pulse: 14.186 - Next at: 14.354
2021-12-13 21:34:26.631 [INF] : 14.302: Power: 0.814, Freq: 0.16795264502790364, Last Pulse: 14.186 - Next at: 14.354
2021-12-13 21:34:26.633 [INF] : 14.304: Power: 0.815, Freq: 0.1676429604146823, Last Pulse: 14.186 - Next at: 14.354
2021-12-13 21:34:26.636 [INF] : 14.306: Power: 0.816, Freq: 0.1673360885669024, Last Pulse: 14.186 - Next at: 14.353
2021-12-13 21:34:26.638 [INF] : 14.309: Power: 0.817, Freq: 0.1670316836875032, Last Pulse: 14.186 - Next at: 14.353
2021-12-13 21:34:26.640 [INF] : 14.311: Power: 0.819, Freq: 0.16673194834644134, Last Pulse: 14.186 - Next at: 14.353
2021-12-13 21:34:26.642 [INF] : 14.313: Power: 0.820, Freq: 0.1664284376965779, Last Pulse: 14.186 - Next at: 14.353
2021-12-13 21:34:26.644 [INF] : 14.315: Power: 0.821, Freq: 0.16613357553058306, Last Pulse: 14.186 - Next at: 14.352
2021-12-13 21:34:26.646 [INF] : 14.317: Power: 0.822, Freq: 0.16584357750870682, Last Pulse: 14.186 - Next at: 14.352
2021-12-13 21:34:26.648 [INF] : 14.319: Power: 0.823, Freq: 0.1655548756349079, Last Pulse: 14.186 - Next at: 14.352
2021-12-13 21:34:26.651 [INF] : 14.321: Power: 0.824, Freq: 0.16527156119008213, Last Pulse: 14.186 - Next at: 14.351
2021-12-13 21:34:26.653 [INF] : 14.324: Power: 0.825, Freq: 0.16497799315804684, Last Pulse: 14.186 - Next at: 14.351
2021-12-13 21:34:26.655 [INF] : 14.326: Power: 0.826, Freq: 0.16469682305647781, Last Pulse: 14.186 - Next at: 14.351
2021-12-13 21:34:26.657 [INF] : 14.328: Power: 0.827, Freq: 0.16441868999799114, Last Pulse: 14.186 - Next at: 14.351
2021-12-13 21:34:26.659 [INF] : 14.330: Power: 0.828, Freq: 0.1641484421241559, Last Pulse: 14.186 - Next at: 14.350
2021-12-13 21:34:26.662 [INF] : 14.332: Power: 0.829, Freq: 0.163883238434686, Last Pulse: 14.186 - Next at: 14.350
2021-12-13 21:34:26.664 [INF] : 14.335: Power: 0.830, Freq: 0.16362134541779838, Last Pulse: 14.186 - Next at: 14.350
2021-12-13 21:34:26.666 [INF] : 14.337: Power: 0.832, Freq: 0.16336329378896242, Last Pulse: 14.186 - Next at: 14.350
2021-12-13 21:34:26.668 [INF] : 14.339: Power: 0.833, Freq: 0.16310898316569888, Last Pulse: 14.186 - Next at: 14.349
2021-12-13 21:34:26.670 [INF] : 14.341: Power: 0.834, Freq: 0.16285574871876296, Last Pulse: 14.186 - Next at: 14.349
2021-12-13 21:34:26.672 [INF] : 14.343: Power: 0.835, Freq: 0.1626023528061511, Last Pulse: 14.186 - Next at: 14.349
2021-12-13 21:34:26.675 [INF] : 14.345: Power: 0.836, Freq: 0.1623551158726051, Last Pulse: 14.186 - Next at: 14.348
2021-12-13 21:34:26.677 [INF] : 14.347: Power: 0.837, Freq: 0.16211187410896155, Last Pulse: 14.186 - Next at: 14.348
2021-12-13 21:34:26.679 [INF] : 14.350: Power: 0.838, Freq: 0.16187318525988648, Last Pulse: 14.186 - Next at: 14.348
2021-12-13 21:34:26.679 [INF] : 14.350: Power: 0.839, Freq: 0.16187318525988648, Last Pulse: 14.350 - Next at: 14.512
2021-12-13 21:34:26.679 [INF] : 14.350: Pulse!!!!!!!!
2021-12-13 21:34:26.681 [INF] : 14.352: Power: 0.839, Freq: 0.16163715070599904, Last Pulse: 14.350 - Next at: 14.511
2021-12-13 21:34:26.683 [INF] : 14.354: Power: 0.840, Freq: 0.161404545405484, Last Pulse: 14.350 - Next at: 14.511
2021-12-13 21:34:26.685 [INF] : 14.356: Power: 0.841, Freq: 0.16117543257020372, Last Pulse: 14.350 - Next at: 14.511
2021-12-13 21:34:26.687 [INF] : 14.358: Power: 0.842, Freq: 0.1609484127996481, Last Pulse: 14.350 - Next at: 14.511
2021-12-13 21:34:26.690 [INF] : 14.360: Power: 0.843, Freq: 0.16072039342446676, Last Pulse: 14.350 - Next at: 14.510
2021-12-13 21:34:26.692 [INF] : 14.363: Power: 0.844, Freq: 0.16049756046010177, Last Pulse: 14.350 - Next at: 14.510
2021-12-13 21:34:26.694 [INF] : 14.365: Power: 0.846, Freq: 0.16027949582387713, Last Pulse: 14.350 - Next at: 14.510
2021-12-13 21:34:26.696 [INF] : 14.367: Power: 0.847, Freq: 0.16006514632454838, Last Pulse: 14.350 - Next at: 14.510
2021-12-13 21:34:26.698 [INF] : 14.369: Power: 0.848, Freq: 0.15985390501808405, Last Pulse: 14.350 - Next at: 14.509
2021-12-13 21:34:26.700 [INF] : 14.371: Power: 0.849, Freq: 0.15964482109435219, Last Pulse: 14.350 - Next at: 14.509
2021-12-13 21:34:26.703 [INF] : 14.373: Power: 0.850, Freq: 0.15942901191776082, Last Pulse: 14.350 - Next at: 14.509
2021-12-13 21:34:26.705 [INF] : 14.376: Power: 0.851, Freq: 0.15921395972597674, Last Pulse: 14.350 - Next at: 14.509
2021-12-13 21:34:26.707 [INF] : 14.378: Power: 0.852, Freq: 0.15901055239708972, Last Pulse: 14.350 - Next at: 14.509
2021-12-13 21:34:26.709 [INF] : 14.380: Power: 0.853, Freq: 0.1588140623960177, Last Pulse: 14.350 - Next at: 14.508
2021-12-13 21:34:26.711 [INF] : 14.382: Power: 0.854, Freq: 0.15862042306512647, Last Pulse: 14.350 - Next at: 14.508
2021-12-13 21:34:26.714 [INF] : 14.384: Power: 0.855, Freq: 0.15843019575755912, Last Pulse: 14.350 - Next at: 14.508
2021-12-13 21:34:26.716 [INF] : 14.386: Power: 0.856, Freq: 0.15824296130499826, Last Pulse: 14.350 - Next at: 14.508
2021-12-13 21:34:26.718 [INF] : 14.389: Power: 0.858, Freq: 0.15805821216439497, Last Pulse: 14.350 - Next at: 14.508
2021-12-13 21:34:26.720 [INF] : 14.391: Power: 0.859, Freq: 0.1578707397322825, Last Pulse: 14.350 - Next at: 14.507
2021-12-13 21:34:26.722 [INF] : 14.393: Power: 0.860, Freq: 0.15768713375490195, Last Pulse: 14.350 - Next at: 14.507
2021-12-13 21:34:26.724 [INF] : 14.395: Power: 0.861, Freq: 0.1575084359401635, Last Pulse: 14.350 - Next at: 14.507
2021-12-13 21:34:26.727 [INF] : 14.397: Power: 0.862, Freq: 0.15733354864057292, Last Pulse: 14.350 - Next at: 14.507
2021-12-13 21:34:26.730 [INF] : 14.400: Power: 0.863, Freq: 0.15705374820879214, Last Pulse: 14.350 - Next at: 14.507
2021-12-13 21:34:26.732 [INF] : 14.403: Power: 0.865, Freq: 0.1568858452300308, Last Pulse: 14.350 - Next at: 14.507
2021-12-13 21:34:26.734 [INF] : 14.405: Power: 0.866, Freq: 0.15672136273990755, Last Pulse: 14.350 - Next at: 14.506
2021-12-13 21:34:26.737 [INF] : 14.407: Power: 0.867, Freq: 0.15654895159757753, Last Pulse: 14.350 - Next at: 14.506
2021-12-13 21:34:26.739 [INF] : 14.410: Power: 0.868, Freq: 0.15638731559903762, Last Pulse: 14.350 - Next at: 14.506
2021-12-13 21:34:26.741 [INF] : 14.412: Power: 0.869, Freq: 0.156230355716501, Last Pulse: 14.350 - Next at: 14.506
2021-12-13 21:34:26.743 [INF] : 14.414: Power: 0.870, Freq: 0.15607649130958423, Last Pulse: 14.350 - Next at: 14.506
2021-12-13 21:34:26.745 [INF] : 14.416: Power: 0.871, Freq: 0.15592534137060454, Last Pulse: 14.350 - Next at: 14.506
2021-12-13 21:34:26.748 [INF] : 14.418: Power: 0.872, Freq: 0.15577719826678704, Last Pulse: 14.350 - Next at: 14.505
2021-12-13 21:34:26.750 [INF] : 14.420: Power: 0.873, Freq: 0.1556305826059492, Last Pulse: 14.350 - Next at: 14.505
2021-12-13 21:34:26.752 [INF] : 14.423: Power: 0.875, Freq: 0.1554750119209971, Last Pulse: 14.350 - Next at: 14.505
2021-12-13 21:34:26.754 [INF] : 14.425: Power: 0.876, Freq: 0.15532733346330785, Last Pulse: 14.350 - Next at: 14.505
2021-12-13 21:34:26.756 [INF] : 14.427: Power: 0.877, Freq: 0.15518626527648882, Last Pulse: 14.350 - Next at: 14.505
2021-12-13 21:34:26.759 [INF] : 14.429: Power: 0.878, Freq: 0.1550497750866957, Last Pulse: 14.350 - Next at: 14.505
2021-12-13 21:34:26.761 [INF] : 14.432: Power: 0.879, Freq: 0.1549160943946979, Last Pulse: 14.350 - Next at: 14.505
2021-12-13 21:34:26.763 [INF] : 14.434: Power: 0.880, Freq: 0.15478504765279455, Last Pulse: 14.350 - Next at: 14.504
2021-12-13 21:34:26.765 [INF] : 14.436: Power: 0.881, Freq: 0.15465651081709275, Last Pulse: 14.350 - Next at: 14.504
2021-12-13 21:34:26.767 [INF] : 14.438: Power: 0.882, Freq: 0.15452940005953053, Last Pulse: 14.350 - Next at: 14.504
2021-12-13 21:34:26.769 [INF] : 14.440: Power: 0.883, Freq: 0.15440161294778276, Last Pulse: 14.350 - Next at: 14.504
2021-12-13 21:34:26.772 [INF] : 14.442: Power: 0.884, Freq: 0.15427793331455852, Last Pulse: 14.350 - Next at: 14.504
2021-12-13 21:34:26.774 [INF] : 14.445: Power: 0.886, Freq: 0.15415795611277838, Last Pulse: 14.350 - Next at: 14.504
2021-12-13 21:34:26.776 [INF] : 14.447: Power: 0.887, Freq: 0.15404096631915243, Last Pulse: 14.350 - Next at: 14.504
2021-12-13 21:34:26.778 [INF] : 14.449: Power: 0.888, Freq: 0.1539261177142337, Last Pulse: 14.350 - Next at: 14.504
2021-12-13 21:34:26.780 [INF] : 14.451: Power: 0.889, Freq: 0.15381273418233565, Last Pulse: 14.350 - Next at: 14.503
2021-12-13 21:34:26.782 [INF] : 14.453: Power: 0.890, Freq: 0.15370070001684244, Last Pulse: 14.350 - Next at: 14.503
2021-12-13 21:34:26.785 [INF] : 14.455: Power: 0.891, Freq: 0.15358599726875122, Last Pulse: 14.350 - Next at: 14.503
2021-12-13 21:34:26.787 [INF] : 14.458: Power: 0.892, Freq: 0.15347773971864376, Last Pulse: 14.350 - Next at: 14.503
2021-12-13 21:34:26.789 [INF] : 14.460: Power: 0.893, Freq: 0.15337371591389592, Last Pulse: 14.350 - Next at: 14.503
2021-12-13 21:34:26.791 [INF] : 14.462: Power: 0.894, Freq: 0.15327239674647286, Last Pulse: 14.350 - Next at: 14.503
2021-12-13 21:34:26.793 [INF] : 14.464: Power: 0.895, Freq: 0.15317300270990764, Last Pulse: 14.350 - Next at: 14.503
2021-12-13 21:34:26.795 [INF] : 14.466: Power: 0.896, Freq: 0.15307664056900583, Last Pulse: 14.350 - Next at: 14.503
2021-12-13 21:34:26.798 [INF] : 14.468: Power: 0.897, Freq: 0.15298474846123122, Last Pulse: 14.350 - Next at: 14.503
2021-12-13 21:34:26.800 [INF] : 14.470: Power: 0.898, Freq: 0.1528891186009278, Last Pulse: 14.350 - Next at: 14.503
2021-12-13 21:34:26.802 [INF] : 14.473: Power: 0.900, Freq: 0.15279004951534558, Last Pulse: 14.350 - Next at: 14.502
2021-12-13 21:34:26.804 [INF] : 14.475: Power: 0.901, Freq: 0.15269870929439255, Last Pulse: 14.350 - Next at: 14.502
2021-12-13 21:34:26.806 [INF] : 14.477: Power: 0.902, Freq: 0.152610638471244, Last Pulse: 14.350 - Next at: 14.502
2021-12-13 21:34:26.809 [INF] : 14.479: Power: 0.903, Freq: 0.15252531328821606, Last Pulse: 14.350 - Next at: 14.502
2021-12-13 21:34:26.811 [INF] : 14.481: Power: 0.904, Freq: 0.15244202593554146, Last Pulse: 14.350 - Next at: 14.502
2021-12-13 21:34:26.813 [INF] : 14.484: Power: 0.905, Freq: 0.15236077126542424, Last Pulse: 14.350 - Next at: 14.502
2021-12-13 21:34:26.815 [INF] : 14.486: Power: 0.906, Freq: 0.15228125822261918, Last Pulse: 14.350 - Next at: 14.502
2021-12-13 21:34:26.817 [INF] : 14.488: Power: 0.907, Freq: 0.1521952460502365, Last Pulse: 14.350 - Next at: 14.502
2021-12-13 21:34:26.820 [INF] : 14.490: Power: 0.908, Freq: 0.15211560897786347, Last Pulse: 14.350 - Next at: 14.502
2021-12-13 21:34:26.822 [INF] : 14.493: Power: 0.909, Freq: 0.15203597025640692, Last Pulse: 14.350 - Next at: 14.502
2021-12-13 21:34:26.824 [INF] : 14.495: Power: 0.911, Freq: 0.15196425034848815, Last Pulse: 14.350 - Next at: 14.502
2021-12-13 21:34:26.826 [INF] : 14.497: Power: 0.912, Freq: 0.1518885753192336, Last Pulse: 14.350 - Next at: 14.502
2021-12-13 21:34:26.828 [INF] : 14.499: Power: 0.913, Freq: 0.15182177929638652, Last Pulse: 14.350 - Next at: 14.501
2021-12-13 21:34:26.831 [INF] : 14.501: Power: 0.914, Freq: 0.1517531055646506, Last Pulse: 14.350 - Next at: 14.501
2021-12-13 21:34:26.833 [INF] : 14.503: Power: 0.915, Freq: 0.15168061510307496, Last Pulse: 14.350 - Next at: 14.501
2021-12-13 21:34:26.833 [INF] : 14.503: Power: 0.916, Freq: 0.15168061510307496, Last Pulse: 14.503 - Next at: 14.655
2021-12-13 21:34:26.833 [INF] : 14.503: Pulse!!!!!!!!
2021-12-13 21:34:26.835 [INF] : 14.506: Power: 0.916, Freq: 0.1516148564024058, Last Pulse: 14.503 - Next at: 14.655
2021-12-13 21:34:26.838 [INF] : 14.508: Power: 0.917, Freq: 0.1515388141256886, Last Pulse: 14.503 - Next at: 14.655
2021-12-13 21:34:26.840 [INF] : 14.511: Power: 0.919, Freq: 0.15147753357832539, Last Pulse: 14.503 - Next at: 14.655
2021-12-13 21:34:26.842 [INF] : 14.513: Power: 0.920, Freq: 0.15141853817778195, Last Pulse: 14.503 - Next at: 14.655
2021-12-13 21:34:26.844 [INF] : 14.515: Power: 0.921, Freq: 0.15136108743182408, Last Pulse: 14.503 - Next at: 14.655
2021-12-13 21:34:26.846 [INF] : 14.517: Power: 0.922, Freq: 0.1513053209414199, Last Pulse: 14.503 - Next at: 14.655
2021-12-13 21:34:26.849 [INF] : 14.519: Power: 0.923, Freq: 0.15123966171983616, Last Pulse: 14.503 - Next at: 14.655
2021-12-13 21:34:26.851 [INF] : 14.522: Power: 0.924, Freq: 0.15118674992511938, Last Pulse: 14.503 - Next at: 14.655
2021-12-13 21:34:26.854 [INF] : 14.524: Power: 0.925, Freq: 0.15112475886419174, Last Pulse: 14.503 - Next at: 14.655
2021-12-13 21:34:26.856 [INF] : 14.527: Power: 0.927, Freq: 0.15107557252181092, Last Pulse: 14.503 - Next at: 14.655
2021-12-13 21:34:26.858 [INF] : 14.529: Power: 0.928, Freq: 0.15102802774850055, Last Pulse: 14.503 - Next at: 14.655
2021-12-13 21:34:26.860 [INF] : 14.531: Power: 0.929, Freq: 0.15098258812526444, Last Pulse: 14.503 - Next at: 14.654
2021-12-13 21:34:26.863 [INF] : 14.533: Power: 0.930, Freq: 0.1509375355289797, Last Pulse: 14.503 - Next at: 14.654
2021-12-13 21:34:26.865 [INF] : 14.536: Power: 0.931, Freq: 0.15089162188820016, Last Pulse: 14.503 - Next at: 14.654
2021-12-13 21:34:26.867 [INF] : 14.538: Power: 0.932, Freq: 0.1508501566428766, Last Pulse: 14.503 - Next at: 14.654
2021-12-13 21:34:26.869 [INF] : 14.540: Power: 0.933, Freq: 0.15081003243220703, Last Pulse: 14.503 - Next at: 14.654
2021-12-13 21:34:26.871 [INF] : 14.542: Power: 0.934, Freq: 0.15077017379464408, Last Pulse: 14.503 - Next at: 14.654
2021-12-13 21:34:26.873 [INF] : 14.544: Power: 0.935, Freq: 0.15073268117629857, Last Pulse: 14.503 - Next at: 14.654
2021-12-13 21:34:26.876 [INF] : 14.546: Power: 0.936, Freq: 0.15069643554449152, Last Pulse: 14.503 - Next at: 14.654
2021-12-13 21:34:26.878 [INF] : 14.549: Power: 0.937, Freq: 0.15066068890015316, Last Pulse: 14.503 - Next at: 14.654
2021-12-13 21:34:26.880 [INF] : 14.551: Power: 0.939, Freq: 0.15062372291296722, Last Pulse: 14.503 - Next at: 14.654
2021-12-13 21:34:26.882 [INF] : 14.553: Power: 0.940, Freq: 0.15058947689858249, Last Pulse: 14.503 - Next at: 14.654
2021-12-13 21:34:26.885 [INF] : 14.555: Power: 0.941, Freq: 0.15055752295613622, Last Pulse: 14.503 - Next at: 14.654
2021-12-13 21:34:26.887 [INF] : 14.557: Power: 0.942, Freq: 0.15052470183441757, Last Pulse: 14.503 - Next at: 14.654
2021-12-13 21:34:26.889 [INF] : 14.560: Power: 0.943, Freq: 0.1504957094450332, Last Pulse: 14.503 - Next at: 14.654
2021-12-13 21:34:26.891 [INF] : 14.562: Power: 0.944, Freq: 0.1504678487809601, Last Pulse: 14.503 - Next at: 14.654
2021-12-13 21:34:26.893 [INF] : 14.564: Power: 0.945, Freq: 0.15044100649845138, Last Pulse: 14.503 - Next at: 14.654
2021-12-13 21:34:26.895 [INF] : 14.566: Power: 0.946, Freq: 0.15041413370234702, Last Pulse: 14.503 - Next at: 14.654
2021-12-13 21:34:26.898 [INF] : 14.568: Power: 0.947, Freq: 0.15038934295624395, Last Pulse: 14.503 - Next at: 14.654
2021-12-13 21:34:26.900 [INF] : 14.571: Power: 0.948, Freq: 0.15036511948704057, Last Pulse: 14.503 - Next at: 14.654
2021-12-13 21:34:26.902 [INF] : 14.573: Power: 0.950, Freq: 0.15034040617263944, Last Pulse: 14.503 - Next at: 14.654
2021-12-13 21:34:26.905 [INF] : 14.575: Power: 0.951, Freq: 0.15031605475957743, Last Pulse: 14.503 - Next at: 14.654
2021-12-13 21:34:26.907 [INF] : 14.578: Power: 0.952, Freq: 0.15029487399951824, Last Pulse: 14.503 - Next at: 14.654
2021-12-13 21:34:26.909 [INF] : 14.580: Power: 0.953, Freq: 0.1502751945518921, Last Pulse: 14.503 - Next at: 14.654
2021-12-13 21:34:26.911 [INF] : 14.582: Power: 0.954, Freq: 0.1502562477132372, Last Pulse: 14.503 - Next at: 14.654
2021-12-13 21:34:26.913 [INF] : 14.584: Power: 0.955, Freq: 0.15023824423229915, Last Pulse: 14.503 - Next at: 14.654
2021-12-13 21:34:26.915 [INF] : 14.586: Power: 0.956, Freq: 0.15022119539434087, Last Pulse: 14.503 - Next at: 14.654
2021-12-13 21:34:26.917 [INF] : 14.588: Power: 0.957, Freq: 0.1502048801491931, Last Pulse: 14.503 - Next at: 14.654
2021-12-13 21:34:26.920 [INF] : 14.590: Power: 0.958, Freq: 0.15018951524522173, Last Pulse: 14.503 - Next at: 14.654
2021-12-13 21:34:26.922 [INF] : 14.593: Power: 0.959, Freq: 0.1501726929917484, Last Pulse: 14.503 - Next at: 14.654
2021-12-13 21:34:26.924 [INF] : 14.595: Power: 0.961, Freq: 0.1501586055962667, Last Pulse: 14.503 - Next at: 14.654
2021-12-13 21:34:26.926 [INF] : 14.597: Power: 0.962, Freq: 0.1501454041222381, Last Pulse: 14.503 - Next at: 14.654
2021-12-13 21:34:26.929 [INF] : 14.599: Power: 0.963, Freq: 0.15013207186697475, Last Pulse: 14.503 - Next at: 14.654
2021-12-13 21:34:26.931 [INF] : 14.602: Power: 0.964, Freq: 0.15012038191806631, Last Pulse: 14.503 - Next at: 14.654
2021-12-13 21:34:26.933 [INF] : 14.604: Power: 0.965, Freq: 0.15010940733784217, Last Pulse: 14.503 - Next at: 14.654
2021-12-13 21:34:26.935 [INF] : 14.606: Power: 0.966, Freq: 0.15009912908224177, Last Pulse: 14.503 - Next at: 14.654
2021-12-13 21:34:26.938 [INF] : 14.608: Power: 0.967, Freq: 0.15008873186305127, Last Pulse: 14.503 - Next at: 14.654
2021-12-13 21:34:26.940 [INF] : 14.611: Power: 0.969, Freq: 0.1500798130901173, Last Pulse: 14.503 - Next at: 14.654
2021-12-13 21:34:26.942 [INF] : 14.613: Power: 0.970, Freq: 0.15007068221977216, Last Pulse: 14.503 - Next at: 14.654
2021-12-13 21:34:26.945 [INF] : 14.615: Power: 0.971, Freq: 0.1500628488548137, Last Pulse: 14.503 - Next at: 14.654
2021-12-13 21:34:26.947 [INF] : 14.617: Power: 0.972, Freq: 0.15005559629200427, Last Pulse: 14.503 - Next at: 14.654
2021-12-13 21:34:26.949 [INF] : 14.620: Power: 0.973, Freq: 0.15004903818950677, Last Pulse: 14.503 - Next at: 14.654
2021-12-13 21:34:26.951 [INF] : 14.622: Power: 0.974, Freq: 0.1500426799865826, Last Pulse: 14.503 - Next at: 14.654
2021-12-13 21:34:26.954 [INF] : 14.624: Power: 0.975, Freq: 0.15003639238633726, Last Pulse: 14.503 - Next at: 14.654
2021-12-13 21:34:26.956 [INF] : 14.627: Power: 0.977, Freq: 0.15003151012060512, Last Pulse: 14.503 - Next at: 14.654
2021-12-13 21:34:26.958 [INF] : 14.629: Power: 0.978, Freq: 0.15002682927034305, Last Pulse: 14.503 - Next at: 14.654
2021-12-13 21:34:26.961 [INF] : 14.631: Power: 0.979, Freq: 0.15002275061669668, Last Pulse: 14.503 - Next at: 14.654
2021-12-13 21:34:26.963 [INF] : 14.634: Power: 0.980, Freq: 0.1500191925965777, Last Pulse: 14.503 - Next at: 14.653
2021-12-13 21:34:26.965 [INF] : 14.636: Power: 0.981, Freq: 0.15001605677407204, Last Pulse: 14.503 - Next at: 14.653
2021-12-13 21:34:26.967 [INF] : 14.638: Power: 0.982, Freq: 0.15001328235563482, Last Pulse: 14.503 - Next at: 14.653
2021-12-13 21:34:26.969 [INF] : 14.640: Power: 0.983, Freq: 0.15001076131873647, Last Pulse: 14.503 - Next at: 14.653
2021-12-13 21:34:26.972 [INF] : 14.642: Power: 0.984, Freq: 0.1500084071985346, Last Pulse: 14.503 - Next at: 14.653
2021-12-13 21:34:26.974 [INF] : 14.645: Power: 0.986, Freq: 0.15000655833582677, Last Pulse: 14.503 - Next at: 14.653
2021-12-13 21:34:26.976 [INF] : 14.647: Power: 0.987, Freq: 0.15000506379727696, Last Pulse: 14.503 - Next at: 14.653
2021-12-13 21:34:26.979 [INF] : 14.649: Power: 0.988, Freq: 0.15000380240951516, Last Pulse: 14.503 - Next at: 14.653
2021-12-13 21:34:26.981 [INF] : 14.652: Power: 0.989, Freq: 0.15000274232983557, Last Pulse: 14.503 - Next at: 14.653
2021-12-13 21:34:26.983 [INF] : 14.654: Power: 0.990, Freq: 0.15000187993876324, Last Pulse: 14.503 - Next at: 14.653
2021-12-13 21:34:26.983 [INF] : 14.654: Power: 0.991, Freq: 0.15000187993876324, Last Pulse: 14.654 - Next at: 14.804
2021-12-13 21:34:26.983 [INF] : 14.654: Pulse!!!!!!!!
2021-12-13 21:34:26.986 [INF] : 14.656: Power: 0.991, Freq: 0.15000118556554565, Last Pulse: 14.654 - Next at: 14.804
2021-12-13 21:34:26.988 [INF] : 14.659: Power: 0.993, Freq: 0.15000073826774507, Last Pulse: 14.654 - Next at: 14.804
2021-12-13 21:34:26.990 [INF] : 14.661: Power: 0.994, Freq: 0.15000041944265918, Last Pulse: 14.654 - Next at: 14.804
2021-12-13 21:34:26.992 [INF] : 14.663: Power: 0.995, Freq: 0.15000021124130614, Last Pulse: 14.654 - Next at: 14.804
2021-12-13 21:34:26.994 [INF] : 14.665: Power: 0.996, Freq: 0.1500000871380167, Last Pulse: 14.654 - Next at: 14.804
2021-12-13 21:34:26.997 [INF] : 14.667: Power: 0.997, Freq: 0.15000002467367324, Last Pulse: 14.654 - Next at: 14.804
2021-12-13 21:34:26.999 [INF] : 14.669: Power: 0.998, Freq: 0.1500000026647812, Last Pulse: 14.654 - Next at: 14.804
2021-12-13 21:34:27.001 [INF] : 14.672: Power: 0.999, Freq: 0.1499999999999999, Last Pulse: 14.654 - Next at: 14.804
2021-12-13 21:34:27.134 [INF] : 14.804: Power: 1.000, Freq: 0.1499999999999999, Last Pulse: 14.804 - Next at: 14.954
2021-12-13 21:34:27.134 [INF] : 14.804: Pulse!!!!!!!!
2021-12-13 21:34:27.284 [INF] : 14.955: Power: 1.000, Freq: 0.1499999999999999, Last Pulse: 14.955 - Next at: 15.105
2021-12-13 21:34:27.284 [INF] : 14.955: Pulse!!!!!!!!
2021-12-13 21:34:27.435 [INF] : 15.106: Power: 1.000, Freq: 0.1499999999999999, Last Pulse: 15.106 - Next at: 15.256
2021-12-13 21:34:27.435 [INF] : 15.106: Pulse!!!!!!!!
2021-12-13 21:34:27.586 [INF] : 15.257: Power: 1.000, Freq: 0.1499999999999999, Last Pulse: 15.257 - Next at: 15.407
2021-12-13 21:34:27.586 [INF] : 15.257: Pulse!!!!!!!!
2021-12-13 21:34:27.737 [INF] : 15.408: Power: 1.000, Freq: 0.1499999999999999, Last Pulse: 15.408 - Next at: 15.558
2021-12-13 21:34:27.737 [INF] : 15.408: Pulse!!!!!!!!
2021-12-13 21:34:27.889 [INF] : 15.560: Power: 1.000, Freq: 0.1499999999999999, Last Pulse: 15.560 - Next at: 15.710
2021-12-13 21:34:27.889 [INF] : 15.560: Pulse!!!!!!!!
2021-12-13 21:34:27.891 [INF] : Setting simulation Power Level to 0.000
2021-12-13 21:34:27.892 [INF] : 15.562: Power: 1.000, Freq: 0.15000000020502702, Last Pulse: 15.560 - Next at: 15.710
2021-12-13 21:34:27.896 [INF] : 15.565: Power: 1.000, Freq: 0.1500000292754522, Last Pulse: 15.560 - Next at: 15.710
2021-12-13 21:34:27.899 [INF] : 15.568: Power: 0.998, Freq: 0.15000014528183936, Last Pulse: 15.560 - Next at: 15.710
2021-12-13 21:34:27.901 [INF] : 15.571: Power: 0.996, Freq: 0.15000032693298726, Last Pulse: 15.560 - Next at: 15.710
2021-12-13 21:34:27.903 [INF] : 15.574: Power: 0.995, Freq: 0.15000063558867538, Last Pulse: 15.560 - Next at: 15.710
2021-12-13 21:34:27.905 [INF] : 15.576: Power: 0.994, Freq: 0.15000103157581446, Last Pulse: 15.560 - Next at: 15.710
2021-12-13 21:34:27.908 [INF] : 15.578: Power: 0.993, Freq: 0.15000156895673245, Last Pulse: 15.560 - Next at: 15.710
2021-12-13 21:34:27.910 [INF] : 15.580: Power: 0.992, Freq: 0.15000226487161594, Last Pulse: 15.560 - Next at: 15.710
2021-12-13 21:34:27.912 [INF] : 15.583: Power: 0.991, Freq: 0.15000317557962584, Last Pulse: 15.560 - Next at: 15.710
2021-12-13 21:34:27.915 [INF] : 15.585: Power: 0.990, Freq: 0.1500046455956614, Last Pulse: 15.560 - Next at: 15.710
2021-12-13 21:34:27.917 [INF] : 15.588: Power: 0.988, Freq: 0.1500063181903255, Last Pulse: 15.560 - Next at: 15.710
2021-12-13 21:34:27.919 [INF] : 15.590: Power: 0.987, Freq: 0.15000806737055727, Last Pulse: 15.560 - Next at: 15.710
2021-12-13 21:34:27.922 [INF] : 15.592: Power: 0.986, Freq: 0.150010101286703, Last Pulse: 15.560 - Next at: 15.710
2021-12-13 21:34:27.924 [INF] : 15.595: Power: 0.985, Freq: 0.1500124160346905, Last Pulse: 15.560 - Next at: 15.710
2021-12-13 21:34:27.926 [INF] : 15.597: Power: 0.984, Freq: 0.15001504728607706, Last Pulse: 15.560 - Next at: 15.710
2021-12-13 21:34:27.928 [INF] : 15.599: Power: 0.983, Freq: 0.1500180258249717, Last Pulse: 15.560 - Next at: 15.710
2021-12-13 21:34:27.930 [INF] : 15.601: Power: 0.982, Freq: 0.15002137405585936, Last Pulse: 15.560 - Next at: 15.710
2021-12-13 21:34:27.933 [INF] : 15.603: Power: 0.980, Freq: 0.15002520830901567, Last Pulse: 15.560 - Next at: 15.710
2021-12-13 21:34:27.935 [INF] : 15.605: Power: 0.979, Freq: 0.15002944161680398, Last Pulse: 15.560 - Next at: 15.710
2021-12-13 21:34:27.937 [INF] : 15.608: Power: 0.978, Freq: 0.15003412483436485, Last Pulse: 15.560 - Next at: 15.710
2021-12-13 21:34:27.939 [INF] : 15.610: Power: 0.977, Freq: 0.15003921572673518, Last Pulse: 15.560 - Next at: 15.710
2021-12-13 21:34:27.941 [INF] : 15.612: Power: 0.976, Freq: 0.15004479280259586, Last Pulse: 15.560 - Next at: 15.710
2021-12-13 21:34:27.943 [INF] : 15.614: Power: 0.975, Freq: 0.1500508651282373, Last Pulse: 15.560 - Next at: 15.710
2021-12-13 21:34:27.946 [INF] : 15.616: Power: 0.974, Freq: 0.15005746981731605, Last Pulse: 15.560 - Next at: 15.710
2021-12-13 21:34:27.948 [INF] : 15.618: Power: 0.973, Freq: 0.1500657242722947, Last Pulse: 15.560 - Next at: 15.710
2021-12-13 21:34:27.951 [INF] : 15.621: Power: 0.972, Freq: 0.15007558497914397, Last Pulse: 15.560 - Next at: 15.710
2021-12-13 21:34:27.954 [INF] : 15.624: Power: 0.970, Freq: 0.15008896900067192, Last Pulse: 15.560 - Next at: 15.710
2021-12-13 21:34:27.957 [INF] : 15.627: Power: 0.969, Freq: 0.15009953915840768, Last Pulse: 15.560 - Next at: 15.710
2021-12-13 21:34:27.959 [INF] : 15.629: Power: 0.967, Freq: 0.15011248405885658, Last Pulse: 15.560 - Next at: 15.710
2021-12-13 21:34:27.961 [INF] : 15.632: Power: 0.966, Freq: 0.15012365064007582, Last Pulse: 15.560 - Next at: 15.710
2021-12-13 21:34:27.964 [INF] : 15.634: Power: 0.965, Freq: 0.1501357360511033, Last Pulse: 15.560 - Next at: 15.710
2021-12-13 21:34:27.966 [INF] : 15.637: Power: 0.964, Freq: 0.1501483792032423, Last Pulse: 15.560 - Next at: 15.710
2021-12-13 21:34:27.968 [INF] : 15.639: Power: 0.963, Freq: 0.150161705756775, Last Pulse: 15.560 - Next at: 15.710
2021-12-13 21:34:27.970 [INF] : 15.641: Power: 0.962, Freq: 0.1501758126156738, Last Pulse: 15.560 - Next at: 15.710
2021-12-13 21:34:27.972 [INF] : 15.643: Power: 0.960, Freq: 0.15019066550392113, Last Pulse: 15.560 - Next at: 15.710
2021-12-13 21:34:27.975 [INF] : 15.645: Power: 0.959, Freq: 0.15020621490449626, Last Pulse: 15.560 - Next at: 15.710
2021-12-13 21:34:27.977 [INF] : 15.647: Power: 0.958, Freq: 0.15022279145633943, Last Pulse: 15.560 - Next at: 15.710
2021-12-13 21:34:27.979 [INF] : 15.650: Power: 0.957, Freq: 0.15024047013041653, Last Pulse: 15.560 - Next at: 15.710
2021-12-13 21:34:27.981 [INF] : 15.652: Power: 0.956, Freq: 0.15025861787337602, Last Pulse: 15.560 - Next at: 15.710
2021-12-13 21:34:27.983 [INF] : 15.654: Power: 0.955, Freq: 0.15027709111393284, Last Pulse: 15.560 - Next at: 15.710
2021-12-13 21:34:27.985 [INF] : 15.656: Power: 0.954, Freq: 0.1502960145537351, Last Pulse: 15.560 - Next at: 15.710
2021-12-13 21:34:27.988 [INF] : 15.658: Power: 0.953, Freq: 0.1503191563903803, Last Pulse: 15.560 - Next at: 15.710
2021-12-13 21:34:27.990 [INF] : 15.660: Power: 0.952, Freq: 0.15034329459745344, Last Pulse: 15.560 - Next at: 15.710
2021-12-13 21:34:27.992 [INF] : 15.663: Power: 0.951, Freq: 0.15036657504180084, Last Pulse: 15.560 - Next at: 15.710
2021-12-13 21:34:27.995 [INF] : 15.665: Power: 0.950, Freq: 0.15039530826676772, Last Pulse: 15.560 - Next at: 15.710
2021-12-13 21:34:27.997 [INF] : 15.668: Power: 0.948, Freq: 0.15042479078616022, Last Pulse: 15.560 - Next at: 15.710
2021-12-13 21:34:27.999 [INF] : 15.670: Power: 0.947, Freq: 0.1504511450902859, Last Pulse: 15.560 - Next at: 15.710
2021-12-13 21:34:28.002 [INF] : 15.672: Power: 0.946, Freq: 0.1504785778905342, Last Pulse: 15.560 - Next at: 15.710
2021-12-13 21:34:28.004 [INF] : 15.674: Power: 0.945, Freq: 0.15051054772508543, Last Pulse: 15.560 - Next at: 15.711
2021-12-13 21:34:28.006 [INF] : 15.677: Power: 0.944, Freq: 0.15054097963958046, Last Pulse: 15.560 - Next at: 15.711
2021-12-13 21:34:28.008 [INF] : 15.679: Power: 0.943, Freq: 0.15057350712761908, Last Pulse: 15.560 - Next at: 15.711
2021-12-13 21:34:28.011 [INF] : 15.681: Power: 0.941, Freq: 0.15061169154591214, Last Pulse: 15.560 - Next at: 15.711
2021-12-13 21:34:28.013 [INF] : 15.684: Power: 0.940, Freq: 0.15064560980462538, Last Pulse: 15.560 - Next at: 15.711
2021-12-13 21:34:28.016 [INF] : 15.686: Power: 0.939, Freq: 0.1506864314731664, Last Pulse: 15.560 - Next at: 15.711
2021-12-13 21:34:28.018 [INF] : 15.688: Power: 0.938, Freq: 0.1507231353829881, Last Pulse: 15.560 - Next at: 15.711
2021-12-13 21:34:28.020 [INF] : 15.691: Power: 0.937, Freq: 0.1507611284452235, Last Pulse: 15.560 - Next at: 15.711
2021-12-13 21:34:28.022 [INF] : 15.693: Power: 0.936, Freq: 0.1508006843542371, Last Pulse: 15.560 - Next at: 15.711
2021-12-13 21:34:28.024 [INF] : 15.695: Power: 0.935, Freq: 0.15084096968806193, Last Pulse: 15.560 - Next at: 15.711
2021-12-13 21:34:28.026 [INF] : 15.697: Power: 0.933, Freq: 0.15088269957682687, Last Pulse: 15.560 - Next at: 15.711
2021-12-13 21:34:28.029 [INF] : 15.699: Power: 0.932, Freq: 0.15092573505806417, Last Pulse: 15.560 - Next at: 15.711
2021-12-13 21:34:28.031 [INF] : 15.702: Power: 0.931, Freq: 0.15096983864396973, Last Pulse: 15.560 - Next at: 15.711
2021-12-13 21:34:28.033 [INF] : 15.704: Power: 0.930, Freq: 0.1510152632196453, Last Pulse: 15.560 - Next at: 15.711
2021-12-13 21:34:28.035 [INF] : 15.706: Power: 0.929, Freq: 0.1510620291313587, Last Pulse: 15.560 - Next at: 15.711
2021-12-13 21:34:28.038 [INF] : 15.708: Power: 0.928, Freq: 0.15111792307566807, Last Pulse: 15.560 - Next at: 15.711
2021-12-13 21:34:28.040 [INF] : 15.711: Power: 0.927, Freq: 0.15117811756315458, Last Pulse: 15.560 - Next at: 15.711
2021-12-13 21:34:28.042 [INF] : 15.713: Power: 0.926, Freq: 0.15123189819798633, Last Pulse: 15.560 - Next at: 15.711
2021-12-13 21:34:28.042 [INF] : 15.713: Power: 0.924, Freq: 0.15123189819798633, Last Pulse: 15.713 - Next at: 15.864
2021-12-13 21:34:28.042 [INF] : 15.713: Pulse!!!!!!!!
2021-12-13 21:34:28.045 [INF] : 15.715: Power: 0.924, Freq: 0.1512858823188168, Last Pulse: 15.713 - Next at: 15.864
2021-12-13 21:34:28.047 [INF] : 15.717: Power: 0.923, Freq: 0.15134092696264645, Last Pulse: 15.713 - Next at: 15.864
2021-12-13 21:34:28.049 [INF] : 15.720: Power: 0.922, Freq: 0.15139730781306415, Last Pulse: 15.713 - Next at: 15.864
2021-12-13 21:34:28.051 [INF] : 15.722: Power: 0.921, Freq: 0.15145533471396, Last Pulse: 15.713 - Next at: 15.864
2021-12-13 21:34:28.054 [INF] : 15.724: Power: 0.920, Freq: 0.15152511832347626, Last Pulse: 15.713 - Next at: 15.865
2021-12-13 21:34:28.056 [INF] : 15.726: Power: 0.919, Freq: 0.15159803361842794, Last Pulse: 15.713 - Next at: 15.865
2021-12-13 21:34:28.059 [INF] : 15.729: Power: 0.918, Freq: 0.1516703847775518, Last Pulse: 15.713 - Next at: 15.865
2021-12-13 21:34:28.061 [INF] : 15.731: Power: 0.916, Freq: 0.1517356750831218, Last Pulse: 15.713 - Next at: 15.865
2021-12-13 21:34:28.063 [INF] : 15.734: Power: 0.915, Freq: 0.15180215987464418, Last Pulse: 15.713 - Next at: 15.865
2021-12-13 21:34:28.065 [INF] : 15.736: Power: 0.914, Freq: 0.15187085710519543, Last Pulse: 15.713 - Next at: 15.865
2021-12-13 21:34:28.067 [INF] : 15.738: Power: 0.913, Freq: 0.1519399085010642, Last Pulse: 15.713 - Next at: 15.865
2021-12-13 21:34:28.069 [INF] : 15.740: Power: 0.912, Freq: 0.15200951722486167, Last Pulse: 15.713 - Next at: 15.865
2021-12-13 21:34:28.073 [INF] : 15.742: Power: 0.911, Freq: 0.1521288284813087, Last Pulse: 15.713 - Next at: 15.865
2021-12-13 21:34:28.075 [INF] : 15.746: Power: 0.909, Freq: 0.15220970038092796, Last Pulse: 15.713 - Next at: 15.865
2021-12-13 21:34:28.077 [INF] : 15.748: Power: 0.908, Freq: 0.15229017383171817, Last Pulse: 15.713 - Next at: 15.865
2021-12-13 21:34:28.079 [INF] : 15.750: Power: 0.907, Freq: 0.15237049005940584, Last Pulse: 15.713 - Next at: 15.865
2021-12-13 21:34:28.081 [INF] : 15.752: Power: 0.906, Freq: 0.15245397001237215, Last Pulse: 15.713 - Next at: 15.865
2021-12-13 21:34:28.084 [INF] : 15.754: Power: 0.905, Freq: 0.1525378516470437, Last Pulse: 15.713 - Next at: 15.866
2021-12-13 21:34:28.086 [INF] : 15.756: Power: 0.904, Freq: 0.15262559802964004, Last Pulse: 15.713 - Next at: 15.866
2021-12-13 21:34:28.088 [INF] : 15.759: Power: 0.903, Freq: 0.152736246877474, Last Pulse: 15.713 - Next at: 15.866
2021-12-13 21:34:28.091 [INF] : 15.761: Power: 0.901, Freq: 0.15285414876149916, Last Pulse: 15.713 - Next at: 15.866
2021-12-13 21:34:28.093 [INF] : 15.764: Power: 0.900, Freq: 0.1529499805955652, Last Pulse: 15.713 - Next at: 15.866
2021-12-13 21:34:28.096 [INF] : 15.766: Power: 0.899, Freq: 0.15304543544993798, Last Pulse: 15.713 - Next at: 15.866
2021-12-13 21:34:28.098 [INF] : 15.769: Power: 0.898, Freq: 0.15314254426069684, Last Pulse: 15.713 - Next at: 15.866
2021-12-13 21:34:28.100 [INF] : 15.771: Power: 0.897, Freq: 0.15324428642059473, Last Pulse: 15.713 - Next at: 15.866
2021-12-13 21:34:28.103 [INF] : 15.773: Power: 0.896, Freq: 0.15337677372443803, Last Pulse: 15.713 - Next at: 15.866
2021-12-13 21:34:28.106 [INF] : 15.776: Power: 0.894, Freq: 0.15352547984845044, Last Pulse: 15.713 - Next at: 15.867
2021-12-13 21:34:28.109 [INF] : 15.779: Power: 0.893, Freq: 0.15369557858785576, Last Pulse: 15.713 - Next at: 15.867
2021-12-13 21:34:28.111 [INF] : 15.782: Power: 0.891, Freq: 0.15380769656597781, Last Pulse: 15.713 - Next at: 15.867
2021-12-13 21:34:28.114 [INF] : 15.784: Power: 0.890, Freq: 0.1539203249992207, Last Pulse: 15.713 - Next at: 15.867
2021-12-13 21:34:28.116 [INF] : 15.786: Power: 0.889, Freq: 0.1540373578208909, Last Pulse: 15.713 - Next at: 15.867
2021-12-13 21:34:28.119 [INF] : 15.789: Power: 0.888, Freq: 0.154192293191886, Last Pulse: 15.713 - Next at: 15.867
2021-12-13 21:34:28.121 [INF] : 15.792: Power: 0.886, Freq: 0.15433025486691987, Last Pulse: 15.713 - Next at: 15.867
2021-12-13 21:34:28.124 [INF] : 15.794: Power: 0.885, Freq: 0.15446940417165633, Last Pulse: 15.713 - Next at: 15.868
2021-12-13 21:34:28.126 [INF] : 15.796: Power: 0.884, Freq: 0.15460016414306965, Last Pulse: 15.713 - Next at: 15.868
2021-12-13 21:34:28.128 [INF] : 15.799: Power: 0.883, Freq: 0.15473029104306768, Last Pulse: 15.713 - Next at: 15.868
2021-12-13 21:34:28.130 [INF] : 15.801: Power: 0.882, Freq: 0.1548627697079028, Last Pulse: 15.713 - Next at: 15.868
2021-12-13 21:34:28.132 [INF] : 15.803: Power: 0.881, Freq: 0.155001647650316, Last Pulse: 15.713 - Next at: 15.868
2021-12-13 21:34:28.135 [INF] : 15.805: Power: 0.879, Freq: 0.15513942621071664, Last Pulse: 15.713 - Next at: 15.868
2021-12-13 21:34:28.137 [INF] : 15.808: Power: 0.878, Freq: 0.1553022615918529, Last Pulse: 15.713 - Next at: 15.868
2021-12-13 21:34:28.139 [INF] : 15.810: Power: 0.877, Freq: 0.15545160595188934, Last Pulse: 15.713 - Next at: 15.868
2021-12-13 21:34:28.142 [INF] : 15.812: Power: 0.876, Freq: 0.15559855717088977, Last Pulse: 15.713 - Next at: 15.869
2021-12-13 21:34:28.144 [INF] : 15.815: Power: 0.875, Freq: 0.15575192084957035, Last Pulse: 15.713 - Next at: 15.869
2021-12-13 21:34:28.146 [INF] : 15.817: Power: 0.874, Freq: 0.1559000985811303, Last Pulse: 15.713 - Next at: 15.869
2021-12-13 21:34:28.148 [INF] : 15.819: Power: 0.873, Freq: 0.15605611157289756, Last Pulse: 15.713 - Next at: 15.869
2021-12-13 21:34:28.150 [INF] : 15.821: Power: 0.871, Freq: 0.15621332693366208, Last Pulse: 15.713 - Next at: 15.869
2021-12-13 21:34:28.153 [INF] : 15.823: Power: 0.870, Freq: 0.15637536014647502, Last Pulse: 15.713 - Next at: 15.869
2021-12-13 21:34:28.155 [INF] : 15.826: Power: 0.869, Freq: 0.15653892931476587, Last Pulse: 15.713 - Next at: 15.870
2021-12-13 21:34:28.157 [INF] : 15.828: Power: 0.868, Freq: 0.15670238420173854, Last Pulse: 15.713 - Next at: 15.870
2021-12-13 21:34:28.159 [INF] : 15.830: Power: 0.867, Freq: 0.1568662739037907, Last Pulse: 15.713 - Next at: 15.870
2021-12-13 21:34:28.161 [INF] : 15.832: Power: 0.866, Freq: 0.15703228290117144, Last Pulse: 15.713 - Next at: 15.870
2021-12-13 21:34:28.164 [INF] : 15.834: Power: 0.865, Freq: 0.15720062913146204, Last Pulse: 15.713 - Next at: 15.870
2021-12-13 21:34:28.166 [INF] : 15.836: Power: 0.864, Freq: 0.15741006681499403, Last Pulse: 15.713 - Next at: 15.870
2021-12-13 21:34:28.168 [INF] : 15.839: Power: 0.862, Freq: 0.15758691916170564, Last Pulse: 15.713 - Next at: 15.871
2021-12-13 21:34:28.171 [INF] : 15.841: Power: 0.861, Freq: 0.15776777269000464, Last Pulse: 15.713 - Next at: 15.871
2021-12-13 21:34:28.173 [INF] : 15.843: Power: 0.860, Freq: 0.15795218091713137, Last Pulse: 15.713 - Next at: 15.871
2021-12-13 21:34:28.175 [INF] : 15.846: Power: 0.859, Freq: 0.15813637012162474, Last Pulse: 15.713 - Next at: 15.871
2021-12-13 21:34:28.177 [INF] : 15.848: Power: 0.858, Freq: 0.15832521611547623, Last Pulse: 15.713 - Next at: 15.871
2021-12-13 21:34:28.179 [INF] : 15.850: Power: 0.857, Freq: 0.15851420372571212, Last Pulse: 15.713 - Next at: 15.872
2021-12-13 21:34:28.181 [INF] : 15.852: Power: 0.856, Freq: 0.15871380850417927, Last Pulse: 15.713 - Next at: 15.872
2021-12-13 21:34:28.184 [INF] : 15.854: Power: 0.855, Freq: 0.1589096337636371, Last Pulse: 15.713 - Next at: 15.872
2021-12-13 21:34:28.186 [INF] : 15.856: Power: 0.854, Freq: 0.15910825980982857, Last Pulse: 15.713 - Next at: 15.872
2021-12-13 21:34:28.188 [INF] : 15.859: Power: 0.853, Freq: 0.15932476048589983, Last Pulse: 15.713 - Next at: 15.872
2021-12-13 21:34:28.190 [INF] : 15.861: Power: 0.852, Freq: 0.15953075803772476, Last Pulse: 15.713 - Next at: 15.873
2021-12-13 21:34:28.192 [INF] : 15.863: Power: 0.850, Freq: 0.15973761424615196, Last Pulse: 15.713 - Next at: 15.873
2021-12-13 21:34:28.195 [INF] : 15.865: Power: 0.849, Freq: 0.15994747159781975, Last Pulse: 15.713 - Next at: 15.873
2021-12-13 21:34:28.197 [INF] : 15.867: Power: 0.848, Freq: 0.16016444346293213, Last Pulse: 15.713 - Next at: 15.873
2021-12-13 21:34:28.199 [INF] : 15.870: Power: 0.847, Freq: 0.16038512464132992, Last Pulse: 15.713 - Next at: 15.873
2021-12-13 21:34:28.201 [INF] : 15.872: Power: 0.846, Freq: 0.16060906949011988, Last Pulse: 15.713 - Next at: 15.874
2021-12-13 21:34:28.204 [INF] : 15.874: Power: 0.845, Freq: 0.16088115790730084, Last Pulse: 15.713 - Next at: 15.874
2021-12-13 21:34:28.204 [INF] : 15.874: Power: 0.844, Freq: 0.16088115790730084, Last Pulse: 15.874 - Next at: 16.035
2021-12-13 21:34:28.204 [INF] : 15.874: Pulse!!!!!!!!
2021-12-13 21:34:28.206 [INF] : 15.877: Power: 0.844, Freq: 0.16113284828910768, Last Pulse: 15.874 - Next at: 16.035
2021-12-13 21:34:28.208 [INF] : 15.879: Power: 0.843, Freq: 0.16136768017966174, Last Pulse: 15.874 - Next at: 16.035
2021-12-13 21:34:28.211 [INF] : 15.881: Power: 0.841, Freq: 0.16160288088892694, Last Pulse: 15.874 - Next at: 16.036
2021-12-13 21:34:28.213 [INF] : 15.883: Power: 0.840, Freq: 0.16185404724050745, Last Pulse: 15.874 - Next at: 16.036
2021-12-13 21:34:28.215 [INF] : 15.886: Power: 0.839, Freq: 0.16210183835149206, Last Pulse: 15.874 - Next at: 16.036
2021-12-13 21:34:28.217 [INF] : 15.888: Power: 0.838, Freq: 0.16238030845991824, Last Pulse: 15.874 - Next at: 16.036
2021-12-13 21:34:28.220 [INF] : 15.890: Power: 0.837, Freq: 0.16265206796917964, Last Pulse: 15.874 - Next at: 16.037
2021-12-13 21:34:28.222 [INF] : 15.893: Power: 0.836, Freq: 0.16291163977867607, Last Pulse: 15.874 - Next at: 16.037
2021-12-13 21:34:28.224 [INF] : 15.895: Power: 0.835, Freq: 0.16316610330224268, Last Pulse: 15.874 - Next at: 16.037
2021-12-13 21:34:28.226 [INF] : 15.897: Power: 0.833, Freq: 0.16342145003317343, Last Pulse: 15.874 - Next at: 16.037
2021-12-13 21:34:28.229 [INF] : 15.899: Power: 0.832, Freq: 0.16368549107917651, Last Pulse: 15.874 - Next at: 16.038
2021-12-13 21:34:28.231 [INF] : 15.902: Power: 0.831, Freq: 0.16394587411656936, Last Pulse: 15.874 - Next at: 16.038
2021-12-13 21:34:28.233 [INF] : 15.904: Power: 0.830, Freq: 0.16420114408559305, Last Pulse: 15.874 - Next at: 16.038
2021-12-13 21:34:28.235 [INF] : 15.906: Power: 0.829, Freq: 0.16445915680888756, Last Pulse: 15.874 - Next at: 16.039
2021-12-13 21:34:28.237 [INF] : 15.908: Power: 0.828, Freq: 0.1647541009802258, Last Pulse: 15.874 - Next at: 16.039
2021-12-13 21:34:28.239 [INF] : 15.910: Power: 0.827, Freq: 0.16501946046580995, Last Pulse: 15.874 - Next at: 16.039
2021-12-13 21:34:28.241 [INF] : 15.912: Power: 0.826, Freq: 0.165286816896431, Last Pulse: 15.874 - Next at: 16.039
2021-12-13 21:34:28.243 [INF] : 15.914: Power: 0.825, Freq: 0.16557519991254743, Last Pulse: 15.874 - Next at: 16.040
2021-12-13 21:34:28.246 [INF] : 15.916: Power: 0.824, Freq: 0.165862876896135, Last Pulse: 15.874 - Next at: 16.040
2021-12-13 21:34:28.248 [INF] : 15.918: Power: 0.823, Freq: 0.16614017570550965, Last Pulse: 15.874 - Next at: 16.040
2021-12-13 21:34:28.250 [INF] : 15.921: Power: 0.822, Freq: 0.16642603266613953, Last Pulse: 15.874 - Next at: 16.041
2021-12-13 21:34:28.252 [INF] : 15.923: Power: 0.821, Freq: 0.1667098094836592, Last Pulse: 15.874 - Next at: 16.041
2021-12-13 21:34:28.254 [INF] : 15.925: Power: 0.820, Freq: 0.16704649816086103, Last Pulse: 15.874 - Next at: 16.041
2021-12-13 21:34:28.257 [INF] : 15.927: Power: 0.818, Freq: 0.16739555962013464, Last Pulse: 15.874 - Next at: 16.041
2021-12-13 21:34:28.259 [INF] : 15.930: Power: 0.817, Freq: 0.1677197341598058, Last Pulse: 15.874 - Next at: 16.042
2021-12-13 21:34:28.261 [INF] : 15.932: Power: 0.816, Freq: 0.168034364837927, Last Pulse: 15.874 - Next at: 16.042
2021-12-13 21:34:28.263 [INF] : 15.934: Power: 0.815, Freq: 0.16835861744722225, Last Pulse: 15.874 - Next at: 16.042
2021-12-13 21:34:28.265 [INF] : 15.936: Power: 0.814, Freq: 0.1686743062878011, Last Pulse: 15.874 - Next at: 16.043
2021-12-13 21:34:28.268 [INF] : 15.938: Power: 0.813, Freq: 0.16899581912117867, Last Pulse: 15.874 - Next at: 16.043
2021-12-13 21:34:28.270 [INF] : 15.940: Power: 0.812, Freq: 0.16938635394753243, Last Pulse: 15.874 - Next at: 16.043
2021-12-13 21:34:28.273 [INF] : 15.943: Power: 0.811, Freq: 0.16977421054247843, Last Pulse: 15.874 - Next at: 16.044
2021-12-13 21:34:28.275 [INF] : 15.946: Power: 0.809, Freq: 0.17012554212907416, Last Pulse: 15.874 - Next at: 16.044
2021-12-13 21:34:28.277 [INF] : 15.948: Power: 0.808, Freq: 0.17052990775557664, Last Pulse: 15.874 - Next at: 16.045
2021-12-13 21:34:28.280 [INF] : 15.950: Power: 0.807, Freq: 0.1708725299678071, Last Pulse: 15.874 - Next at: 16.045
2021-12-13 21:34:28.282 [INF] : 15.952: Power: 0.806, Freq: 0.171224876897075, Last Pulse: 15.874 - Next at: 16.045
2021-12-13 21:34:28.284 [INF] : 15.955: Power: 0.805, Freq: 0.17157365067019192, Last Pulse: 15.874 - Next at: 16.046
2021-12-13 21:34:28.286 [INF] : 15.957: Power: 0.804, Freq: 0.1719392386868388, Last Pulse: 15.874 - Next at: 16.046
2021-12-13 21:34:28.288 [INF] : 15.959: Power: 0.803, Freq: 0.17233499950298992, Last Pulse: 15.874 - Next at: 16.046
2021-12-13 21:34:28.291 [INF] : 15.961: Power: 0.801, Freq: 0.17270171396937783, Last Pulse: 15.874 - Next at: 16.047
2021-12-13 21:34:28.293 [INF] : 15.963: Power: 0.800, Freq: 0.17310563298514436, Last Pulse: 15.874 - Next at: 16.047
2021-12-13 21:34:28.295 [INF] : 15.966: Power: 0.799, Freq: 0.1734793518321096, Last Pulse: 15.874 - Next at: 16.048
2021-12-13 21:34:28.297 [INF] : 15.968: Power: 0.798, Freq: 0.1738568145162458, Last Pulse: 15.874 - Next at: 16.048
2021-12-13 21:34:28.299 [INF] : 15.970: Power: 0.797, Freq: 0.1742384436556068, Last Pulse: 15.874 - Next at: 16.048
2021-12-13 21:34:28.303 [INF] : 15.972: Power: 0.796, Freq: 0.174867472592251, Last Pulse: 15.874 - Next at: 16.049
2021-12-13 21:34:28.306 [INF] : 15.976: Power: 0.794, Freq: 0.17549577549409223, Last Pulse: 15.874 - Next at: 16.050
2021-12-13 21:34:28.310 [INF] : 15.979: Power: 0.792, Freq: 0.17615008415678934, Last Pulse: 15.874 - Next at: 16.050
2021-12-13 21:34:28.313 [INF] : 15.983: Power: 0.791, Freq: 0.17681928439037753, Last Pulse: 15.874 - Next at: 16.051
2021-12-13 21:34:28.316 [INF] : 15.986: Power: 0.789, Freq: 0.17732312901817782, Last Pulse: 15.874 - Next at: 16.051
2021-12-13 21:34:28.319 [INF] : 15.989: Power: 0.788, Freq: 0.17794394290172066, Last Pulse: 15.874 - Next at: 16.052
2021-12-13 21:34:28.322 [INF] : 15.992: Power: 0.786, Freq: 0.17853254701950405, Last Pulse: 15.874 - Next at: 16.053
2021-12-13 21:34:28.326 [INF] : 15.995: Power: 0.784, Freq: 0.17928622079297707, Last Pulse: 15.874 - Next at: 16.053
2021-12-13 21:34:28.330 [INF] : 15.999: Power: 0.783, Freq: 0.180119623414841, Last Pulse: 15.874 - Next at: 16.054
2021-12-13 21:34:28.333 [INF] : 16.003: Power: 0.781, Freq: 0.18078497569122298, Last Pulse: 15.874 - Next at: 16.055
2021-12-13 21:34:28.335 [INF] : 16.006: Power: 0.779, Freq: 0.18123549026566632, Last Pulse: 15.874 - Next at: 16.055
2021-12-13 21:34:28.338 [INF] : 16.008: Power: 0.778, Freq: 0.18178703888545877, Last Pulse: 15.874 - Next at: 16.056
2021-12-13 21:34:28.341 [INF] : 16.011: Power: 0.777, Freq: 0.1823227669701062, Last Pulse: 15.874 - Next at: 16.056
2021-12-13 21:34:28.343 [INF] : 16.013: Power: 0.775, Freq: 0.18290554156991723, Last Pulse: 15.874 - Next at: 16.057
2021-12-13 21:34:28.345 [INF] : 16.016: Power: 0.774, Freq: 0.18339911060294067, Last Pulse: 15.874 - Next at: 16.057
2021-12-13 21:34:28.348 [INF] : 16.018: Power: 0.773, Freq: 0.18387155780059272, Last Pulse: 15.874 - Next at: 16.058
2021-12-13 21:34:28.350 [INF] : 16.020: Power: 0.772, Freq: 0.18435886758003894, Last Pulse: 15.874 - Next at: 16.058
2021-12-13 21:34:28.352 [INF] : 16.023: Power: 0.771, Freq: 0.18483946221953573, Last Pulse: 15.874 - Next at: 16.059
2021-12-13 21:34:28.354 [INF] : 16.025: Power: 0.770, Freq: 0.1853980414170664, Last Pulse: 15.874 - Next at: 16.059
2021-12-13 21:34:28.357 [INF] : 16.027: Power: 0.768, Freq: 0.18602617737135096, Last Pulse: 15.874 - Next at: 16.060
2021-12-13 21:34:28.359 [INF] : 16.030: Power: 0.767, Freq: 0.18653414803090884, Last Pulse: 15.874 - Next at: 16.061
2021-12-13 21:34:28.361 [INF] : 16.032: Power: 0.766, Freq: 0.18703857634808152, Last Pulse: 15.874 - Next at: 16.061
2021-12-13 21:34:28.364 [INF] : 16.034: Power: 0.765, Freq: 0.1875463388272669, Last Pulse: 15.874 - Next at: 16.062
2021-12-13 21:34:28.366 [INF] : 16.036: Power: 0.764, Freq: 0.18805816740820358, Last Pulse: 15.874 - Next at: 16.062
2021-12-13 21:34:28.368 [INF] : 16.039: Power: 0.763, Freq: 0.18857486924610445, Last Pulse: 15.874 - Next at: 16.063
2021-12-13 21:34:28.370 [INF] : 16.041: Power: 0.762, Freq: 0.18910269457186102, Last Pulse: 15.874 - Next at: 16.063
2021-12-13 21:34:28.372 [INF] : 16.043: Power: 0.761, Freq: 0.18965074185457365, Last Pulse: 15.874 - Next at: 16.064
2021-12-13 21:34:28.374 [INF] : 16.045: Power: 0.759, Freq: 0.19019322983327447, Last Pulse: 15.874 - Next at: 16.064
2021-12-13 21:34:28.377 [INF] : 16.047: Power: 0.758, Freq: 0.19073079883148303, Last Pulse: 15.874 - Next at: 16.065
2021-12-13 21:34:28.379 [INF] : 16.049: Power: 0.757, Freq: 0.19127410494500507, Last Pulse: 15.874 - Next at: 16.065
2021-12-13 21:34:28.381 [INF] : 16.052: Power: 0.756, Freq: 0.19182255423612782, Last Pulse: 15.874 - Next at: 16.066
2021-12-13 21:34:28.383 [INF] : 16.054: Power: 0.755, Freq: 0.19237462574017972, Last Pulse: 15.874 - Next at: 16.066
2021-12-13 21:34:28.385 [INF] : 16.056: Power: 0.754, Freq: 0.19293090854588124, Last Pulse: 15.874 - Next at: 16.067
2021-12-13 21:34:28.387 [INF] : 16.058: Power: 0.753, Freq: 0.19352418692672213, Last Pulse: 15.874 - Next at: 16.068
2021-12-13 21:34:28.390 [INF] : 16.060: Power: 0.752, Freq: 0.1941095236595003, Last Pulse: 15.874 - Next at: 16.068
2021-12-13 21:34:28.392 [INF] : 16.062: Power: 0.751, Freq: 0.19468503277772786, Last Pulse: 15.874 - Next at: 16.069
2021-12-13 21:34:28.394 [INF] : 16.065: Power: 0.750, Freq: 0.19526436464303032, Last Pulse: 15.874 - Next at: 16.069
2021-12-13 21:34:28.396 [INF] : 16.067: Power: 0.749, Freq: 0.19584868226838203, Last Pulse: 15.874 - Next at: 16.070
2021-12-13 21:34:28.398 [INF] : 16.069: Power: 0.748, Freq: 0.19643734759230558, Last Pulse: 15.874 - Next at: 16.071
2021-12-13 21:34:28.400 [INF] : 16.071: Power: 0.746, Freq: 0.19703200001768728, Last Pulse: 15.874 - Next at: 16.071
2021-12-13 21:34:28.403 [INF] : 16.073: Power: 0.745, Freq: 0.1977142206420095, Last Pulse: 15.874 - Next at: 16.072
2021-12-13 21:34:28.403 [INF] : 16.073: Power: 0.744, Freq: 0.1977142206420095, Last Pulse: 16.073 - Next at: 16.271
2021-12-13 21:34:28.403 [INF] : 16.073: Pulse!!!!!!!!
2021-12-13 21:34:28.405 [INF] : 16.076: Power: 0.744, Freq: 0.19834633958748515, Last Pulse: 16.073 - Next at: 16.272
2021-12-13 21:34:28.407 [INF] : 16.078: Power: 0.743, Freq: 0.19896084482418486, Last Pulse: 16.073 - Next at: 16.272
2021-12-13 21:34:28.409 [INF] : 16.080: Power: 0.742, Freq: 0.1995757708318071, Last Pulse: 16.073 - Next at: 16.273
2021-12-13 21:34:28.412 [INF] : 16.082: Power: 0.741, Freq: 0.20019599783265596, Last Pulse: 16.073 - Next at: 16.274
2021-12-13 21:34:28.414 [INF] : 16.084: Power: 0.740, Freq: 0.20082406087368954, Last Pulse: 16.073 - Next at: 16.274
2021-12-13 21:34:28.416 [INF] : 16.087: Power: 0.739, Freq: 0.20145542875613032, Last Pulse: 16.073 - Next at: 16.275
2021-12-13 21:34:28.418 [INF] : 16.089: Power: 0.738, Freq: 0.20211119848054793, Last Pulse: 16.073 - Next at: 16.276
2021-12-13 21:34:28.420 [INF] : 16.091: Power: 0.737, Freq: 0.20278921402830363, Last Pulse: 16.073 - Next at: 16.276
2021-12-13 21:34:28.423 [INF] : 16.093: Power: 0.735, Freq: 0.20346638442488274, Last Pulse: 16.073 - Next at: 16.277
2021-12-13 21:34:28.425 [INF] : 16.095: Power: 0.734, Freq: 0.2041264341378164, Last Pulse: 16.073 - Next at: 16.278
2021-12-13 21:34:28.427 [INF] : 16.098: Power: 0.733, Freq: 0.2047845617773878, Last Pulse: 16.073 - Next at: 16.278
2021-12-13 21:34:28.429 [INF] : 16.100: Power: 0.732, Freq: 0.20544676577457732, Last Pulse: 16.073 - Next at: 16.279
2021-12-13 21:34:28.431 [INF] : 16.102: Power: 0.731, Freq: 0.2061144716394372, Last Pulse: 16.073 - Next at: 16.280
2021-12-13 21:34:28.433 [INF] : 16.104: Power: 0.730, Freq: 0.20680448513774596, Last Pulse: 16.073 - Next at: 16.280
2021-12-13 21:34:28.436 [INF] : 16.106: Power: 0.729, Freq: 0.2074897091964325, Last Pulse: 16.073 - Next at: 16.281
2021-12-13 21:34:28.438 [INF] : 16.108: Power: 0.728, Freq: 0.20820405449011226, Last Pulse: 16.073 - Next at: 16.282
2021-12-13 21:34:28.440 [INF] : 16.111: Power: 0.727, Freq: 0.20889995040553533, Last Pulse: 16.073 - Next at: 16.282
2021-12-13 21:34:28.442 [INF] : 16.113: Power: 0.726, Freq: 0.20959351867461518, Last Pulse: 16.073 - Next at: 16.283
2021-12-13 21:34:28.444 [INF] : 16.115: Power: 0.725, Freq: 0.21029123506932734, Last Pulse: 16.073 - Next at: 16.284
2021-12-13 21:34:28.446 [INF] : 16.117: Power: 0.723, Freq: 0.2109943432411021, Last Pulse: 16.073 - Next at: 16.284
2021-12-13 21:34:28.449 [INF] : 16.119: Power: 0.722, Freq: 0.21171056801606092, Last Pulse: 16.073 - Next at: 16.285
2021-12-13 21:34:28.451 [INF] : 16.122: Power: 0.721, Freq: 0.21249873736859204, Last Pulse: 16.073 - Next at: 16.286
2021-12-13 21:34:28.453 [INF] : 16.124: Power: 0.720, Freq: 0.21332615531089472, Last Pulse: 16.073 - Next at: 16.287
2021-12-13 21:34:28.456 [INF] : 16.126: Power: 0.719, Freq: 0.21414417825656473, Last Pulse: 16.073 - Next at: 16.288
2021-12-13 21:34:28.458 [INF] : 16.129: Power: 0.718, Freq: 0.214989839753569, Last Pulse: 16.073 - Next at: 16.288
2021-12-13 21:34:28.460 [INF] : 16.131: Power: 0.716, Freq: 0.21572562309450216, Last Pulse: 16.073 - Next at: 16.289
2021-12-13 21:34:28.463 [INF] : 16.133: Power: 0.715, Freq: 0.2164774782100909, Last Pulse: 16.073 - Next at: 16.290
2021-12-13 21:34:28.465 [INF] : 16.135: Power: 0.714, Freq: 0.21732683105368666, Last Pulse: 16.073 - Next at: 16.291
2021-12-13 21:34:28.468 [INF] : 16.138: Power: 0.713, Freq: 0.21821462754568532, Last Pulse: 16.073 - Next at: 16.292
2021-12-13 21:34:28.470 [INF] : 16.140: Power: 0.712, Freq: 0.21911968594255393, Last Pulse: 16.073 - Next at: 16.293
2021-12-13 21:34:28.472 [INF] : 16.143: Power: 0.711, Freq: 0.21997986494382094, Last Pulse: 16.073 - Next at: 16.293
2021-12-13 21:34:28.475 [INF] : 16.145: Power: 0.709, Freq: 0.22075532111964113, Last Pulse: 16.073 - Next at: 16.294
2021-12-13 21:34:28.477 [INF] : 16.147: Power: 0.708, Freq: 0.2215442180042304, Last Pulse: 16.073 - Next at: 16.295
2021-12-13 21:34:28.479 [INF] : 16.150: Power: 0.707, Freq: 0.22232592439266696, Last Pulse: 16.073 - Next at: 16.296
2021-12-13 21:34:28.481 [INF] : 16.152: Power: 0.706, Freq: 0.22315503396246328, Last Pulse: 16.073 - Next at: 16.297
2021-12-13 21:34:28.483 [INF] : 16.154: Power: 0.705, Freq: 0.22397036722352404, Last Pulse: 16.073 - Next at: 16.297
2021-12-13 21:34:28.485 [INF] : 16.156: Power: 0.704, Freq: 0.22475282042794653, Last Pulse: 16.073 - Next at: 16.298
2021-12-13 21:34:28.488 [INF] : 16.158: Power: 0.703, Freq: 0.2256875237278062, Last Pulse: 16.073 - Next at: 16.299
2021-12-13 21:34:28.490 [INF] : 16.161: Power: 0.702, Freq: 0.2265013712649946, Last Pulse: 16.073 - Next at: 16.300
2021-12-13 21:34:28.492 [INF] : 16.163: Power: 0.701, Freq: 0.22728548820363992, Last Pulse: 16.073 - Next at: 16.301
2021-12-13 21:34:28.494 [INF] : 16.165: Power: 0.700, Freq: 0.22807401252655746, Last Pulse: 16.073 - Next at: 16.301
2021-12-13 21:34:28.496 [INF] : 16.167: Power: 0.699, Freq: 0.2289015620397561, Last Pulse: 16.073 - Next at: 16.302
2021-12-13 21:34:28.498 [INF] : 16.169: Power: 0.697, Freq: 0.22973950898993456, Last Pulse: 16.073 - Next at: 16.303
2021-12-13 21:34:28.501 [INF] : 16.171: Power: 0.696, Freq: 0.23063896774848525, Last Pulse: 16.073 - Next at: 16.304
2021-12-13 21:34:28.503 [INF] : 16.174: Power: 0.695, Freq: 0.2317281846741488, Last Pulse: 16.073 - Next at: 16.305
2021-12-13 21:34:28.506 [INF] : 16.176: Power: 0.694, Freq: 0.23270874055108104, Last Pulse: 16.073 - Next at: 16.306
2021-12-13 21:34:28.508 [INF] : 16.179: Power: 0.693, Freq: 0.23358610779512023, Last Pulse: 16.073 - Next at: 16.307
2021-12-13 21:34:28.510 [INF] : 16.181: Power: 0.692, Freq: 0.23445758045919485, Last Pulse: 16.073 - Next at: 16.308
2021-12-13 21:34:28.512 [INF] : 16.183: Power: 0.691, Freq: 0.2353627109509926, Last Pulse: 16.073 - Next at: 16.309
2021-12-13 21:34:28.514 [INF] : 16.185: Power: 0.689, Freq: 0.23626199492841238, Last Pulse: 16.073 - Next at: 16.310
2021-12-13 21:34:28.517 [INF] : 16.187: Power: 0.688, Freq: 0.23714420322902052, Last Pulse: 16.073 - Next at: 16.311
2021-12-13 21:34:28.519 [INF] : 16.189: Power: 0.687, Freq: 0.2380515143522275, Last Pulse: 16.073 - Next at: 16.311
2021-12-13 21:34:28.521 [INF] : 16.192: Power: 0.686, Freq: 0.2390104583514252, Last Pulse: 16.073 - Next at: 16.312
2021-12-13 21:34:28.523 [INF] : 16.194: Power: 0.685, Freq: 0.23997364932562704, Last Pulse: 16.073 - Next at: 16.313
2021-12-13 21:34:28.525 [INF] : 16.196: Power: 0.684, Freq: 0.2409039867687479, Last Pulse: 16.073 - Next at: 16.314
2021-12-13 21:34:28.528 [INF] : 16.198: Power: 0.683, Freq: 0.2418389404884409, Last Pulse: 16.073 - Next at: 16.315
2021-12-13 21:34:28.530 [INF] : 16.201: Power: 0.682, Freq: 0.24302357244722073, Last Pulse: 16.073 - Next at: 16.316
2021-12-13 21:34:28.532 [INF] : 16.203: Power: 0.680, Freq: 0.24396933035880242, Last Pulse: 16.073 - Next at: 16.317
2021-12-13 21:34:28.535 [INF] : 16.205: Power: 0.679, Freq: 0.24492594659458478, Last Pulse: 16.073 - Next at: 16.318
2021-12-13 21:34:28.537 [INF] : 16.208: Power: 0.678, Freq: 0.2460244069733073, Last Pulse: 16.073 - Next at: 16.319
2021-12-13 21:34:28.539 [INF] : 16.210: Power: 0.677, Freq: 0.2470212527528468, Last Pulse: 16.073 - Next at: 16.320
2021-12-13 21:34:28.542 [INF] : 16.212: Power: 0.676, Freq: 0.24798876250737711, Last Pulse: 16.073 - Next at: 16.321
2021-12-13 21:34:28.544 [INF] : 16.214: Power: 0.675, Freq: 0.24895581258700972, Last Pulse: 16.073 - Next at: 16.322
2021-12-13 21:34:28.546 [INF] : 16.217: Power: 0.674, Freq: 0.2499628229369386, Last Pulse: 16.073 - Next at: 16.323
2021-12-13 21:34:28.548 [INF] : 16.219: Power: 0.673, Freq: 0.25094394916383944, Last Pulse: 16.073 - Next at: 16.324
2021-12-13 21:34:28.550 [INF] : 16.221: Power: 0.672, Freq: 0.2519243742334467, Last Pulse: 16.073 - Next at: 16.325
2021-12-13 21:34:28.552 [INF] : 16.223: Power: 0.671, Freq: 0.2529105199940136, Last Pulse: 16.073 - Next at: 16.326
2021-12-13 21:34:28.554 [INF] : 16.225: Power: 0.669, Freq: 0.2539197400875537, Last Pulse: 16.073 - Next at: 16.327
2021-12-13 21:34:28.557 [INF] : 16.227: Power: 0.668, Freq: 0.2549597633698122, Last Pulse: 16.073 - Next at: 16.328
2021-12-13 21:34:28.559 [INF] : 16.229: Power: 0.667, Freq: 0.2559724565501682, Last Pulse: 16.073 - Next at: 16.329
2021-12-13 21:34:28.561 [INF] : 16.232: Power: 0.666, Freq: 0.2570334430551675, Last Pulse: 16.073 - Next at: 16.330
2021-12-13 21:34:28.563 [INF] : 16.234: Power: 0.665, Freq: 0.25807287160298653, Last Pulse: 16.073 - Next at: 16.331
2021-12-13 21:34:28.565 [INF] : 16.236: Power: 0.664, Freq: 0.25910409969888404, Last Pulse: 16.073 - Next at: 16.332
2021-12-13 21:34:28.567 [INF] : 16.238: Power: 0.663, Freq: 0.2601592153653467, Last Pulse: 16.073 - Next at: 16.334
2021-12-13 21:34:28.570 [INF] : 16.240: Power: 0.662, Freq: 0.2612019307110196, Last Pulse: 16.073 - Next at: 16.335
2021-12-13 21:34:28.572 [INF] : 16.242: Power: 0.661, Freq: 0.2622602123485476, Last Pulse: 16.073 - Next at: 16.336
2021-12-13 21:34:28.574 [INF] : 16.244: Power: 0.660, Freq: 0.2633186629555295, Last Pulse: 16.073 - Next at: 16.337
2021-12-13 21:34:28.576 [INF] : 16.247: Power: 0.659, Freq: 0.2643973770766057, Last Pulse: 16.073 - Next at: 16.338
2021-12-13 21:34:28.580 [INF] : 16.250: Power: 0.658, Freq: 0.2662169088027162, Last Pulse: 16.073 - Next at: 16.340
2021-12-13 21:34:28.582 [INF] : 16.252: Power: 0.656, Freq: 0.26730794637451005, Last Pulse: 16.073 - Next at: 16.341
2021-12-13 21:34:28.584 [INF] : 16.255: Power: 0.655, Freq: 0.26840256040358, Last Pulse: 16.073 - Next at: 16.342
2021-12-13 21:34:28.586 [INF] : 16.257: Power: 0.654, Freq: 0.2695256864722748, Last Pulse: 16.073 - Next at: 16.343
2021-12-13 21:34:28.588 [INF] : 16.259: Power: 0.653, Freq: 0.2706432224759401, Last Pulse: 16.073 - Next at: 16.344
2021-12-13 21:34:28.590 [INF] : 16.261: Power: 0.651, Freq: 0.27176127639058123, Last Pulse: 16.073 - Next at: 16.345
2021-12-13 21:34:28.593 [INF] : 16.263: Power: 0.650, Freq: 0.2729024078852218, Last Pulse: 16.073 - Next at: 16.346
2021-12-13 21:34:28.595 [INF] : 16.265: Power: 0.649, Freq: 0.2740328740292308, Last Pulse: 16.073 - Next at: 16.347
2021-12-13 21:34:28.597 [INF] : 16.267: Power: 0.648, Freq: 0.2751767435196122, Last Pulse: 16.073 - Next at: 16.349
2021-12-13 21:34:28.599 [INF] : 16.270: Power: 0.647, Freq: 0.27631520258666953, Last Pulse: 16.073 - Next at: 16.350
2021-12-13 21:34:28.601 [INF] : 16.272: Power: 0.646, Freq: 0.2774597894467936, Last Pulse: 16.073 - Next at: 16.351
2021-12-13 21:34:28.603 [INF] : 16.274: Power: 0.645, Freq: 0.27866302502754037, Last Pulse: 16.073 - Next at: 16.352
2021-12-13 21:34:28.605 [INF] : 16.276: Power: 0.644, Freq: 0.27983590724825147, Last Pulse: 16.073 - Next at: 16.353
2021-12-13 21:34:28.608 [INF] : 16.278: Power: 0.643, Freq: 0.28104052950179437, Last Pulse: 16.073 - Next at: 16.354
2021-12-13 21:34:28.610 [INF] : 16.281: Power: 0.642, Freq: 0.2822270217200016, Last Pulse: 16.073 - Next at: 16.356
2021-12-13 21:34:28.612 [INF] : 16.283: Power: 0.641, Freq: 0.2834114367468996, Last Pulse: 16.073 - Next at: 16.357
2021-12-13 21:34:28.614 [INF] : 16.285: Power: 0.640, Freq: 0.2845985468388781, Last Pulse: 16.073 - Next at: 16.358
2021-12-13 21:34:28.616 [INF] : 16.287: Power: 0.639, Freq: 0.28579088022685406, Last Pulse: 16.073 - Next at: 16.359
2021-12-13 21:34:28.618 [INF] : 16.289: Power: 0.637, Freq: 0.2869933427458031, Last Pulse: 16.073 - Next at: 16.360
2021-12-13 21:34:28.621 [INF] : 16.291: Power: 0.636, Freq: 0.2883098423985988, Last Pulse: 16.073 - Next at: 16.362
2021-12-13 21:34:28.624 [INF] : 16.294: Power: 0.635, Freq: 0.28999739405666825, Last Pulse: 16.073 - Next at: 16.363
2021-12-13 21:34:28.626 [INF] : 16.297: Power: 0.634, Freq: 0.29128665069398263, Last Pulse: 16.073 - Next at: 16.365
2021-12-13 21:34:28.628 [INF] : 16.299: Power: 0.633, Freq: 0.2925428237061065, Last Pulse: 16.073 - Next at: 16.366
2021-12-13 21:34:28.630 [INF] : 16.301: Power: 0.632, Freq: 0.2937837722401109, Last Pulse: 16.073 - Next at: 16.367
2021-12-13 21:34:28.632 [INF] : 16.303: Power: 0.630, Freq: 0.29502832121764344, Last Pulse: 16.073 - Next at: 16.368
2021-12-13 21:34:28.634 [INF] : 16.305: Power: 0.629, Freq: 0.2962798540543172, Last Pulse: 16.073 - Next at: 16.370
2021-12-13 21:34:28.637 [INF] : 16.307: Power: 0.628, Freq: 0.2975448014218065, Last Pulse: 16.073 - Next at: 16.371
2021-12-13 21:34:28.639 [INF] : 16.309: Power: 0.627, Freq: 0.29884114960443986, Last Pulse: 16.073 - Next at: 16.372
2021-12-13 21:34:28.641 [INF] : 16.312: Power: 0.626, Freq: 0.30012908878089073, Last Pulse: 16.073 - Next at: 16.374
2021-12-13 21:34:28.643 [INF] : 16.314: Power: 0.625, Freq: 0.3014138029840976, Last Pulse: 16.073 - Next at: 16.375
2021-12-13 21:34:28.645 [INF] : 16.316: Power: 0.624, Freq: 0.3027036382562289, Last Pulse: 16.073 - Next at: 16.376
2021-12-13 21:34:28.647 [INF] : 16.318: Power: 0.623, Freq: 0.3040018777139286, Last Pulse: 16.073 - Next at: 16.377
2021-12-13 21:34:28.649 [INF] : 16.320: Power: 0.622, Freq: 0.30530806902476604, Last Pulse: 16.073 - Next at: 16.379
2021-12-13 21:34:28.652 [INF] : 16.322: Power: 0.621, Freq: 0.30662137813904344, Last Pulse: 16.073 - Next at: 16.380
2021-12-13 21:34:28.654 [INF] : 16.324: Power: 0.620, Freq: 0.30796102362549327, Last Pulse: 16.073 - Next at: 16.381
2021-12-13 21:34:28.656 [INF] : 16.327: Power: 0.619, Freq: 0.3093277240553123, Last Pulse: 16.073 - Next at: 16.383
2021-12-13 21:34:28.658 [INF] : 16.329: Power: 0.618, Freq: 0.31073755320135366, Last Pulse: 16.073 - Next at: 16.384
2021-12-13 21:34:28.660 [INF] : 16.331: Power: 0.617, Freq: 0.31208567759900285, Last Pulse: 16.073 - Next at: 16.385
2021-12-13 21:34:28.662 [INF] : 16.333: Power: 0.615, Freq: 0.3134322915499159, Last Pulse: 16.073 - Next at: 16.387
2021-12-13 21:34:28.665 [INF] : 16.335: Power: 0.614, Freq: 0.31478583202209043, Last Pulse: 16.073 - Next at: 16.388
2021-12-13 21:34:28.667 [INF] : 16.337: Power: 0.613, Freq: 0.3161492676728028, Last Pulse: 16.073 - Next at: 16.390
2021-12-13 21:34:28.669 [INF] : 16.339: Power: 0.612, Freq: 0.3175198155906749, Last Pulse: 16.073 - Next at: 16.391
2021-12-13 21:34:28.671 [INF] : 16.342: Power: 0.611, Freq: 0.31918012115738303, Last Pulse: 16.073 - Next at: 16.393
2021-12-13 21:34:28.674 [INF] : 16.344: Power: 0.610, Freq: 0.32059368998863746, Last Pulse: 16.073 - Next at: 16.394
2021-12-13 21:34:28.676 [INF] : 16.346: Power: 0.609, Freq: 0.32200024542115635, Last Pulse: 16.073 - Next at: 16.395
2021-12-13 21:34:28.678 [INF] : 16.348: Power: 0.608, Freq: 0.3234086913118772, Last Pulse: 16.073 - Next at: 16.397
2021-12-13 21:34:28.680 [INF] : 16.351: Power: 0.607, Freq: 0.32482121452821966, Last Pulse: 16.073 - Next at: 16.398
2021-12-13 21:34:28.682 [INF] : 16.353: Power: 0.606, Freq: 0.3262428583258603, Last Pulse: 16.073 - Next at: 16.400
2021-12-13 21:34:28.684 [INF] : 16.355: Power: 0.605, Freq: 0.32767171800968997, Last Pulse: 16.073 - Next at: 16.401
2021-12-13 21:34:28.686 [INF] : 16.357: Power: 0.603, Freq: 0.3291502468144145, Last Pulse: 16.073 - Next at: 16.403
2021-12-13 21:34:28.689 [INF] : 16.359: Power: 0.602, Freq: 0.3306578875556596, Last Pulse: 16.073 - Next at: 16.404
2021-12-13 21:34:28.691 [INF] : 16.361: Power: 0.601, Freq: 0.33212681010380507, Last Pulse: 16.073 - Next at: 16.406
2021-12-13 21:34:28.693 [INF] : 16.364: Power: 0.600, Freq: 0.33359426183187946, Last Pulse: 16.073 - Next at: 16.407
2021-12-13 21:34:28.695 [INF] : 16.366: Power: 0.599, Freq: 0.33506840082253486, Last Pulse: 16.073 - Next at: 16.408
2021-12-13 21:34:28.697 [INF] : 16.368: Power: 0.598, Freq: 0.33654992363254177, Last Pulse: 16.073 - Next at: 16.410
2021-12-13 21:34:28.699 [INF] : 16.370: Power: 0.597, Freq: 0.33804365987913965, Last Pulse: 16.073 - Next at: 16.411
2021-12-13 21:34:28.702 [INF] : 16.372: Power: 0.596, Freq: 0.3395824735796453, Last Pulse: 16.073 - Next at: 16.413
2021-12-13 21:34:28.704 [INF] : 16.374: Power: 0.595, Freq: 0.3412609411198049, Last Pulse: 16.073 - Next at: 16.415
2021-12-13 21:34:28.708 [INF] : 16.377: Power: 0.594, Freq: 0.3439945553976904, Last Pulse: 16.073 - Next at: 16.417
2021-12-13 21:34:28.711 [INF] : 16.381: Power: 0.592, Freq: 0.3464707020018243, Last Pulse: 16.073 - Next at: 16.420
2021-12-13 21:34:28.715 [INF] : 16.384: Power: 0.590, Freq: 0.34901907875355453, Last Pulse: 16.073 - Next at: 16.422
2021-12-13 21:34:28.719 [INF] : 16.388: Power: 0.588, Freq: 0.35187110150238077, Last Pulse: 16.073 - Next at: 16.425
2021-12-13 21:34:28.721 [INF] : 16.392: Power: 0.586, Freq: 0.35359613307430804, Last Pulse: 16.073 - Next at: 16.427
2021-12-13 21:34:28.723 [INF] : 16.394: Power: 0.585, Freq: 0.35519738883228946, Last Pulse: 16.073 - Next at: 16.429
2021-12-13 21:34:28.725 [INF] : 16.396: Power: 0.584, Freq: 0.35678396359681575, Last Pulse: 16.073 - Next at: 16.430
2021-12-13 21:34:28.727 [INF] : 16.398: Power: 0.583, Freq: 0.3583789198093883, Last Pulse: 16.073 - Next at: 16.432
2021-12-13 21:34:28.730 [INF] : 16.400: Power: 0.582, Freq: 0.3599800278643439, Last Pulse: 16.073 - Next at: 16.433
2021-12-13 21:34:28.732 [INF] : 16.402: Power: 0.581, Freq: 0.3616134823797936, Last Pulse: 16.073 - Next at: 16.435
2021-12-13 21:34:28.734 [INF] : 16.405: Power: 0.580, Freq: 0.36324308881476464, Last Pulse: 16.073 - Next at: 16.437
2021-12-13 21:34:28.736 [INF] : 16.407: Power: 0.579, Freq: 0.3648819556577565, Last Pulse: 16.073 - Next at: 16.438
2021-12-13 21:34:28.738 [INF] : 16.409: Power: 0.578, Freq: 0.36654691299796127, Last Pulse: 16.073 - Next at: 16.440
2021-12-13 21:34:28.740 [INF] : 16.411: Power: 0.576, Freq: 0.3681988654432078, Last Pulse: 16.073 - Next at: 16.442
2021-12-13 21:34:28.743 [INF] : 16.413: Power: 0.575, Freq: 0.3698485072539093, Last Pulse: 16.073 - Next at: 16.443
2021-12-13 21:34:28.745 [INF] : 16.415: Power: 0.574, Freq: 0.37151142554962213, Last Pulse: 16.073 - Next at: 16.445
2021-12-13 21:34:28.747 [INF] : 16.417: Power: 0.573, Freq: 0.37319475883044717, Last Pulse: 16.073 - Next at: 16.447
2021-12-13 21:34:28.749 [INF] : 16.420: Power: 0.572, Freq: 0.3749088565154879, Last Pulse: 16.073 - Next at: 16.448
2021-12-13 21:34:28.751 [INF] : 16.422: Power: 0.571, Freq: 0.3766304429457472, Last Pulse: 16.073 - Next at: 16.450
2021-12-13 21:34:28.753 [INF] : 16.424: Power: 0.570, Freq: 0.37835411825669896, Last Pulse: 16.073 - Next at: 16.452
2021-12-13 21:34:28.756 [INF] : 16.426: Power: 0.569, Freq: 0.3801613432201556, Last Pulse: 16.073 - Next at: 16.454
2021-12-13 21:34:28.758 [INF] : 16.428: Power: 0.568, Freq: 0.381889527683152, Last Pulse: 16.073 - Next at: 16.455
2021-12-13 21:34:28.760 [INF] : 16.431: Power: 0.567, Freq: 0.3836142408386123, Last Pulse: 16.073 - Next at: 16.457
2021-12-13 21:34:28.762 [INF] : 16.433: Power: 0.566, Freq: 0.38534464739172014, Last Pulse: 16.073 - Next at: 16.459
2021-12-13 21:34:28.764 [INF] : 16.435: Power: 0.565, Freq: 0.38722185166071643, Last Pulse: 16.073 - Next at: 16.461
2021-12-13 21:34:28.767 [INF] : 16.437: Power: 0.563, Freq: 0.38899916195343787, Last Pulse: 16.073 - Next at: 16.462
2021-12-13 21:34:28.769 [INF] : 16.439: Power: 0.562, Freq: 0.3908259092024209, Last Pulse: 16.073 - Next at: 16.464
2021-12-13 21:34:28.771 [INF] : 16.442: Power: 0.561, Freq: 0.39262355248175096, Last Pulse: 16.073 - Next at: 16.466
2021-12-13 21:34:28.773 [INF] : 16.444: Power: 0.560, Freq: 0.3944071733529788, Last Pulse: 16.073 - Next at: 16.468
2021-12-13 21:34:28.775 [INF] : 16.446: Power: 0.559, Freq: 0.3961949195657657, Last Pulse: 16.073 - Next at: 16.470
2021-12-13 21:34:28.777 [INF] : 16.448: Power: 0.558, Freq: 0.398005885233331, Last Pulse: 16.073 - Next at: 16.471
2021-12-13 21:34:28.780 [INF] : 16.450: Power: 0.557, Freq: 0.3998092603291714, Last Pulse: 16.073 - Next at: 16.473
2021-12-13 21:34:28.782 [INF] : 16.452: Power: 0.556, Freq: 0.4017603928195399, Last Pulse: 16.073 - Next at: 16.475
2021-12-13 21:34:28.784 [INF] : 16.455: Power: 0.555, Freq: 0.40358488301202033, Last Pulse: 16.073 - Next at: 16.477
2021-12-13 21:34:28.786 [INF] : 16.457: Power: 0.554, Freq: 0.4054167111945075, Last Pulse: 16.073 - Next at: 16.479
2021-12-13 21:34:28.788 [INF] : 16.459: Power: 0.552, Freq: 0.4072653402411426, Last Pulse: 16.073 - Next at: 16.481
2021-12-13 21:34:28.790 [INF] : 16.461: Power: 0.551, Freq: 0.4091180271589834, Last Pulse: 16.073 - Next at: 16.483
2021-12-13 21:34:28.793 [INF] : 16.463: Power: 0.550, Freq: 0.41097333424106575, Last Pulse: 16.073 - Next at: 16.484
2021-12-13 21:34:28.795 [INF] : 16.465: Power: 0.549, Freq: 0.41283416037036913, Last Pulse: 16.073 - Next at: 16.486
2021-12-13 21:34:28.797 [INF] : 16.468: Power: 0.548, Freq: 0.41490990264232774, Last Pulse: 16.073 - Next at: 16.488
2021-12-13 21:34:28.799 [INF] : 16.470: Power: 0.547, Freq: 0.41680867474720085, Last Pulse: 16.073 - Next at: 16.490
2021-12-13 21:34:28.801 [INF] : 16.472: Power: 0.546, Freq: 0.41870029226906613, Last Pulse: 16.073 - Next at: 16.492
2021-12-13 21:34:28.804 [INF] : 16.474: Power: 0.545, Freq: 0.4207133071495228, Last Pulse: 16.073 - Next at: 16.494
2021-12-13 21:34:28.806 [INF] : 16.477: Power: 0.544, Freq: 0.4226301092249858, Last Pulse: 16.073 - Next at: 16.496
2021-12-13 21:34:28.808 [INF] : 16.479: Power: 0.543, Freq: 0.42456168770757685, Last Pulse: 16.073 - Next at: 16.498
2021-12-13 21:34:28.810 [INF] : 16.481: Power: 0.542, Freq: 0.42647953248925363, Last Pulse: 16.073 - Next at: 16.500
2021-12-13 21:34:28.812 [INF] : 16.483: Power: 0.541, Freq: 0.42851692679433206, Last Pulse: 16.073 - Next at: 16.502
2021-12-13 21:34:28.815 [INF] : 16.485: Power: 0.539, Freq: 0.4312304564729619, Last Pulse: 16.073 - Next at: 16.505
2021-12-13 21:34:28.818 [INF] : 16.488: Power: 0.538, Freq: 0.43327403366800654, Last Pulse: 16.073 - Next at: 16.507
2021-12-13 21:34:28.820 [INF] : 16.490: Power: 0.537, Freq: 0.43527052791669796, Last Pulse: 16.073 - Next at: 16.509
2021-12-13 21:34:28.822 [INF] : 16.493: Power: 0.536, Freq: 0.43726480712997473, Last Pulse: 16.073 - Next at: 16.511
2021-12-13 21:34:28.824 [INF] : 16.495: Power: 0.535, Freq: 0.43926919637838235, Last Pulse: 16.073 - Next at: 16.513
2021-12-13 21:34:28.826 [INF] : 16.497: Power: 0.534, Freq: 0.44128531748124145, Last Pulse: 16.073 - Next at: 16.515
2021-12-13 21:34:28.828 [INF] : 16.499: Power: 0.532, Freq: 0.4433669309462962, Last Pulse: 16.073 - Next at: 16.517
2021-12-13 21:34:28.831 [INF] : 16.501: Power: 0.531, Freq: 0.4453999500814314, Last Pulse: 16.073 - Next at: 16.519
2021-12-13 21:34:28.833 [INF] : 16.503: Power: 0.530, Freq: 0.447416375609643, Last Pulse: 16.073 - Next at: 16.521
2021-12-13 21:34:28.835 [INF] : 16.506: Power: 0.529, Freq: 0.44944509772671104, Last Pulse: 16.073 - Next at: 16.523
2021-12-13 21:34:28.837 [INF] : 16.508: Power: 0.528, Freq: 0.4515034875252888, Last Pulse: 16.073 - Next at: 16.525
2021-12-13 21:34:28.839 [INF] : 16.510: Power: 0.527, Freq: 0.4535632196646322, Last Pulse: 16.073 - Next at: 16.527
2021-12-13 21:34:28.841 [INF] : 16.512: Power: 0.526, Freq: 0.4556193810892646, Last Pulse: 16.073 - Next at: 16.529
2021-12-13 21:34:28.844 [INF] : 16.514: Power: 0.525, Freq: 0.4577616757452154, Last Pulse: 16.073 - Next at: 16.531
2021-12-13 21:34:28.846 [INF] : 16.516: Power: 0.524, Freq: 0.45986682182305083, Last Pulse: 16.073 - Next at: 16.533
2021-12-13 21:34:28.848 [INF] : 16.519: Power: 0.523, Freq: 0.46195806790631666, Last Pulse: 16.073 - Next at: 16.535
2021-12-13 21:34:28.850 [INF] : 16.521: Power: 0.522, Freq: 0.46405408366360446, Last Pulse: 16.073 - Next at: 16.537
2021-12-13 21:34:28.852 [INF] : 16.523: Power: 0.521, Freq: 0.4661564074309026, Last Pulse: 16.073 - Next at: 16.540
2021-12-13 21:34:28.854 [INF] : 16.525: Power: 0.520, Freq: 0.4682903988030329, Last Pulse: 16.073 - Next at: 16.542
2021-12-13 21:34:28.856 [INF] : 16.527: Power: 0.518, Freq: 0.47042261862832824, Last Pulse: 16.073 - Next at: 16.544
2021-12-13 21:34:28.859 [INF] : 16.529: Power: 0.517, Freq: 0.4726976940373828, Last Pulse: 16.073 - Next at: 16.546
2021-12-13 21:34:28.861 [INF] : 16.532: Power: 0.516, Freq: 0.4750734925769726, Last Pulse: 16.073 - Next at: 16.548
2021-12-13 21:34:28.863 [INF] : 16.534: Power: 0.515, Freq: 0.4772780810880821, Last Pulse: 16.073 - Next at: 16.551
2021-12-13 21:34:28.865 [INF] : 16.536: Power: 0.514, Freq: 0.47943844097315713, Last Pulse: 16.073 - Next at: 16.553
2021-12-13 21:34:28.868 [INF] : 16.538: Power: 0.513, Freq: 0.481610222888738, Last Pulse: 16.073 - Next at: 16.555
2021-12-13 21:34:28.870 [INF] : 16.540: Power: 0.512, Freq: 0.48397863154391363, Last Pulse: 16.073 - Next at: 16.557
2021-12-13 21:34:28.872 [INF] : 16.543: Power: 0.511, Freq: 0.48634224475059495, Last Pulse: 16.073 - Next at: 16.560
2021-12-13 21:34:28.874 [INF] : 16.545: Power: 0.509, Freq: 0.48859815754279445, Last Pulse: 16.073 - Next at: 16.562
2021-12-13 21:34:28.877 [INF] : 16.547: Power: 0.508, Freq: 0.49084088995436836, Last Pulse: 16.073 - Next at: 16.564
2021-12-13 21:34:28.879 [INF] : 16.549: Power: 0.507, Freq: 0.4930823516521703, Last Pulse: 16.073 - Next at: 16.566
2021-12-13 21:34:28.881 [INF] : 16.551: Power: 0.506, Freq: 0.4953338282034543, Last Pulse: 16.073 - Next at: 16.569
2021-12-13 21:34:28.883 [INF] : 16.554: Power: 0.505, Freq: 0.4975831480004129, Last Pulse: 16.073 - Next at: 16.571
2021-12-13 21:34:28.885 [INF] : 16.556: Power: 0.504, Freq: 0.4998418971275669, Last Pulse: 16.073 - Next at: 16.573
2021-12-13 21:34:28.887 [INF] : 16.558: Power: 0.503, Freq: 0.5021747842095303, Last Pulse: 16.073 - Next at: 16.576
2021-12-13 21:34:28.889 [INF] : 16.560: Power: 0.502, Freq: 0.5044492065519788, Last Pulse: 16.073 - Next at: 16.578
2021-12-13 21:34:28.892 [INF] : 16.562: Power: 0.501, Freq: 0.5072201286529836, Last Pulse: 16.073 - Next at: 16.581
2021-12-13 21:34:28.894 [INF] : 16.565: Power: 0.500, Freq: 0.5095250160780083, Last Pulse: 16.073 - Next at: 16.583
2021-12-13 21:34:28.896 [INF] : 16.567: Power: 0.498, Freq: 0.5118284579355765, Last Pulse: 16.073 - Next at: 16.585
2021-12-13 21:34:28.898 [INF] : 16.569: Power: 0.497, Freq: 0.5141384640424298, Last Pulse: 16.073 - Next at: 16.588
2021-12-13 21:34:28.901 [INF] : 16.571: Power: 0.496, Freq: 0.5166179619587017, Last Pulse: 16.073 - Next at: 16.590
2021-12-13 21:34:28.903 [INF] : 16.574: Power: 0.495, Freq: 0.5193422661265186, Last Pulse: 16.073 - Next at: 16.593
2021-12-13 21:34:28.905 [INF] : 16.576: Power: 0.494, Freq: 0.5217391913222227, Last Pulse: 16.073 - Next at: 16.595
2021-12-13 21:34:28.908 [INF] : 16.578: Power: 0.493, Freq: 0.5241382929977352, Last Pulse: 16.073 - Next at: 16.598
2021-12-13 21:34:28.910 [INF] : 16.580: Power: 0.492, Freq: 0.5265241849619859, Last Pulse: 16.073 - Next at: 16.600
2021-12-13 21:34:28.912 [INF] : 16.583: Power: 0.491, Freq: 0.5289027150927006, Last Pulse: 16.073 - Next at: 16.602
2021-12-13 21:34:28.914 [INF] : 16.585: Power: 0.490, Freq: 0.5312914647390001, Last Pulse: 16.073 - Next at: 16.605
2021-12-13 21:34:28.916 [INF] : 16.587: Power: 0.489, Freq: 0.533692703575305, Last Pulse: 16.073 - Next at: 16.607
2021-12-13 21:34:28.918 [INF] : 16.589: Power: 0.487, Freq: 0.5361049048666904, Last Pulse: 16.073 - Next at: 16.609
2021-12-13 21:34:28.921 [INF] : 16.591: Power: 0.486, Freq: 0.5388660977204416, Last Pulse: 16.073 - Next at: 16.612
2021-12-13 21:34:28.923 [INF] : 16.594: Power: 0.485, Freq: 0.5418896739053154, Last Pulse: 16.073 - Next at: 16.615
2021-12-13 21:34:28.926 [INF] : 16.596: Power: 0.484, Freq: 0.5446967683777979, Last Pulse: 16.073 - Next at: 16.618
2021-12-13 21:34:28.928 [INF] : 16.599: Power: 0.483, Freq: 0.5471974560541497, Last Pulse: 16.073 - Next at: 16.621
2021-12-13 21:34:28.930 [INF] : 16.601: Power: 0.482, Freq: 0.549670026513088, Last Pulse: 16.073 - Next at: 16.623
2021-12-13 21:34:28.932 [INF] : 16.603: Power: 0.480, Freq: 0.5521449579382702, Last Pulse: 16.073 - Next at: 16.626
2021-12-13 21:34:28.935 [INF] : 16.605: Power: 0.479, Freq: 0.5546332268726353, Last Pulse: 16.073 - Next at: 16.628
2021-12-13 21:34:28.937 [INF] : 16.607: Power: 0.478, Freq: 0.5572403941382125, Last Pulse: 16.073 - Next at: 16.631
2021-12-13 21:34:28.939 [INF] : 16.610: Power: 0.477, Freq: 0.5598729354029914, Last Pulse: 16.073 - Next at: 16.633
2021-12-13 21:34:28.941 [INF] : 16.612: Power: 0.476, Freq: 0.5624024922953659, Last Pulse: 16.073 - Next at: 16.636
2021-12-13 21:34:28.943 [INF] : 16.614: Power: 0.475, Freq: 0.5649303676028459, Last Pulse: 16.073 - Next at: 16.638
2021-12-13 21:34:28.945 [INF] : 16.616: Power: 0.474, Freq: 0.5674635625624211, Last Pulse: 16.073 - Next at: 16.641
2021-12-13 21:34:28.948 [INF] : 16.618: Power: 0.473, Freq: 0.5700097901801162, Last Pulse: 16.073 - Next at: 16.643
2021-12-13 21:34:28.950 [INF] : 16.620: Power: 0.472, Freq: 0.5726824059106139, Last Pulse: 16.073 - Next at: 16.646
2021-12-13 21:34:28.952 [INF] : 16.623: Power: 0.471, Freq: 0.5756328243371924, Last Pulse: 16.073 - Next at: 16.649
2021-12-13 21:34:28.955 [INF] : 16.625: Power: 0.469, Freq: 0.5789592418063694, Last Pulse: 16.073 - Next at: 16.652
2021-12-13 21:34:28.957 [INF] : 16.628: Power: 0.468, Freq: 0.5816205761567925, Last Pulse: 16.073 - Next at: 16.655
2021-12-13 21:34:28.959 [INF] : 16.630: Power: 0.467, Freq: 0.5842308191797638, Last Pulse: 16.073 - Next at: 16.658
2021-12-13 21:34:28.962 [INF] : 16.632: Power: 0.466, Freq: 0.5868458100186555, Last Pulse: 16.073 - Next at: 16.660
2021-12-13 21:34:28.964 [INF] : 16.634: Power: 0.465, Freq: 0.5895085273815144, Last Pulse: 16.073 - Next at: 16.663
2021-12-13 21:34:28.966 [INF] : 16.636: Power: 0.464, Freq: 0.5921703166313876, Last Pulse: 16.073 - Next at: 16.666
2021-12-13 21:34:28.968 [INF] : 16.639: Power: 0.463, Freq: 0.5948102384253668, Last Pulse: 16.073 - Next at: 16.668
2021-12-13 21:34:28.971 [INF] : 16.641: Power: 0.462, Freq: 0.5980333289023294, Last Pulse: 16.073 - Next at: 16.671
2021-12-13 21:34:28.973 [INF] : 16.643: Power: 0.460, Freq: 0.6007894050873572, Last Pulse: 16.073 - Next at: 16.674
2021-12-13 21:34:28.975 [INF] : 16.646: Power: 0.459, Freq: 0.60341478602624, Last Pulse: 16.073 - Next at: 16.677
2021-12-13 21:34:28.977 [INF] : 16.648: Power: 0.458, Freq: 0.6060466865606933, Last Pulse: 16.073 - Next at: 16.679
2021-12-13 21:34:28.979 [INF] : 16.650: Power: 0.457, Freq: 0.6086949502003418, Last Pulse: 16.073 - Next at: 16.682
2021-12-13 21:34:28.981 [INF] : 16.652: Power: 0.456, Freq: 0.61135408125, Last Pulse: 16.073 - Next at: 16.685
2021-12-13 21:34:28.983 [INF] : 16.654: Power: 0.455, Freq: 0.6140294604409666, Last Pulse: 16.073 - Next at: 16.687
2021-12-13 21:34:28.985 [INF] : 16.656: Power: 0.454, Freq: 0.6167721071611472, Last Pulse: 16.073 - Next at: 16.690
2021-12-13 21:34:28.988 [INF] : 16.658: Power: 0.453, Freq: 0.619953613668025, Last Pulse: 16.073 - Next at: 16.693
2021-12-13 21:34:28.990 [INF] : 16.661: Power: 0.452, Freq: 0.6227183697123664, Last Pulse: 16.073 - Next at: 16.696
2021-12-13 21:34:28.992 [INF] : 16.663: Power: 0.451, Freq: 0.6254791783559313, Last Pulse: 16.073 - Next at: 16.699
2021-12-13 21:34:28.994 [INF] : 16.665: Power: 0.449, Freq: 0.6282494147975131, Last Pulse: 16.073 - Next at: 16.702
2021-12-13 21:34:28.996 [INF] : 16.667: Power: 0.448, Freq: 0.6310311737432452, Last Pulse: 16.073 - Next at: 16.704
2021-12-13 21:34:28.999 [INF] : 16.669: Power: 0.447, Freq: 0.6337697005181608, Last Pulse: 16.073 - Next at: 16.707
2021-12-13 21:34:29.001 [INF] : 16.671: Power: 0.446, Freq: 0.6365199168494056, Last Pulse: 16.073 - Next at: 16.710
2021-12-13 21:34:29.003 [INF] : 16.673: Power: 0.445, Freq: 0.6400644192502827, Last Pulse: 16.073 - Next at: 16.713
2021-12-13 21:34:29.006 [INF] : 16.676: Power: 0.444, Freq: 0.6434315211269155, Last Pulse: 16.073 - Next at: 16.717
2021-12-13 21:34:29.008 [INF] : 16.679: Power: 0.443, Freq: 0.6463024487975937, Last Pulse: 16.073 - Next at: 16.720
2021-12-13 21:34:29.010 [INF] : 16.681: Power: 0.442, Freq: 0.6491711081742766, Last Pulse: 16.073 - Next at: 16.723
2021-12-13 21:34:29.012 [INF] : 16.683: Power: 0.440, Freq: 0.6520440833695926, Last Pulse: 16.073 - Next at: 16.725
2021-12-13 21:34:29.014 [INF] : 16.685: Power: 0.439, Freq: 0.6549201048005013, Last Pulse: 16.073 - Next at: 16.728
2021-12-13 21:34:29.017 [INF] : 16.687: Power: 0.438, Freq: 0.6577465834608542, Last Pulse: 16.073 - Next at: 16.731
2021-12-13 21:34:29.019 [INF] : 16.689: Power: 0.437, Freq: 0.6607617207637149, Last Pulse: 16.073 - Next at: 16.734
2021-12-13 21:34:29.021 [INF] : 16.692: Power: 0.436, Freq: 0.6641881922344748, Last Pulse: 16.073 - Next at: 16.738
2021-12-13 21:34:29.024 [INF] : 16.694: Power: 0.435, Freq: 0.6672491704136716, Last Pulse: 16.073 - Next at: 16.741
2021-12-13 21:34:29.026 [INF] : 16.696: Power: 0.434, Freq: 0.6703364434576251, Last Pulse: 16.073 - Next at: 16.744
2021-12-13 21:34:29.028 [INF] : 16.699: Power: 0.433, Freq: 0.6739110045799088, Last Pulse: 16.073 - Next at: 16.747
2021-12-13 21:34:29.031 [INF] : 16.701: Power: 0.431, Freq: 0.6769517190953205, Last Pulse: 16.073 - Next at: 16.750
2021-12-13 21:34:29.033 [INF] : 16.703: Power: 0.430, Freq: 0.6799635071331398, Last Pulse: 16.073 - Next at: 16.753
2021-12-13 21:34:29.035 [INF] : 16.706: Power: 0.429, Freq: 0.6830092578962295, Last Pulse: 16.073 - Next at: 16.756
2021-12-13 21:34:29.037 [INF] : 16.708: Power: 0.428, Freq: 0.6860376057223734, Last Pulse: 16.073 - Next at: 16.759
2021-12-13 21:34:29.039 [INF] : 16.710: Power: 0.427, Freq: 0.6890590900570661, Last Pulse: 16.073 - Next at: 16.762
2021-12-13 21:34:29.041 [INF] : 16.712: Power: 0.426, Freq: 0.6920882310945609, Last Pulse: 16.073 - Next at: 16.765
2021-12-13 21:34:29.044 [INF] : 16.714: Power: 0.425, Freq: 0.6951277052924647, Last Pulse: 16.073 - Next at: 16.769
2021-12-13 21:34:29.046 [INF] : 16.716: Power: 0.424, Freq: 0.6981846450656044, Last Pulse: 16.073 - Next at: 16.772
2021-12-13 21:34:29.048 [INF] : 16.718: Power: 0.423, Freq: 0.7012685768014775, Last Pulse: 16.073 - Next at: 16.775
2021-12-13 21:34:29.050 [INF] : 16.721: Power: 0.422, Freq: 0.705022194677777, Last Pulse: 16.073 - Next at: 16.778
2021-12-13 21:34:29.053 [INF] : 16.723: Power: 0.420, Freq: 0.708554496044346, Last Pulse: 16.073 - Next at: 16.782
2021-12-13 21:34:29.055 [INF] : 16.726: Power: 0.419, Freq: 0.7118693017245197, Last Pulse: 16.073 - Next at: 16.785
2021-12-13 21:34:29.057 [INF] : 16.728: Power: 0.418, Freq: 0.714990926401887, Last Pulse: 16.073 - Next at: 16.788
2021-12-13 21:34:29.059 [INF] : 16.730: Power: 0.417, Freq: 0.7181157765359867, Last Pulse: 16.073 - Next at: 16.792
2021-12-13 21:34:29.062 [INF] : 16.732: Power: 0.416, Freq: 0.7212502240029592, Last Pulse: 16.073 - Next at: 16.795
2021-12-13 21:34:29.064 [INF] : 16.734: Power: 0.415, Freq: 0.7243927994495003, Last Pulse: 16.073 - Next at: 16.798
2021-12-13 21:34:29.068 [INF] : 16.737: Power: 0.414, Freq: 0.730243654291082, Last Pulse: 16.073 - Next at: 16.804
2021-12-13 21:34:29.070 [INF] : 16.741: Power: 0.412, Freq: 0.7333775210363842, Last Pulse: 16.073 - Next at: 16.807
2021-12-13 21:34:29.072 [INF] : 16.743: Power: 0.411, Freq: 0.7366384435389524, Last Pulse: 16.073 - Next at: 16.810
2021-12-13 21:34:29.074 [INF] : 16.745: Power: 0.410, Freq: 0.7397635648368466, Last Pulse: 16.073 - Next at: 16.813
2021-12-13 21:34:29.076 [INF] : 16.747: Power: 0.409, Freq: 0.7429656584314568, Last Pulse: 16.073 - Next at: 16.816
2021-12-13 21:34:29.078 [INF] : 16.749: Power: 0.407, Freq: 0.7461228310612018, Last Pulse: 16.073 - Next at: 16.820
2021-12-13 21:34:29.080 [INF] : 16.751: Power: 0.406, Freq: 0.7492765271564408, Last Pulse: 16.073 - Next at: 16.823
2021-12-13 21:34:29.083 [INF] : 16.753: Power: 0.405, Freq: 0.7529098943849655, Last Pulse: 16.073 - Next at: 16.826
2021-12-13 21:34:29.085 [INF] : 16.756: Power: 0.404, Freq: 0.7561718454194857, Last Pulse: 16.073 - Next at: 16.830
2021-12-13 21:34:29.087 [INF] : 16.758: Power: 0.403, Freq: 0.7594534902151429, Last Pulse: 16.073 - Next at: 16.833
2021-12-13 21:34:29.089 [INF] : 16.760: Power: 0.402, Freq: 0.7627426617613016, Last Pulse: 16.073 - Next at: 16.836
2021-12-13 21:34:29.091 [INF] : 16.762: Power: 0.401, Freq: 0.7659632754348027, Last Pulse: 16.073 - Next at: 16.839
2021-12-13 21:34:29.093 [INF] : 16.764: Power: 0.400, Freq: 0.7691912920896091, Last Pulse: 16.073 - Next at: 16.843
2021-12-13 21:34:29.096 [INF] : 16.766: Power: 0.399, Freq: 0.7724225050625102, Last Pulse: 16.073 - Next at: 16.846
2021-12-13 21:34:29.098 [INF] : 16.768: Power: 0.398, Freq: 0.7759792497689393, Last Pulse: 16.073 - Next at: 16.849
2021-12-13 21:34:29.100 [INF] : 16.771: Power: 0.397, Freq: 0.7795959157644048, Last Pulse: 16.073 - Next at: 16.853
2021-12-13 21:34:29.102 [INF] : 16.773: Power: 0.395, Freq: 0.7830370610809436, Last Pulse: 16.073 - Next at: 16.856
2021-12-13 21:34:29.105 [INF] : 16.775: Power: 0.394, Freq: 0.7865550857040957, Last Pulse: 16.073 - Next at: 16.860
2021-12-13 21:34:29.107 [INF] : 16.777: Power: 0.393, Freq: 0.7899013313295762, Last Pulse: 16.073 - Next at: 16.863
2021-12-13 21:34:29.109 [INF] : 16.780: Power: 0.392, Freq: 0.7932215669350056, Last Pulse: 16.073 - Next at: 16.867
2021-12-13 21:34:29.111 [INF] : 16.782: Power: 0.391, Freq: 0.7965505645108757, Last Pulse: 16.073 - Next at: 16.870
2021-12-13 21:34:29.113 [INF] : 16.784: Power: 0.390, Freq: 0.8002070151833989, Last Pulse: 16.073 - Next at: 16.874
2021-12-13 21:34:29.116 [INF] : 16.786: Power: 0.389, Freq: 0.8039996375765894, Last Pulse: 16.073 - Next at: 16.877
2021-12-13 21:34:29.118 [INF] : 16.789: Power: 0.388, Freq: 0.8081589962039395, Last Pulse: 16.073 - Next at: 16.882
2021-12-13 21:34:29.121 [INF] : 16.791: Power: 0.386, Freq: 0.8118918304292535, Last Pulse: 16.073 - Next at: 16.885
2021-12-13 21:34:29.123 [INF] : 16.793: Power: 0.385, Freq: 0.8154391892535471, Last Pulse: 16.073 - Next at: 16.889
2021-12-13 21:34:29.125 [INF] : 16.795: Power: 0.384, Freq: 0.8189791910827808, Last Pulse: 16.073 - Next at: 16.892
2021-12-13 21:34:29.127 [INF] : 16.798: Power: 0.383, Freq: 0.8225397246178452, Last Pulse: 16.073 - Next at: 16.896
2021-12-13 21:34:29.129 [INF] : 16.800: Power: 0.382, Freq: 0.8262716302300026, Last Pulse: 16.073 - Next at: 16.900
2021-12-13 21:34:29.132 [INF] : 16.802: Power: 0.381, Freq: 0.8301919843548546, Last Pulse: 16.073 - Next at: 16.904
2021-12-13 21:34:29.134 [INF] : 16.805: Power: 0.380, Freq: 0.8337959543868654, Last Pulse: 16.073 - Next at: 16.907
2021-12-13 21:34:29.136 [INF] : 16.807: Power: 0.379, Freq: 0.8374841944634595, Last Pulse: 16.073 - Next at: 16.911
2021-12-13 21:34:29.138 [INF] : 16.809: Power: 0.378, Freq: 0.8411284836672963, Last Pulse: 16.073 - Next at: 16.915
2021-12-13 21:34:29.141 [INF] : 16.811: Power: 0.376, Freq: 0.8447661099635564, Last Pulse: 16.073 - Next at: 16.918
2021-12-13 21:34:29.143 [INF] : 16.813: Power: 0.375, Freq: 0.8484877971720217, Last Pulse: 16.073 - Next at: 16.922
2021-12-13 21:34:29.145 [INF] : 16.816: Power: 0.374, Freq: 0.8522138465431004, Last Pulse: 16.073 - Next at: 16.926
2021-12-13 21:34:29.147 [INF] : 16.818: Power: 0.373, Freq: 0.8559104652231158, Last Pulse: 16.073 - Next at: 16.929
2021-12-13 21:34:29.149 [INF] : 16.820: Power: 0.372, Freq: 0.8596256179207744, Last Pulse: 16.073 - Next at: 16.933
2021-12-13 21:34:29.151 [INF] : 16.822: Power: 0.371, Freq: 0.8631741611739021, Last Pulse: 16.073 - Next at: 16.937
2021-12-13 21:34:29.154 [INF] : 16.824: Power: 0.370, Freq: 0.8668184881230734, Last Pulse: 16.073 - Next at: 16.940
2021-12-13 21:34:29.156 [INF] : 16.826: Power: 0.369, Freq: 0.8704851222427021, Last Pulse: 16.073 - Next at: 16.944
2021-12-13 21:34:29.158 [INF] : 16.829: Power: 0.368, Freq: 0.8740743763693755, Last Pulse: 16.073 - Next at: 16.947
2021-12-13 21:34:29.160 [INF] : 16.831: Power: 0.367, Freq: 0.8776693372552624, Last Pulse: 16.073 - Next at: 16.951
2021-12-13 21:34:29.162 [INF] : 16.833: Power: 0.366, Freq: 0.8819836341661893, Last Pulse: 16.073 - Next at: 16.955
2021-12-13 21:34:29.165 [INF] : 16.835: Power: 0.364, Freq: 0.8863439105970836, Last Pulse: 16.073 - Next at: 16.960
2021-12-13 21:34:29.167 [INF] : 16.838: Power: 0.363, Freq: 0.8904394550819346, Last Pulse: 16.073 - Next at: 16.964
2021-12-13 21:34:29.170 [INF] : 16.840: Power: 0.362, Freq: 0.8942238588630662, Last Pulse: 16.073 - Next at: 16.968
2021-12-13 21:34:29.172 [INF] : 16.842: Power: 0.361, Freq: 0.8981958696496313, Last Pulse: 16.073 - Next at: 16.972
2021-12-13 21:34:29.174 [INF] : 16.845: Power: 0.360, Freq: 0.9020259795221559, Last Pulse: 16.073 - Next at: 16.975
2021-12-13 21:34:29.176 [INF] : 16.847: Power: 0.359, Freq: 0.9058657854311325, Last Pulse: 16.073 - Next at: 16.979
2021-12-13 21:34:29.178 [INF] : 16.849: Power: 0.358, Freq: 0.910021467138467, Last Pulse: 16.073 - Next at: 16.983
2021-12-13 21:34:29.181 [INF] : 16.851: Power: 0.356, Freq: 0.9139875880391286, Last Pulse: 16.073 - Next at: 16.987
2021-12-13 21:34:29.183 [INF] : 16.854: Power: 0.355, Freq: 0.9178699307578873, Last Pulse: 16.073 - Next at: 16.991
2021-12-13 21:34:29.185 [INF] : 16.856: Power: 0.354, Freq: 0.9217641512568422, Last Pulse: 16.073 - Next at: 16.995
2021-12-13 21:34:29.187 [INF] : 16.858: Power: 0.353, Freq: 0.9259272070179283, Last Pulse: 16.073 - Next at: 16.999
2021-12-13 21:34:29.190 [INF] : 16.860: Power: 0.352, Freq: 0.9298558058813144, Last Pulse: 16.073 - Next at: 17.003
2021-12-13 21:34:29.192 [INF] : 16.862: Power: 0.351, Freq: 0.9338681534081954, Last Pulse: 16.073 - Next at: 17.007
2021-12-13 21:34:29.194 [INF] : 16.865: Power: 0.350, Freq: 0.9381012578920185, Last Pulse: 16.073 - Next at: 17.011
2021-12-13 21:34:29.196 [INF] : 16.867: Power: 0.349, Freq: 0.9421514632620402, Last Pulse: 16.073 - Next at: 17.016
2021-12-13 21:34:29.199 [INF] : 16.869: Power: 0.347, Freq: 0.9462133291047721, Last Pulse: 16.073 - Next at: 17.020
2021-12-13 21:34:29.201 [INF] : 16.871: Power: 0.346, Freq: 0.9503678856038293, Last Pulse: 16.073 - Next at: 17.024
2021-12-13 21:34:29.203 [INF] : 16.874: Power: 0.345, Freq: 0.9550686470278817, Last Pulse: 16.073 - Next at: 17.028
2021-12-13 21:34:29.206 [INF] : 16.876: Power: 0.344, Freq: 0.9594306795691061, Last Pulse: 16.073 - Next at: 17.033
2021-12-13 21:34:29.208 [INF] : 16.879: Power: 0.343, Freq: 0.9634831478473962, Last Pulse: 16.073 - Next at: 17.037
2021-12-13 21:34:29.210 [INF] : 16.881: Power: 0.342, Freq: 0.967663666409265, Last Pulse: 16.073 - Next at: 17.041
2021-12-13 21:34:29.212 [INF] : 16.883: Power: 0.340, Freq: 0.9717401863388582, Last Pulse: 16.073 - Next at: 17.045
2021-12-13 21:34:29.215 [INF] : 16.885: Power: 0.339, Freq: 0.9758103902096846, Last Pulse: 16.073 - Next at: 17.049
2021-12-13 21:34:29.217 [INF] : 16.887: Power: 0.338, Freq: 0.9799785300362371, Last Pulse: 16.073 - Next at: 17.053
2021-12-13 21:34:29.219 [INF] : 16.890: Power: 0.337, Freq: 0.9840711590606523, Last Pulse: 16.073 - Next at: 17.057
2021-12-13 21:34:29.221 [INF] : 16.892: Power: 0.336, Freq: 0.9883706418489333, Last Pulse: 16.073 - Next at: 17.062
2021-12-13 21:34:29.223 [INF] : 16.894: Power: 0.335, Freq: 0.9923263245430451, Last Pulse: 16.073 - Next at: 17.066
2021-12-13 21:34:29.226 [INF] : 16.896: Power: 0.334, Freq: 0.9965739787058632, Last Pulse: 16.073 - Next at: 17.070
2021-12-13 21:34:29.228 [INF] : 16.898: Power: 0.333, Freq: 1.0008874484377261, Last Pulse: 16.073 - Next at: 17.074
2021-12-13 21:34:29.230 [INF] : 16.901: Power: 0.332, Freq: 1.0050685871780176, Last Pulse: 16.073 - Next at: 17.078
2021-12-13 21:34:29.232 [INF] : 16.903: Power: 0.331, Freq: 1.0090761953732699, Last Pulse: 16.073 - Next at: 17.082
2021-12-13 21:34:29.234 [INF] : 16.905: Power: 0.330, Freq: 1.0132761894858275, Last Pulse: 16.073 - Next at: 17.087
2021-12-13 21:34:29.237 [INF] : 16.907: Power: 0.328, Freq: 1.0175010700655676, Last Pulse: 16.073 - Next at: 17.091
2021-12-13 21:34:29.239 [INF] : 16.909: Power: 0.327, Freq: 1.021553416236567, Last Pulse: 16.073 - Next at: 17.095
2021-12-13 21:34:29.241 [INF] : 16.911: Power: 0.326, Freq: 1.0258165289650676, Last Pulse: 16.073 - Next at: 17.099
2021-12-13 21:34:29.243 [INF] : 16.914: Power: 0.325, Freq: 1.0307528580629468, Last Pulse: 16.073 - Next at: 17.104
2021-12-13 21:34:29.246 [INF] : 16.916: Power: 0.324, Freq: 1.0356063001022946, Last Pulse: 16.073 - Next at: 17.109
2021-12-13 21:34:29.248 [INF] : 16.919: Power: 0.323, Freq: 1.0398306710420386, Last Pulse: 16.073 - Next at: 17.113
2021-12-13 21:34:29.250 [INF] : 16.921: Power: 0.322, Freq: 1.0440601646378564, Last Pulse: 16.073 - Next at: 17.117
2021-12-13 21:34:29.252 [INF] : 16.923: Power: 0.321, Freq: 1.0482959114959431, Last Pulse: 16.073 - Next at: 17.122
2021-12-13 21:34:29.255 [INF] : 16.925: Power: 0.319, Freq: 1.0527438469075754, Last Pulse: 16.073 - Next at: 17.126
2021-12-13 21:34:29.257 [INF] : 16.927: Power: 0.318, Freq: 1.0572070387541195, Last Pulse: 16.073 - Next at: 17.131
2021-12-13 21:34:29.259 [INF] : 16.930: Power: 0.317, Freq: 1.0615383567372292, Last Pulse: 16.073 - Next at: 17.135
2021-12-13 21:34:29.261 [INF] : 16.932: Power: 0.316, Freq: 1.065828483831653, Last Pulse: 16.073 - Next at: 17.139
2021-12-13 21:34:29.263 [INF] : 16.934: Power: 0.315, Freq: 1.070118772278823, Last Pulse: 16.073 - Next at: 17.144
2021-12-13 21:34:29.265 [INF] : 16.936: Power: 0.314, Freq: 1.0744240532183698, Last Pulse: 16.073 - Next at: 17.148
2021-12-13 21:34:29.267 [INF] : 16.938: Power: 0.313, Freq: 1.0787447674359294, Last Pulse: 16.073 - Next at: 17.152
2021-12-13 21:34:29.270 [INF] : 16.940: Power: 0.312, Freq: 1.083084813054651, Last Pulse: 16.073 - Next at: 17.156
2021-12-13 21:34:29.272 [INF] : 16.942: Power: 0.311, Freq: 1.088087715630641, Last Pulse: 16.073 - Next at: 17.161
2021-12-13 21:34:29.274 [INF] : 16.945: Power: 0.310, Freq: 1.092693956667342, Last Pulse: 16.073 - Next at: 17.166
2021-12-13 21:34:29.276 [INF] : 16.947: Power: 0.308, Freq: 1.0971523851891576, Last Pulse: 16.073 - Next at: 17.171
2021-12-13 21:34:29.279 [INF] : 16.949: Power: 0.307, Freq: 1.101717441568584, Last Pulse: 16.073 - Next at: 17.175
2021-12-13 21:34:29.281 [INF] : 16.951: Power: 0.306, Freq: 1.1061939326083536, Last Pulse: 16.073 - Next at: 17.180
2021-12-13 21:34:29.283 [INF] : 16.954: Power: 0.305, Freq: 1.1106958270165475, Last Pulse: 16.073 - Next at: 17.184
2021-12-13 21:34:29.285 [INF] : 16.956: Power: 0.304, Freq: 1.1152080909083382, Last Pulse: 16.073 - Next at: 17.189
2021-12-13 21:34:29.288 [INF] : 16.958: Power: 0.303, Freq: 1.1209211218559159, Last Pulse: 16.073 - Next at: 17.194
2021-12-13 21:34:29.290 [INF] : 16.961: Power: 0.302, Freq: 1.1256837193005618, Last Pulse: 16.073 - Next at: 17.199
2021-12-13 21:34:29.292 [INF] : 16.963: Power: 0.300, Freq: 1.13006984207183, Last Pulse: 16.073 - Next at: 17.203
2021-12-13 21:34:29.294 [INF] : 16.965: Power: 0.299, Freq: 1.1344566729825507, Last Pulse: 16.073 - Next at: 17.208
2021-12-13 21:34:29.297 [INF] : 16.967: Power: 0.298, Freq: 1.1388586856914573, Last Pulse: 16.073 - Next at: 17.212
2021-12-13 21:34:29.299 [INF] : 16.969: Power: 0.297, Freq: 1.143266179593254, Last Pulse: 16.073 - Next at: 17.217
2021-12-13 21:34:29.301 [INF] : 16.971: Power: 0.296, Freq: 1.147993403761595, Last Pulse: 16.073 - Next at: 17.221
2021-12-13 21:34:29.303 [INF] : 16.974: Power: 0.295, Freq: 1.1534623050792843, Last Pulse: 16.073 - Next at: 17.227
2021-12-13 21:34:29.306 [INF] : 16.976: Power: 0.294, Freq: 1.1597390711174567, Last Pulse: 16.073 - Next at: 17.233
2021-12-13 21:34:29.309 [INF] : 16.979: Power: 0.292, Freq: 1.1644161715526824, Last Pulse: 16.073 - Next at: 17.238
2021-12-13 21:34:29.311 [INF] : 16.981: Power: 0.291, Freq: 1.169059881077638, Last Pulse: 16.073 - Next at: 17.242
2021-12-13 21:34:29.313 [INF] : 16.983: Power: 0.290, Freq: 1.1736788577207493, Last Pulse: 16.073 - Next at: 17.247
2021-12-13 21:34:29.315 [INF] : 16.986: Power: 0.289, Freq: 1.1782959541037956, Last Pulse: 16.073 - Next at: 17.252
2021-12-13 21:34:29.317 [INF] : 16.988: Power: 0.288, Freq: 1.1829692892798536, Last Pulse: 16.073 - Next at: 17.256
2021-12-13 21:34:29.319 [INF] : 16.990: Power: 0.287, Freq: 1.1876574163647917, Last Pulse: 16.073 - Next at: 17.261
2021-12-13 21:34:29.321 [INF] : 16.992: Power: 0.286, Freq: 1.1923964376965235, Last Pulse: 16.073 - Next at: 17.266
2021-12-13 21:34:29.324 [INF] : 16.994: Power: 0.285, Freq: 1.1971071023805548, Last Pulse: 16.073 - Next at: 17.270
2021-12-13 21:34:29.326 [INF] : 16.996: Power: 0.284, Freq: 1.2018336972725985, Last Pulse: 16.073 - Next at: 17.275
2021-12-13 21:34:29.328 [INF] : 16.999: Power: 0.283, Freq: 1.2065541979005545, Last Pulse: 16.073 - Next at: 17.280
2021-12-13 21:34:29.330 [INF] : 17.001: Power: 0.282, Freq: 1.2112739755665318, Last Pulse: 16.073 - Next at: 17.285
2021-12-13 21:34:29.332 [INF] : 17.003: Power: 0.281, Freq: 1.216012448794659, Last Pulse: 16.073 - Next at: 17.289
2021-12-13 21:34:29.334 [INF] : 17.005: Power: 0.279, Freq: 1.22082644113011, Last Pulse: 16.073 - Next at: 17.294
2021-12-13 21:34:29.336 [INF] : 17.007: Power: 0.278, Freq: 1.2256111452237597, Last Pulse: 16.073 - Next at: 17.299
2021-12-13 21:34:29.339 [INF] : 17.009: Power: 0.277, Freq: 1.2304096330732728, Last Pulse: 16.073 - Next at: 17.304
2021-12-13 21:34:29.341 [INF] : 17.011: Power: 0.276, Freq: 1.2352306807549067, Last Pulse: 16.073 - Next at: 17.309
2021-12-13 21:34:29.343 [INF] : 17.014: Power: 0.275, Freq: 1.2400892503760093, Last Pulse: 16.073 - Next at: 17.313
2021-12-13 21:34:29.345 [INF] : 17.016: Power: 0.274, Freq: 1.2449202772963943, Last Pulse: 16.073 - Next at: 17.318
2021-12-13 21:34:29.347 [INF] : 17.018: Power: 0.273, Freq: 1.2498106484226397, Last Pulse: 16.073 - Next at: 17.323
2021-12-13 21:34:29.349 [INF] : 17.020: Power: 0.272, Freq: 1.254661015919189, Last Pulse: 16.073 - Next at: 17.328
2021-12-13 21:34:29.352 [INF] : 17.022: Power: 0.271, Freq: 1.259804174549677, Last Pulse: 16.073 - Next at: 17.333
2021-12-13 21:34:29.354 [INF] : 17.024: Power: 0.270, Freq: 1.2649838529954491, Last Pulse: 16.073 - Next at: 17.338
2021-12-13 21:34:29.356 [INF] : 17.027: Power: 0.269, Freq: 1.2699725011006655, Last Pulse: 16.073 - Next at: 17.343
2021-12-13 21:34:29.358 [INF] : 17.029: Power: 0.268, Freq: 1.2748950353281214, Last Pulse: 16.073 - Next at: 17.348
2021-12-13 21:34:29.360 [INF] : 17.031: Power: 0.266, Freq: 1.27982528193242, Last Pulse: 16.073 - Next at: 17.353
2021-12-13 21:34:29.363 [INF] : 17.033: Power: 0.265, Freq: 1.2847689877312818, Last Pulse: 16.073 - Next at: 17.358
2021-12-13 21:34:29.365 [INF] : 17.035: Power: 0.264, Freq: 1.2897384640551186, Last Pulse: 16.073 - Next at: 17.363
2021-12-13 21:34:29.367 [INF] : 17.037: Power: 0.263, Freq: 1.2950107959933648, Last Pulse: 16.073 - Next at: 17.368
2021-12-13 21:34:29.369 [INF] : 17.040: Power: 0.262, Freq: 1.300002170013324, Last Pulse: 16.073 - Next at: 17.373
2021-12-13 21:34:29.371 [INF] : 17.042: Power: 0.261, Freq: 1.3051225148178562, Last Pulse: 16.073 - Next at: 17.379
2021-12-13 21:34:29.373 [INF] : 17.044: Power: 0.260, Freq: 1.3099145221804254, Last Pulse: 16.073 - Next at: 17.383
2021-12-13 21:34:29.375 [INF] : 17.046: Power: 0.259, Freq: 1.3147138786619939, Last Pulse: 16.073 - Next at: 17.388
2021-12-13 21:34:29.377 [INF] : 17.048: Power: 0.258, Freq: 1.3196931311496582, Last Pulse: 16.073 - Next at: 17.393
2021-12-13 21:34:29.380 [INF] : 17.050: Power: 0.257, Freq: 1.32453976528332, Last Pulse: 16.073 - Next at: 17.398
2021-12-13 21:34:29.382 [INF] : 17.052: Power: 0.256, Freq: 1.329384100694804, Last Pulse: 16.073 - Next at: 17.403
2021-12-13 21:34:29.384 [INF] : 17.054: Power: 0.255, Freq: 1.335261356510232, Last Pulse: 16.073 - Next at: 17.409
2021-12-13 21:34:29.386 [INF] : 17.057: Power: 0.254, Freq: 1.340651550290692, Last Pulse: 16.073 - Next at: 17.414
2021-12-13 21:34:29.388 [INF] : 17.059: Power: 0.252, Freq: 1.3457791537275483, Last Pulse: 16.073 - Next at: 17.419
2021-12-13 21:34:29.391 [INF] : 17.061: Power: 0.251, Freq: 1.3509010339952872, Last Pulse: 16.073 - Next at: 17.424
2021-12-13 21:34:29.393 [INF] : 17.063: Power: 0.250, Freq: 1.3561517382386858, Last Pulse: 16.073 - Next at: 17.430
2021-12-13 21:34:29.395 [INF] : 17.066: Power: 0.249, Freq: 1.3613036573262693, Last Pulse: 16.073 - Next at: 17.435
2021-12-13 21:34:29.397 [INF] : 17.068: Power: 0.248, Freq: 1.3664687719727906, Last Pulse: 16.073 - Next at: 17.440
2021-12-13 21:34:29.399 [INF] : 17.070: Power: 0.247, Freq: 1.3717985080932829, Last Pulse: 16.073 - Next at: 17.445
2021-12-13 21:34:29.402 [INF] : 17.072: Power: 0.246, Freq: 1.377840598844074, Last Pulse: 16.073 - Next at: 17.451
2021-12-13 21:34:29.404 [INF] : 17.075: Power: 0.245, Freq: 1.3840234417640769, Last Pulse: 16.073 - Next at: 17.457
2021-12-13 21:34:29.406 [INF] : 17.077: Power: 0.243, Freq: 1.3895083392317373, Last Pulse: 16.073 - Next at: 17.463
2021-12-13 21:34:29.409 [INF] : 17.079: Power: 0.242, Freq: 1.3948231583819664, Last Pulse: 16.073 - Next at: 17.468
2021-12-13 21:34:29.411 [INF] : 17.081: Power: 0.241, Freq: 1.4000988529901477, Last Pulse: 16.073 - Next at: 17.473
2021-12-13 21:34:29.413 [INF] : 17.084: Power: 0.240, Freq: 1.405460958666316, Last Pulse: 16.073 - Next at: 17.479
2021-12-13 21:34:29.415 [INF] : 17.086: Power: 0.239, Freq: 1.411647452498222, Last Pulse: 16.073 - Next at: 17.485
2021-12-13 21:34:29.418 [INF] : 17.088: Power: 0.238, Freq: 1.417455427401739, Last Pulse: 16.073 - Next at: 17.491
2021-12-13 21:34:29.420 [INF] : 17.091: Power: 0.237, Freq: 1.423266459333111, Last Pulse: 16.073 - Next at: 17.497
2021-12-13 21:34:29.422 [INF] : 17.093: Power: 0.236, Freq: 1.428683790656747, Last Pulse: 16.073 - Next at: 17.502
2021-12-13 21:34:29.424 [INF] : 17.095: Power: 0.234, Freq: 1.4341034011596794, Last Pulse: 16.073 - Next at: 17.507
2021-12-13 21:34:29.427 [INF] : 17.097: Power: 0.233, Freq: 1.4395201628960363, Last Pulse: 16.073 - Next at: 17.513
2021-12-13 21:34:29.429 [INF] : 17.099: Power: 0.232, Freq: 1.444999637616009, Last Pulse: 16.073 - Next at: 17.518
2021-12-13 21:34:29.431 [INF] : 17.102: Power: 0.231, Freq: 1.4505123497125925, Last Pulse: 16.073 - Next at: 17.524
2021-12-13 21:34:29.433 [INF] : 17.104: Power: 0.230, Freq: 1.456014003752792, Last Pulse: 16.073 - Next at: 17.529
2021-12-13 21:34:29.435 [INF] : 17.106: Power: 0.229, Freq: 1.461468468457665, Last Pulse: 16.073 - Next at: 17.535
2021-12-13 21:34:29.437 [INF] : 17.108: Power: 0.228, Freq: 1.4669649280817934, Last Pulse: 16.073 - Next at: 17.540
2021-12-13 21:34:29.440 [INF] : 17.110: Power: 0.227, Freq: 1.4724562252962485, Last Pulse: 16.073 - Next at: 17.546
2021-12-13 21:34:29.442 [INF] : 17.112: Power: 0.226, Freq: 1.477956342432562, Last Pulse: 16.073 - Next at: 17.551
2021-12-13 21:34:29.444 [INF] : 17.114: Power: 0.225, Freq: 1.4837814067941393, Last Pulse: 16.073 - Next at: 17.557
2021-12-13 21:34:29.446 [INF] : 17.117: Power: 0.224, Freq: 1.4894761747206322, Last Pulse: 16.073 - Next at: 17.563
2021-12-13 21:34:29.448 [INF] : 17.119: Power: 0.223, Freq: 1.495021535445323, Last Pulse: 16.073 - Next at: 17.568
2021-12-13 21:34:29.450 [INF] : 17.121: Power: 0.221, Freq: 1.5007256215414415, Last Pulse: 16.073 - Next at: 17.574
2021-12-13 21:34:29.453 [INF] : 17.123: Power: 0.220, Freq: 1.5067893116816278, Last Pulse: 16.073 - Next at: 17.580
2021-12-13 21:34:29.455 [INF] : 17.126: Power: 0.219, Freq: 1.513453654175694, Last Pulse: 16.073 - Next at: 17.587
2021-12-13 21:34:29.458 [INF] : 17.128: Power: 0.218, Freq: 1.5191816389088353, Last Pulse: 16.073 - Next at: 17.593
2021-12-13 21:34:29.460 [INF] : 17.130: Power: 0.217, Freq: 1.5249064476107776, Last Pulse: 16.073 - Next at: 17.598
2021-12-13 21:34:29.462 [INF] : 17.133: Power: 0.216, Freq: 1.5306150217825938, Last Pulse: 16.073 - Next at: 17.604
2021-12-13 21:34:29.464 [INF] : 17.135: Power: 0.215, Freq: 1.5362896659493868, Last Pulse: 16.073 - Next at: 17.610
2021-12-13 21:34:29.466 [INF] : 17.137: Power: 0.214, Freq: 1.5419665817048234, Last Pulse: 16.073 - Next at: 17.615
2021-12-13 21:34:29.468 [INF] : 17.139: Power: 0.212, Freq: 1.5476693427499437, Last Pulse: 16.073 - Next at: 17.621
2021-12-13 21:34:29.471 [INF] : 17.141: Power: 0.211, Freq: 1.5534015204724936, Last Pulse: 16.073 - Next at: 17.627
2021-12-13 21:34:29.473 [INF] : 17.143: Power: 0.210, Freq: 1.559130905373611, Last Pulse: 16.073 - Next at: 17.633
2021-12-13 21:34:29.475 [INF] : 17.145: Power: 0.209, Freq: 1.5649619022743781, Last Pulse: 16.073 - Next at: 17.638
2021-12-13 21:34:29.477 [INF] : 17.148: Power: 0.208, Freq: 1.571092006793158, Last Pulse: 16.073 - Next at: 17.644
2021-12-13 21:34:29.479 [INF] : 17.150: Power: 0.207, Freq: 1.5768791095859067, Last Pulse: 16.073 - Next at: 17.650
2021-12-13 21:34:29.481 [INF] : 17.152: Power: 0.206, Freq: 1.5827583914941354, Last Pulse: 16.073 - Next at: 17.656
2021-12-13 21:34:29.484 [INF] : 17.154: Power: 0.205, Freq: 1.588536721263623, Last Pulse: 16.073 - Next at: 17.662
2021-12-13 21:34:29.486 [INF] : 17.156: Power: 0.204, Freq: 1.5944468732781112, Last Pulse: 16.073 - Next at: 17.668
2021-12-13 21:34:29.488 [INF] : 17.159: Power: 0.203, Freq: 1.6006446133430468, Last Pulse: 16.073 - Next at: 17.674
2021-12-13 21:34:29.490 [INF] : 17.161: Power: 0.202, Freq: 1.6064782795528272, Last Pulse: 16.073 - Next at: 17.680
2021-12-13 21:34:29.492 [INF] : 17.163: Power: 0.200, Freq: 1.6123870214340015, Last Pulse: 16.073 - Next at: 17.686
2021-12-13 21:34:29.494 [INF] : 17.165: Power: 0.199, Freq: 1.618274633117122, Last Pulse: 16.073 - Next at: 17.692
2021-12-13 21:34:29.497 [INF] : 17.167: Power: 0.198, Freq: 1.6245499406016939, Last Pulse: 16.073 - Next at: 17.698
2021-12-13 21:34:29.499 [INF] : 17.170: Power: 0.197, Freq: 1.6304618432825115, Last Pulse: 16.073 - Next at: 17.704
2021-12-13 21:34:29.501 [INF] : 17.172: Power: 0.196, Freq: 1.6366280261975195, Last Pulse: 16.073 - Next at: 17.710
2021-12-13 21:34:29.504 [INF] : 17.174: Power: 0.195, Freq: 1.6434297427715219, Last Pulse: 16.073 - Next at: 17.717
2021-12-13 21:34:29.506 [INF] : 17.176: Power: 0.194, Freq: 1.649993826945291, Last Pulse: 16.073 - Next at: 17.723
2021-12-13 21:34:29.508 [INF] : 17.179: Power: 0.193, Freq: 1.6560346910693833, Last Pulse: 16.073 - Next at: 17.729
2021-12-13 21:34:29.510 [INF] : 17.181: Power: 0.192, Freq: 1.662033477150663, Last Pulse: 16.073 - Next at: 17.735
2021-12-13 21:34:29.512 [INF] : 17.183: Power: 0.190, Freq: 1.6680287890285683, Last Pulse: 16.073 - Next at: 17.741
2021-12-13 21:34:29.515 [INF] : 17.185: Power: 0.189, Freq: 1.6740266905377532, Last Pulse: 16.073 - Next at: 17.747
2021-12-13 21:34:29.517 [INF] : 17.187: Power: 0.188, Freq: 1.6801194393298176, Last Pulse: 16.073 - Next at: 17.754
2021-12-13 21:34:29.519 [INF] : 17.189: Power: 0.187, Freq: 1.6862037713514209, Last Pulse: 16.073 - Next at: 17.760
2021-12-13 21:34:29.521 [INF] : 17.192: Power: 0.186, Freq: 1.6928470759757894, Last Pulse: 16.073 - Next at: 17.766
2021-12-13 21:34:29.523 [INF] : 17.194: Power: 0.185, Freq: 1.6992369916462453, Last Pulse: 16.073 - Next at: 17.773
2021-12-13 21:34:29.526 [INF] : 17.196: Power: 0.184, Freq: 1.7056579459388346, Last Pulse: 16.073 - Next at: 17.779
2021-12-13 21:34:29.528 [INF] : 17.198: Power: 0.183, Freq: 1.7118692938024824, Last Pulse: 16.073 - Next at: 17.785
2021-12-13 21:34:29.530 [INF] : 17.201: Power: 0.182, Freq: 1.7180001329617112, Last Pulse: 16.073 - Next at: 17.791
2021-12-13 21:34:29.532 [INF] : 17.203: Power: 0.181, Freq: 1.7241297277421586, Last Pulse: 16.073 - Next at: 17.798
2021-12-13 21:34:29.534 [INF] : 17.205: Power: 0.180, Freq: 1.730007821683097, Last Pulse: 16.073 - Next at: 17.803
2021-12-13 21:34:29.536 [INF] : 17.207: Power: 0.179, Freq: 1.7363497267918535, Last Pulse: 16.073 - Next at: 17.810
2021-12-13 21:34:29.539 [INF] : 17.209: Power: 0.177, Freq: 1.7440588252805576, Last Pulse: 16.073 - Next at: 17.817
2021-12-13 21:34:29.541 [INF] : 17.212: Power: 0.176, Freq: 1.7508948423069068, Last Pulse: 16.073 - Next at: 17.824
2021-12-13 21:34:29.544 [INF] : 17.214: Power: 0.175, Freq: 1.7575571669769197, Last Pulse: 16.073 - Next at: 17.831
2021-12-13 21:34:29.548 [INF] : 17.216: Power: 0.174, Freq: 1.769644865328238, Last Pulse: 16.073 - Next at: 17.843
2021-12-13 21:34:29.550 [INF] : 17.221: Power: 0.172, Freq: 1.7767570433925561, Last Pulse: 16.073 - Next at: 17.850
2021-12-13 21:34:29.552 [INF] : 17.223: Power: 0.170, Freq: 1.7833354326299196, Last Pulse: 16.073 - Next at: 17.857
2021-12-13 21:34:29.555 [INF] : 17.225: Power: 0.169, Freq: 1.790228482725659, Last Pulse: 16.073 - Next at: 17.864
2021-12-13 21:34:29.557 [INF] : 17.228: Power: 0.168, Freq: 1.7969092534932485, Last Pulse: 16.073 - Next at: 17.870
2021-12-13 21:34:29.559 [INF] : 17.230: Power: 0.167, Freq: 1.8033580472273758, Last Pulse: 16.073 - Next at: 17.877
2021-12-13 21:34:29.561 [INF] : 17.232: Power: 0.166, Freq: 1.8097917530351226, Last Pulse: 16.073 - Next at: 17.883
2021-12-13 21:34:29.564 [INF] : 17.234: Power: 0.165, Freq: 1.8162361494629993, Last Pulse: 16.073 - Next at: 17.890
2021-12-13 21:34:29.566 [INF] : 17.236: Power: 0.164, Freq: 1.8227061955235686, Last Pulse: 16.073 - Next at: 17.896
2021-12-13 21:34:29.568 [INF] : 17.238: Power: 0.163, Freq: 1.8291728387480377, Last Pulse: 16.073 - Next at: 17.903
2021-12-13 21:34:29.570 [INF] : 17.241: Power: 0.162, Freq: 1.8357862580336257, Last Pulse: 16.073 - Next at: 17.909
2021-12-13 21:34:29.572 [INF] : 17.243: Power: 0.161, Freq: 1.8423880248494413, Last Pulse: 16.073 - Next at: 17.916
2021-12-13 21:34:29.574 [INF] : 17.245: Power: 0.159, Freq: 1.8489249447286784, Last Pulse: 16.073 - Next at: 17.922
2021-12-13 21:34:29.577 [INF] : 17.247: Power: 0.158, Freq: 1.8554801936153469, Last Pulse: 16.073 - Next at: 17.929
2021-12-13 21:34:29.579 [INF] : 17.249: Power: 0.157, Freq: 1.8620595875947155, Last Pulse: 16.073 - Next at: 17.935
2021-12-13 21:34:29.581 [INF] : 17.251: Power: 0.156, Freq: 1.8686415396265637, Last Pulse: 16.073 - Next at: 17.942
2021-12-13 21:34:29.583 [INF] : 17.254: Power: 0.155, Freq: 1.8752455400861503, Last Pulse: 16.073 - Next at: 17.949
2021-12-13 21:34:29.585 [INF] : 17.256: Power: 0.154, Freq: 1.882621338362029, Last Pulse: 16.073 - Next at: 17.956
2021-12-13 21:34:29.588 [INF] : 17.258: Power: 0.153, Freq: 1.889903373017677, Last Pulse: 16.073 - Next at: 17.963
2021-12-13 21:34:29.590 [INF] : 17.261: Power: 0.152, Freq: 1.896705119395779, Last Pulse: 16.073 - Next at: 17.970
2021-12-13 21:34:29.592 [INF] : 17.263: Power: 0.151, Freq: 1.9033538670822001, Last Pulse: 16.073 - Next at: 17.977
2021-12-13 21:34:29.594 [INF] : 17.265: Power: 0.149, Freq: 1.9098870918453732, Last Pulse: 16.073 - Next at: 17.983
2021-12-13 21:34:29.596 [INF] : 17.267: Power: 0.148, Freq: 1.9164464702211086, Last Pulse: 16.073 - Next at: 17.990
2021-12-13 21:34:29.599 [INF] : 17.269: Power: 0.147, Freq: 1.9231673091592798, Last Pulse: 16.073 - Next at: 17.997
2021-12-13 21:34:29.601 [INF] : 17.271: Power: 0.146, Freq: 1.9315589388396843, Last Pulse: 16.073 - Next at: 18.005
2021-12-13 21:34:29.604 [INF] : 17.274: Power: 0.145, Freq: 1.9395271331478616, Last Pulse: 16.073 - Next at: 18.013
2021-12-13 21:34:29.606 [INF] : 17.277: Power: 0.144, Freq: 1.9464270316168104, Last Pulse: 16.073 - Next at: 18.020
2021-12-13 21:34:29.608 [INF] : 17.279: Power: 0.143, Freq: 1.953249804929828, Last Pulse: 16.073 - Next at: 18.027
2021-12-13 21:34:29.610 [INF] : 17.281: Power: 0.142, Freq: 1.9600462420273068, Last Pulse: 16.073 - Next at: 18.033
2021-12-13 21:34:29.612 [INF] : 17.283: Power: 0.140, Freq: 1.966886967374324, Last Pulse: 16.073 - Next at: 18.040
2021-12-13 21:34:29.615 [INF] : 17.285: Power: 0.139, Freq: 1.9734262001968423, Last Pulse: 16.073 - Next at: 18.047
2021-12-13 21:34:29.617 [INF] : 17.287: Power: 0.138, Freq: 1.9799674230057935, Last Pulse: 16.073 - Next at: 18.053
2021-12-13 21:34:29.619 [INF] : 17.289: Power: 0.137, Freq: 1.9871242553648218, Last Pulse: 16.073 - Next at: 18.061
2021-12-13 21:34:29.621 [INF] : 17.292: Power: 0.136, Freq: 1.994156440470503, Last Pulse: 16.073 - Next at: 18.068
2021-12-13 21:34:29.623 [INF] : 17.294: Power: 0.135, Freq: 2.000767634877647, Last Pulse: 16.073 - Next at: 18.074
2021-12-13 21:34:29.625 [INF] : 17.296: Power: 0.134, Freq: 2.007357977497137, Last Pulse: 16.073 - Next at: 18.081
2021-12-13 21:34:29.627 [INF] : 17.298: Power: 0.133, Freq: 2.013998411958168, Last Pulse: 16.073 - Next at: 18.087
2021-12-13 21:34:29.629 [INF] : 17.300: Power: 0.132, Freq: 2.020634959515537, Last Pulse: 16.073 - Next at: 18.094
2021-12-13 21:34:29.631 [INF] : 17.302: Power: 0.131, Freq: 2.0272914481421536, Last Pulse: 16.073 - Next at: 18.101
2021-12-13 21:34:29.634 [INF] : 17.304: Power: 0.130, Freq: 2.035545951922428, Last Pulse: 16.073 - Next at: 18.109
2021-12-13 21:34:29.636 [INF] : 17.307: Power: 0.129, Freq: 2.04254815080469, Last Pulse: 16.073 - Next at: 18.116
2021-12-13 21:34:29.638 [INF] : 17.309: Power: 0.128, Freq: 2.0494792667069097, Last Pulse: 16.073 - Next at: 18.123
2021-12-13 21:34:29.640 [INF] : 17.311: Power: 0.126, Freq: 2.0562124675657527, Last Pulse: 16.073 - Next at: 18.130
2021-12-13 21:34:29.642 [INF] : 17.313: Power: 0.125, Freq: 2.0629533682518035, Last Pulse: 16.073 - Next at: 18.136
2021-12-13 21:34:29.644 [INF] : 17.315: Power: 0.124, Freq: 2.0697196684395607, Last Pulse: 16.073 - Next at: 18.143
2021-12-13 21:34:29.646 [INF] : 17.317: Power: 0.123, Freq: 2.0765078320857375, Last Pulse: 16.073 - Next at: 18.150
2021-12-13 21:34:29.648 [INF] : 17.319: Power: 0.122, Freq: 2.083366767062718, Last Pulse: 16.073 - Next at: 18.157
2021-12-13 21:34:29.651 [INF] : 17.321: Power: 0.121, Freq: 2.0929693117526025, Last Pulse: 16.073 - Next at: 18.166
2021-12-13 21:34:29.654 [INF] : 17.324: Power: 0.120, Freq: 2.1017428980949804, Last Pulse: 16.073 - Next at: 18.175
2021-12-13 21:34:29.656 [INF] : 17.327: Power: 0.119, Freq: 2.1091190376908764, Last Pulse: 16.073 - Next at: 18.183
2021-12-13 21:34:29.659 [INF] : 17.329: Power: 0.117, Freq: 2.1166208942918736, Last Pulse: 16.073 - Next at: 18.190
2021-12-13 21:34:29.661 [INF] : 17.331: Power: 0.116, Freq: 2.1238751521281323, Last Pulse: 16.073 - Next at: 18.197
2021-12-13 21:34:29.663 [INF] : 17.333: Power: 0.115, Freq: 2.1310784571291457, Last Pulse: 16.073 - Next at: 18.204
2021-12-13 21:34:29.665 [INF] : 17.336: Power: 0.114, Freq: 2.1384620269713954, Last Pulse: 16.073 - Next at: 18.212
2021-12-13 21:34:29.667 [INF] : 17.338: Power: 0.113, Freq: 2.145738174274922, Last Pulse: 16.073 - Next at: 18.219
2021-12-13 21:34:29.669 [INF] : 17.340: Power: 0.112, Freq: 2.1529651396784257, Last Pulse: 16.073 - Next at: 18.226
2021-12-13 21:34:29.671 [INF] : 17.342: Power: 0.111, Freq: 2.1599348248959678, Last Pulse: 16.073 - Next at: 18.233
2021-12-13 21:34:29.673 [INF] : 17.344: Power: 0.110, Freq: 2.166895537138391, Last Pulse: 16.073 - Next at: 18.240
2021-12-13 21:34:29.675 [INF] : 17.346: Power: 0.109, Freq: 2.1738610725241347, Last Pulse: 16.073 - Next at: 18.247
2021-12-13 21:34:29.678 [INF] : 17.348: Power: 0.108, Freq: 2.1809558590732463, Last Pulse: 16.073 - Next at: 18.254
2021-12-13 21:34:29.680 [INF] : 17.350: Power: 0.107, Freq: 2.1881878870842213, Last Pulse: 16.073 - Next at: 18.262
2021-12-13 21:34:29.682 [INF] : 17.353: Power: 0.106, Freq: 2.1954541974664963, Last Pulse: 16.073 - Next at: 18.269
2021-12-13 21:34:29.684 [INF] : 17.355: Power: 0.105, Freq: 2.202517580828937, Last Pulse: 16.073 - Next at: 18.276
2021-12-13 21:34:29.686 [INF] : 17.357: Power: 0.104, Freq: 2.2095572717779133, Last Pulse: 16.073 - Next at: 18.283
2021-12-13 21:34:29.688 [INF] : 17.359: Power: 0.103, Freq: 2.2172200388801038, Last Pulse: 16.073 - Next at: 18.291
2021-12-13 21:34:29.690 [INF] : 17.361: Power: 0.102, Freq: 2.2243008979849463, Last Pulse: 16.073 - Next at: 18.298
2021-12-13 21:34:29.692 [INF] : 17.363: Power: 0.100, Freq: 2.231407962121618, Last Pulse: 16.073 - Next at: 18.305
2021-12-13 21:34:29.694 [INF] : 17.365: Power: 0.099, Freq: 2.2385166471930718, Last Pulse: 16.073 - Next at: 18.312
2021-12-13 21:34:29.697 [INF] : 17.367: Power: 0.098, Freq: 2.2463335905253006, Last Pulse: 16.073 - Next at: 18.320
2021-12-13 21:34:29.699 [INF] : 17.369: Power: 0.097, Freq: 2.2535331098268787, Last Pulse: 16.073 - Next at: 18.327
2021-12-13 21:34:29.701 [INF] : 17.371: Power: 0.096, Freq: 2.2616912806706346, Last Pulse: 16.073 - Next at: 18.335
2021-12-13 21:34:29.703 [INF] : 17.374: Power: 0.095, Freq: 2.270417345383785, Last Pulse: 16.073 - Next at: 18.344
2021-12-13 21:34:29.706 [INF] : 17.376: Power: 0.094, Freq: 2.2783343980188513, Last Pulse: 16.073 - Next at: 18.352
2021-12-13 21:34:29.708 [INF] : 17.378: Power: 0.093, Freq: 2.28566374083427, Last Pulse: 16.073 - Next at: 18.359
2021-12-13 21:34:29.710 [INF] : 17.381: Power: 0.092, Freq: 2.2929155080410473, Last Pulse: 16.073 - Next at: 18.366
2021-12-13 21:34:29.712 [INF] : 17.383: Power: 0.091, Freq: 2.3007048724793577, Last Pulse: 16.073 - Next at: 18.374
2021-12-13 21:34:29.714 [INF] : 17.385: Power: 0.090, Freq: 2.3079892087001785, Last Pulse: 16.073 - Next at: 18.381
2021-12-13 21:34:29.716 [INF] : 17.387: Power: 0.089, Freq: 2.3152778720555673, Last Pulse: 16.073 - Next at: 18.389
2021-12-13 21:34:29.718 [INF] : 17.389: Power: 0.088, Freq: 2.3225715129256588, Last Pulse: 16.073 - Next at: 18.396
2021-12-13 21:34:29.720 [INF] : 17.391: Power: 0.086, Freq: 2.3300549271962776, Last Pulse: 16.073 - Next at: 18.403
2021-12-13 21:34:29.722 [INF] : 17.393: Power: 0.085, Freq: 2.337561240270325, Last Pulse: 16.073 - Next at: 18.411
2021-12-13 21:34:29.724 [INF] : 17.395: Power: 0.084, Freq: 2.3449195345639535, Last Pulse: 16.073 - Next at: 18.418
2021-12-13 21:34:29.726 [INF] : 17.397: Power: 0.083, Freq: 2.352285311377304, Last Pulse: 16.073 - Next at: 18.426
2021-12-13 21:34:29.729 [INF] : 17.399: Power: 0.082, Freq: 2.360453447872126, Last Pulse: 16.073 - Next at: 18.434
2021-12-13 21:34:29.731 [INF] : 17.401: Power: 0.081, Freq: 2.367892979194817, Last Pulse: 16.073 - Next at: 18.441
2021-12-13 21:34:29.733 [INF] : 17.404: Power: 0.080, Freq: 2.3753100347105756, Last Pulse: 16.073 - Next at: 18.449
2021-12-13 21:34:29.735 [INF] : 17.406: Power: 0.079, Freq: 2.382766859132495, Last Pulse: 16.073 - Next at: 18.456
2021-12-13 21:34:29.737 [INF] : 17.408: Power: 0.078, Freq: 2.390460982702179, Last Pulse: 16.073 - Next at: 18.464
2021-12-13 21:34:29.739 [INF] : 17.410: Power: 0.077, Freq: 2.3979450272604805, Last Pulse: 16.073 - Next at: 18.471
2021-12-13 21:34:29.741 [INF] : 17.412: Power: 0.076, Freq: 2.4054486458458584, Last Pulse: 16.073 - Next at: 18.479
2021-12-13 21:34:29.743 [INF] : 17.414: Power: 0.075, Freq: 2.4133425007187483, Last Pulse: 16.073 - Next at: 18.487
2021-12-13 21:34:29.745 [INF] : 17.416: Power: 0.074, Freq: 2.4212536502326474, Last Pulse: 16.073 - Next at: 18.495
2021-12-13 21:34:29.747 [INF] : 17.418: Power: 0.073, Freq: 2.4288090200815518, Last Pulse: 16.073 - Next at: 18.502
2021-12-13 21:34:29.750 [INF] : 17.420: Power: 0.072, Freq: 2.436350122896294, Last Pulse: 16.073 - Next at: 18.510
2021-12-13 21:34:29.752 [INF] : 17.422: Power: 0.071, Freq: 2.4448197808344254, Last Pulse: 16.073 - Next at: 18.518
2021-12-13 21:34:29.754 [INF] : 17.425: Power: 0.070, Freq: 2.4542659393347472, Last Pulse: 16.073 - Next at: 18.528
2021-12-13 21:34:29.757 [INF] : 17.427: Power: 0.068, Freq: 2.4625919377731993, Last Pulse: 16.073 - Next at: 18.536
2021-12-13 21:34:29.759 [INF] : 17.429: Power: 0.067, Freq: 2.4708839119736163, Last Pulse: 16.073 - Next at: 18.544
2021-12-13 21:34:29.761 [INF] : 17.432: Power: 0.066, Freq: 2.4785795248700127, Last Pulse: 16.073 - Next at: 18.552
2021-12-13 21:34:29.763 [INF] : 17.434: Power: 0.065, Freq: 2.486408960036562, Last Pulse: 16.073 - Next at: 18.560
2021-12-13 21:34:29.765 [INF] : 17.436: Power: 0.064, Freq: 2.494069407470443, Last Pulse: 16.073 - Next at: 18.567
2021-12-13 21:34:29.767 [INF] : 17.438: Power: 0.063, Freq: 2.5018481286326186, Last Pulse: 16.073 - Next at: 18.575
2021-12-13 21:34:29.769 [INF] : 17.440: Power: 0.062, Freq: 2.5095724221517237, Last Pulse: 16.073 - Next at: 18.583
2021-12-13 21:34:29.771 [INF] : 17.442: Power: 0.061, Freq: 2.5180378399737275, Last Pulse: 16.073 - Next at: 18.591
2021-12-13 21:34:29.773 [INF] : 17.444: Power: 0.060, Freq: 2.5257808611652637, Last Pulse: 16.073 - Next at: 18.599
2021-12-13 21:34:29.777 [INF] : 17.446: Power: 0.059, Freq: 2.5403794155158135, Last Pulse: 16.073 - Next at: 18.614
2021-12-13 21:34:29.781 [INF] : 17.450: Power: 0.057, Freq: 2.5537040368004633, Last Pulse: 16.073 - Next at: 18.627
2021-12-13 21:34:29.784 [INF] : 17.454: Power: 0.055, Freq: 2.566971219072374, Last Pulse: 16.073 - Next at: 18.640
2021-12-13 21:34:29.788 [INF] : 17.457: Power: 0.053, Freq: 2.5802702156789983, Last Pulse: 16.073 - Next at: 18.654
2021-12-13 21:34:29.791 [INF] : 17.461: Power: 0.052, Freq: 2.591401602631797, Last Pulse: 16.073 - Next at: 18.665
2021-12-13 21:34:29.793 [INF] : 17.463: Power: 0.050, Freq: 2.599849321730636, Last Pulse: 16.073 - Next at: 18.673
2021-12-13 21:34:29.795 [INF] : 17.466: Power: 0.049, Freq: 2.608200294921843, Last Pulse: 16.073 - Next at: 18.682
2021-12-13 21:34:29.797 [INF] : 17.468: Power: 0.048, Freq: 2.616630790438295, Last Pulse: 16.073 - Next at: 18.690
2021-12-13 21:34:29.799 [INF] : 17.470: Power: 0.047, Freq: 2.6250248933641007, Last Pulse: 16.073 - Next at: 18.698
2021-12-13 21:34:29.801 [INF] : 17.472: Power: 0.046, Freq: 2.6334547889436455, Last Pulse: 16.073 - Next at: 18.707
2021-12-13 21:34:29.804 [INF] : 17.474: Power: 0.045, Freq: 2.642268527280101, Last Pulse: 16.073 - Next at: 18.716
2021-12-13 21:34:29.806 [INF] : 17.476: Power: 0.044, Freq: 2.6515114310895544, Last Pulse: 16.073 - Next at: 18.725
2021-12-13 21:34:29.808 [INF] : 17.479: Power: 0.043, Freq: 2.660081849538778, Last Pulse: 16.073 - Next at: 18.733
2021-12-13 21:34:29.810 [INF] : 17.481: Power: 0.041, Freq: 2.668529701780926, Last Pulse: 16.073 - Next at: 18.742
2021-12-13 21:34:29.813 [INF] : 17.483: Power: 0.040, Freq: 2.6769964873404506, Last Pulse: 16.073 - Next at: 18.750
2021-12-13 21:34:29.815 [INF] : 17.485: Power: 0.039, Freq: 2.685497649577707, Last Pulse: 16.073 - Next at: 18.759
2021-12-13 21:34:29.817 [INF] : 17.487: Power: 0.038, Freq: 2.6939853578909707, Last Pulse: 16.073 - Next at: 18.767
2021-12-13 21:34:29.819 [INF] : 17.490: Power: 0.037, Freq: 2.702511847476536, Last Pulse: 16.073 - Next at: 18.776
2021-12-13 21:34:29.821 [INF] : 17.492: Power: 0.036, Freq: 2.7113026013476014, Last Pulse: 16.073 - Next at: 18.785
2021-12-13 21:34:29.824 [INF] : 17.494: Power: 0.035, Freq: 2.7205149625467206, Last Pulse: 16.073 - Next at: 18.794
2021-12-13 21:34:29.826 [INF] : 17.496: Power: 0.034, Freq: 2.729243383697428, Last Pulse: 16.073 - Next at: 18.803
2021-12-13 21:34:29.828 [INF] : 17.498: Power: 0.033, Freq: 2.737995950977918, Last Pulse: 16.073 - Next at: 18.811
2021-12-13 21:34:29.830 [INF] : 17.501: Power: 0.032, Freq: 2.7466714676337416, Last Pulse: 16.073 - Next at: 18.820
2021-12-13 21:34:29.832 [INF] : 17.503: Power: 0.031, Freq: 2.755340982492422, Last Pulse: 16.073 - Next at: 18.829
2021-12-13 21:34:29.834 [INF] : 17.505: Power: 0.029, Freq: 2.764036229572705, Last Pulse: 16.073 - Next at: 18.837
2021-12-13 21:34:29.837 [INF] : 17.507: Power: 0.028, Freq: 2.7727548465325884, Last Pulse: 16.073 - Next at: 18.846
2021-12-13 21:34:29.839 [INF] : 17.509: Power: 0.027, Freq: 2.781889290249222, Last Pulse: 16.073 - Next at: 18.855
2021-12-13 21:34:29.841 [INF] : 17.512: Power: 0.026, Freq: 2.790743018681253, Last Pulse: 16.073 - Next at: 18.864
2021-12-13 21:34:29.843 [INF] : 17.514: Power: 0.025, Freq: 2.799497674736938, Last Pulse: 16.073 - Next at: 18.873
2021-12-13 21:34:29.845 [INF] : 17.516: Power: 0.024, Freq: 2.8082585991874867, Last Pulse: 16.073 - Next at: 18.882
2021-12-13 21:34:29.847 [INF] : 17.518: Power: 0.023, Freq: 2.8170707174827703, Last Pulse: 16.073 - Next at: 18.890
2021-12-13 21:34:29.850 [INF] : 17.520: Power: 0.022, Freq: 2.8275156010931273, Last Pulse: 16.073 - Next at: 18.901
2021-12-13 21:34:29.852 [INF] : 17.523: Power: 0.021, Freq: 2.837303637911748, Last Pulse: 16.073 - Next at: 18.911
2021-12-13 21:34:29.855 [INF] : 17.525: Power: 0.019, Freq: 2.8464286352076043, Last Pulse: 16.073 - Next at: 18.920
2021-12-13 21:34:29.857 [INF] : 17.527: Power: 0.018, Freq: 2.8554821827658343, Last Pulse: 16.073 - Next at: 18.929
2021-12-13 21:34:29.859 [INF] : 17.530: Power: 0.017, Freq: 2.8643904381503433, Last Pulse: 16.073 - Next at: 18.938
2021-12-13 21:34:29.861 [INF] : 17.532: Power: 0.016, Freq: 2.8732966605052273, Last Pulse: 16.073 - Next at: 18.947
2021-12-13 21:34:29.863 [INF] : 17.534: Power: 0.015, Freq: 2.882200729931818, Last Pulse: 16.073 - Next at: 18.956
2021-12-13 21:34:29.865 [INF] : 17.536: Power: 0.014, Freq: 2.8911433476586974, Last Pulse: 16.073 - Next at: 18.965
2021-12-13 21:34:29.868 [INF] : 17.538: Power: 0.013, Freq: 2.9002544899838387, Last Pulse: 16.073 - Next at: 18.974
2021-12-13 21:34:29.870 [INF] : 17.540: Power: 0.012, Freq: 2.909466967768874, Last Pulse: 16.073 - Next at: 18.983
2021-12-13 21:34:29.873 [INF] : 17.543: Power: 0.011, Freq: 2.9224559614252703, Last Pulse: 16.073 - Next at: 18.996
2021-12-13 21:34:29.876 [INF] : 17.546: Power: 0.009, Freq: 2.937189882778763, Last Pulse: 16.073 - Next at: 19.011
2021-12-13 21:34:29.880 [INF] : 17.549: Power: 0.007, Freq: 2.9518562952422633, Last Pulse: 16.073 - Next at: 19.025
2021-12-13 21:34:29.883 [INF] : 17.553: Power: 0.006, Freq: 2.96658764106354, Last Pulse: 16.073 - Next at: 19.040
2021-12-13 21:34:29.886 [INF] : 17.556: Power: 0.004, Freq: 2.97953005950261, Last Pulse: 16.073 - Next at: 19.053
2021-12-13 21:34:29.889 [INF] : 17.559: Power: 0.002, Freq: 2.9888555253751075, Last Pulse: 16.073 - Next at: 19.062
2021-12-13 21:34:29.891 [INF] : 17.561: Power: 0.001, Freq: 2.998056172093485, Last Pulse: 16.073 - Next at: 19.071
2021-12-13 21:34:29.893 [INF] : 17.563: Power: 0.000, Freq: 3, Last Pulse: 16.073 - Next at: 19.073
2021-12-13 21:34:31.404 [INF] : 19.074: Power: 0.000, Freq: 3, Last Pulse: 19.074 - Next at: 22.074
2021-12-13 21:34:31.404 [INF] : 19.074: Pulse!!!!!!!!
2021-12-13 21:34:34.405 [INF] : 22.075: Power: 0.000, Freq: 3, Last Pulse: 22.075 - Next at: 25.075
2021-12-13 21:34:34.405 [INF] : 22.075: Pulse!!!!!!!!
2021-12-13 21:34:37.407 [INF] : 25.076: Power: 0.000, Freq: 3, Last Pulse: 25.076 - Next at: 28.076
2021-12-13 21:34:37.407 [INF] : 25.076: Pulse!!!!!!!!
2021-12-13 21:34:40.407 [INF] : 28.077: Power: 0.000, Freq: 3, Last Pulse: 28.077 - Next at: 31.077
2021-12-13 21:34:40.407 [INF] : 28.077: Pulse!!!!!!!!
2021-12-13 21:34:43.409 [INF] : 31.079: Power: 0.000, Freq: 3, Last Pulse: 31.079 - Next at: 34.079
2021-12-13 21:34:43.409 [INF] : 31.079: Pulse!!!!!!!!
2021-12-13 21:34:46.410 [INF] : 34.079: Power: 0.000, Freq: 3, Last Pulse: 34.079 - Next at: 37.079
2021-12-13 21:34:46.410 [INF] : 34.079: Pulse!!!!!!!!
2021-12-13 21:34:49.411 [INF] : 37.081: Power: 0.000, Freq: 3, Last Pulse: 37.081 - Next at: 40.081
2021-12-13 21:34:49.411 [INF] : 37.081: Pulse!!!!!!!!
2021-12-13 21:34:52.414 [INF] : 40.083: Power: 0.000, Freq: 3, Last Pulse: 40.083 - Next at: 43.083
2021-12-13 21:34:52.414 [INF] : 40.083: Pulse!!!!!!!!
2021-12-13 21:34:55.415 [INF] : 43.084: Power: 0.000, Freq: 3, Last Pulse: 43.084 - Next at: 46.084
2021-12-13 21:34:55.415 [INF] : 43.084: Pulse!!!!!!!!
2021-12-13 21:34:58.416 [INF] : 46.084: Power: 0.000, Freq: 3, Last Pulse: 46.084 - Next at: 49.084
2021-12-13 21:34:58.416 [INF] : 46.084: Pulse!!!!!!!!
2021-12-13 21:35:01.416 [INF] : 49.085: Power: 0.000, Freq: 3, Last Pulse: 49.085 - Next at: 52.085
2021-12-13 21:35:01.416 [INF] : 49.085: Pulse!!!!!!!!
2021-12-13 21:35:04.418 [INF] : 52.086: Power: 0.000, Freq: 3, Last Pulse: 52.086 - Next at: 55.086
2021-12-13 21:35:04.418 [INF] : 52.086: Pulse!!!!!!!!
2021-12-13 21:35:07.419 [INF] : 55.087: Power: 0.000, Freq: 3, Last Pulse: 55.087 - Next at: 58.087
2021-12-13 21:35:07.419 [INF] : 55.087: Pulse!!!!!!!!
2021-12-13 21:35:10.420 [INF] : 58.088: Power: 0.000, Freq: 3, Last Pulse: 58.088 - Next at: 61.088
2021-12-13 21:35:10.420 [INF] : 58.088: Pulse!!!!!!!!
2021-12-13 21:35:13.421 [INF] : 61.089: Power: 0.000, Freq: 3, Last Pulse: 61.089 - Next at: 64.089
2021-12-13 21:35:13.421 [INF] : 61.089: Pulse!!!!!!!!
2021-12-13 21:35:24.123 [INF] Server: Pi Engine Room Controller Starting
2021-12-13 21:35:24.171 [INF] : NeoPixelHardwareRPI: Creating an RPI NeoPixel protocol on GPIO pin Gpio18 for 976 pixels.
2021-12-13 21:35:24.172 [INF] : WarpCore: Finished creating CoreStripProtocol
2021-12-13 21:35:24.172 [INF] : WarpCore: Finished creating CoreStrip
2021-12-13 21:35:24.174 [INF] : FastNoiseLite: Start Sampling Noise
2021-12-13 21:35:24.174 [INF] : FastNoiseLite: Noise Sampling produced a noise range of [1.000, -1.000] (R: -2.000) in 0.000 seconds
2021-12-13 21:35:24.276 [INF] : AnimationService starting.
2021-12-13 21:35:24.277 [INF] : RenderWorker is starting
2021-12-13 21:35:24.294 [INF] : 0.111: Pulse!!!!!!!!
2021-12-13 21:35:24.377 [INF] Microsoft.Hosting.Lifetime: Now listening on: http://[::]:4000
2021-12-13 21:35:24.378 [INF] Microsoft.Hosting.Lifetime: Application started. Press Ctrl+C to shut down.
2021-12-13 21:35:24.378 [INF] Microsoft.Hosting.Lifetime: Hosting environment: Development
2021-12-13 21:35:24.378 [INF] Microsoft.Hosting.Lifetime: Content root path: C:\Users\david\source\repos\space-sim\pi-engine-room\Server\
2021-12-13 21:35:27.281 [INF] : 3.112: Pulse!!!!!!!!
2021-12-13 21:35:30.281 [INF] : 6.112: Pulse!!!!!!!!
2021-12-13 21:35:33.283 [INF] : 9.114: Pulse!!!!!!!!
2021-12-13 21:35:36.285 [INF] : 12.115: Pulse!!!!!!!!
2021-12-13 21:35:39.288 [INF] : 15.118: Pulse!!!!!!!!
2021-12-13 21:35:42.289 [INF] : 18.119: Pulse!!!!!!!!
2021-12-13 21:35:45.290 [INF] : 21.120: Pulse!!!!!!!!
2021-12-13 21:35:47.946 [INF] : Setting simulation BrightnessScale to 1.500
2021-12-13 21:35:48.292 [INF] : 24.122: Pulse!!!!!!!!
2021-12-13 21:35:51.294 [INF] : 27.124: Pulse!!!!!!!!
2021-12-13 21:35:54.296 [INF] : 30.125: Pulse!!!!!!!!
2021-12-13 21:35:56.806 [INF] : Setting simulation BrightnessScale to 1.400
2021-12-13 21:35:57.297 [INF] : 33.126: Pulse!!!!!!!!
2021-12-13 21:36:25.376 [INF] Server: Pi Engine Room Controller Starting
2021-12-13 21:36:25.424 [INF] : NeoPixelHardwareRPI: Creating an RPI NeoPixel protocol on GPIO pin Gpio18 for 976 pixels.
2021-12-13 21:36:25.425 [INF] : WarpCore: Finished creating CoreStripProtocol
2021-12-13 21:36:25.425 [INF] : WarpCore: Finished creating CoreStrip
2021-12-13 21:36:25.427 [INF] : FastNoiseLite: Start Sampling Noise
2021-12-13 21:36:25.427 [INF] : FastNoiseLite: Noise Sampling produced a noise range of [1.000, -1.000] (R: -2.000) in 0.000 seconds
2021-12-13 21:36:25.531 [INF] : AnimationService starting.
2021-12-13 21:36:25.532 [INF] : RenderWorker is starting
2021-12-13 21:36:25.551 [INF] : 0.114: Pulse!!!!!!!!
2021-12-13 21:36:25.623 [INF] Microsoft.Hosting.Lifetime: Now listening on: http://[::]:4000
2021-12-13 21:36:25.623 [INF] Microsoft.Hosting.Lifetime: Application started. Press Ctrl+C to shut down.
2021-12-13 21:36:25.623 [INF] Microsoft.Hosting.Lifetime: Hosting environment: Development
2021-12-13 21:36:25.623 [INF] Microsoft.Hosting.Lifetime: Content root path: C:\Users\david\source\repos\space-sim\pi-engine-room\Server\
2021-12-13 21:36:28.537 [INF] : 3.115: Pulse!!!!!!!!
2021-12-13 21:36:31.537 [INF] : 6.115: Pulse!!!!!!!!
2021-12-13 21:36:34.537 [INF] : 9.115: Pulse!!!!!!!!
2021-12-13 21:36:37.540 [INF] : 12.117: Pulse!!!!!!!!
2021-12-13 21:36:40.542 [INF] : 15.119: Pulse!!!!!!!!
2021-12-13 21:36:43.544 [INF] : 18.121: Pulse!!!!!!!!
2021-12-13 21:36:49.201 [INF] Server: Pi Engine Room Controller Starting
2021-12-13 21:36:49.254 [INF] : NeoPixelHardwareRPI: Creating an RPI NeoPixel protocol on GPIO pin Gpio18 for 976 pixels.
2021-12-13 21:36:49.255 [INF] : WarpCore: Finished creating CoreStripProtocol
2021-12-13 21:36:49.255 [INF] : WarpCore: Finished creating CoreStrip
2021-12-13 21:36:49.257 [INF] : FastNoiseLite: Start Sampling Noise
2021-12-13 21:36:49.257 [INF] : FastNoiseLite: Noise Sampling produced a noise range of [1.000, -1.000] (R: -2.000) in 0.000 seconds
2021-12-13 21:36:49.365 [INF] : AnimationService starting.
2021-12-13 21:36:49.366 [INF] : RenderWorker is starting
2021-12-13 21:36:49.384 [INF] : 0.118: Pulse!!!!!!!!
2021-12-13 21:36:49.472 [INF] Microsoft.Hosting.Lifetime: Now listening on: http://[::]:4000
2021-12-13 21:36:49.472 [INF] Microsoft.Hosting.Lifetime: Application started. Press Ctrl+C to shut down.
2021-12-13 21:36:49.472 [INF] Microsoft.Hosting.Lifetime: Hosting environment: Development
2021-12-13 21:36:49.472 [INF] Microsoft.Hosting.Lifetime: Content root path: C:\Users\david\source\repos\space-sim\pi-engine-room\Server\
2021-12-13 21:36:52.387 [INF] : 3.129: Pulse!!!!!!!!
2021-12-13 21:36:55.382 [INF] : 6.131: Pulse!!!!!!!!
2021-12-13 21:36:58.383 [INF] : 9.132: Pulse!!!!!!!!
2021-12-13 21:37:01.384 [INF] : 12.133: Pulse!!!!!!!!
2021-12-13 21:37:02.838 [INF] : Setting simulation Power Level to 0.300
2021-12-13 21:37:03.559 [INF] : 14.308: Pulse!!!!!!!!
2021-12-13 21:37:04.748 [INF] : 15.496: Pulse!!!!!!!!
2021-12-13 21:37:05.876 [INF] : 16.624: Pulse!!!!!!!!
2021-12-13 21:37:07.004 [INF] : 17.752: Pulse!!!!!!!!
2021-12-13 21:37:07.857 [INF] : Setting simulation Power Level to 0.100
2021-12-13 21:37:08.357 [INF] : 19.105: Pulse!!!!!!!!
2021-12-13 21:37:10.585 [INF] : 21.333: Pulse!!!!!!!!
2021-12-13 21:37:12.814 [INF] : 23.562: Pulse!!!!!!!!
2021-12-13 21:37:13.865 [INF] : Setting simulation Power Level to 0.500
2021-12-13 21:37:14.394 [INF] : 25.142: Pulse!!!!!!!!
2021-12-13 21:37:15.241 [INF] : 25.988: Pulse!!!!!!!!
2021-12-13 21:37:15.784 [INF] : 26.532: Pulse!!!!!!!!
2021-12-13 21:37:16.292 [INF] : 27.040: Pulse!!!!!!!!
2021-12-13 21:37:16.798 [INF] : 27.546: Pulse!!!!!!!!
2021-12-13 21:37:17.306 [INF] : 28.053: Pulse!!!!!!!!
2021-12-13 21:37:17.813 [INF] : 28.561: Pulse!!!!!!!!
2021-12-13 21:37:18.320 [INF] : 29.068: Pulse!!!!!!!!
2021-12-13 21:37:18.828 [INF] : 29.576: Pulse!!!!!!!!
2021-12-13 21:37:19.337 [INF] : 30.084: Pulse!!!!!!!!
2021-12-13 21:37:19.844 [INF] : 30.592: Pulse!!!!!!!!
2021-12-13 21:37:19.929 [INF] : Setting simulation Power Level to 0.700
2021-12-13 21:37:20.281 [INF] : 31.028: Pulse!!!!!!!!
2021-12-13 21:37:20.654 [INF] : 31.401: Pulse!!!!!!!!
2021-12-13 21:37:20.981 [INF] : 31.728: Pulse!!!!!!!!
2021-12-13 21:37:21.272 [INF] : 32.019: Pulse!!!!!!!!
2021-12-13 21:37:21.534 [INF] : 32.281: Pulse!!!!!!!!
2021-12-13 21:37:21.775 [INF] : 32.522: Pulse!!!!!!!!
2021-12-13 21:37:22.002 [INF] : 32.749: Pulse!!!!!!!!
2021-12-13 21:37:22.229 [INF] : 32.976: Pulse!!!!!!!!
2021-12-13 21:37:22.457 [INF] : 33.204: Pulse!!!!!!!!
2021-12-13 21:37:22.684 [INF] : 33.431: Pulse!!!!!!!!
2021-12-13 21:37:22.912 [INF] : 33.659: Pulse!!!!!!!!
2021-12-13 21:37:23.139 [INF] : 33.887: Pulse!!!!!!!!
2021-12-13 21:37:23.369 [INF] : 34.116: Pulse!!!!!!!!
2021-12-13 21:37:23.596 [INF] : 34.343: Pulse!!!!!!!!
2021-12-13 21:37:23.824 [INF] : Setting simulation Power Level to 0.900
2021-12-13 21:37:23.824 [INF] : 34.571: Pulse!!!!!!!!
2021-12-13 21:37:24.040 [INF] : 34.786: Pulse!!!!!!!!
2021-12-13 21:37:24.239 [INF] : 34.986: Pulse!!!!!!!!
2021-12-13 21:37:24.429 [INF] : 35.176: Pulse!!!!!!!!
2021-12-13 21:37:24.612 [INF] : 35.359: Pulse!!!!!!!!
2021-12-13 21:37:24.787 [INF] : 35.534: Pulse!!!!!!!!
2021-12-13 21:37:24.957 [INF] : 35.704: Pulse!!!!!!!!
2021-12-13 21:37:25.122 [INF] : 35.869: Pulse!!!!!!!!
2021-12-13 21:37:25.283 [INF] : 36.030: Pulse!!!!!!!!
2021-12-13 21:37:25.441 [INF] : 36.188: Pulse!!!!!!!!
2021-12-13 21:37:25.597 [INF] : 36.344: Pulse!!!!!!!!
2021-12-13 21:37:25.751 [INF] : 36.498: Pulse!!!!!!!!
2021-12-13 21:37:25.907 [INF] : 36.653: Pulse!!!!!!!!
2021-12-13 21:37:26.061 [INF] : 36.808: Pulse!!!!!!!!
2021-12-13 21:37:26.215 [INF] : 36.962: Pulse!!!!!!!!
2021-12-13 21:37:26.370 [INF] : 37.117: Pulse!!!!!!!!
2021-12-13 21:37:26.524 [INF] : 37.271: Pulse!!!!!!!!
2021-12-13 21:37:26.679 [INF] : 37.426: Pulse!!!!!!!!
2021-12-13 21:37:26.833 [INF] : 37.579: Pulse!!!!!!!!
2021-12-13 21:37:26.987 [INF] : 37.734: Pulse!!!!!!!!
2021-12-13 21:37:27.141 [INF] : 37.888: Pulse!!!!!!!!
2021-12-13 21:37:27.296 [INF] : 38.042: Pulse!!!!!!!!
2021-12-13 21:37:27.394 [INF] : Setting simulation Power Level to 1.000
2021-12-13 21:37:27.450 [INF] : 38.196: Pulse!!!!!!!!
2021-12-13 21:37:27.603 [INF] : 38.350: Pulse!!!!!!!!
2021-12-13 21:37:27.755 [INF] : 38.502: Pulse!!!!!!!!
2021-12-13 21:37:27.908 [INF] : 38.655: Pulse!!!!!!!!
2021-12-13 21:37:28.060 [INF] : 38.807: Pulse!!!!!!!!
2021-12-13 21:37:28.211 [INF] : 38.957: Pulse!!!!!!!!
2021-12-13 21:37:28.363 [INF] : 39.109: Pulse!!!!!!!!
2021-12-13 21:37:28.514 [INF] : 39.261: Pulse!!!!!!!!
2021-12-13 21:37:28.665 [INF] : 39.412: Pulse!!!!!!!!
2021-12-13 21:37:28.817 [INF] : 39.563: Pulse!!!!!!!!
2021-12-13 21:37:28.967 [INF] : 39.714: Pulse!!!!!!!!
2021-12-13 21:37:29.119 [INF] : 39.866: Pulse!!!!!!!!
2021-12-13 21:37:29.270 [INF] : 40.016: Pulse!!!!!!!!
2021-12-13 21:37:29.420 [INF] : 40.166: Pulse!!!!!!!!
2021-12-13 21:37:29.570 [INF] : 40.317: Pulse!!!!!!!!
2021-12-13 21:37:29.721 [INF] : 40.468: Pulse!!!!!!!!
2021-12-13 21:37:29.873 [INF] : 40.620: Pulse!!!!!!!!
2021-12-13 21:37:30.025 [INF] : 40.772: Pulse!!!!!!!!
2021-12-13 21:37:30.177 [INF] : 40.924: Pulse!!!!!!!!
2021-12-13 21:37:30.328 [INF] : 41.074: Pulse!!!!!!!!
2021-12-13 21:37:30.479 [INF] : 41.225: Pulse!!!!!!!!
2021-12-13 21:37:30.630 [INF] : 41.377: Pulse!!!!!!!!
2021-12-13 21:37:30.781 [INF] : 41.527: Pulse!!!!!!!!
2021-12-13 21:37:30.932 [INF] : 41.679: Pulse!!!!!!!!
2021-12-13 21:37:31.083 [INF] : 41.830: Pulse!!!!!!!!
2021-12-13 21:37:31.235 [INF] : 41.982: Pulse!!!!!!!!
2021-12-13 21:37:31.386 [INF] : 42.133: Pulse!!!!!!!!
2021-12-13 21:37:31.537 [INF] : 42.283: Pulse!!!!!!!!
2021-12-13 21:37:31.688 [INF] : 42.435: Pulse!!!!!!!!
2021-12-13 21:37:31.838 [INF] : 42.585: Pulse!!!!!!!!
2021-12-13 21:37:31.989 [INF] : 42.736: Pulse!!!!!!!!
2021-12-13 21:37:32.141 [INF] : 42.887: Pulse!!!!!!!!
2021-12-13 21:37:32.291 [INF] : 43.038: Pulse!!!!!!!!
2021-12-13 21:37:32.442 [INF] : 43.189: Pulse!!!!!!!!
2021-12-13 21:37:32.594 [INF] : 43.341: Pulse!!!!!!!!
2021-12-13 21:37:32.746 [INF] : 43.492: Pulse!!!!!!!!
2021-12-13 21:37:32.896 [INF] : 43.643: Pulse!!!!!!!!
2021-12-13 21:37:33.047 [INF] : 43.793: Pulse!!!!!!!!
2021-12-13 21:37:33.197 [INF] : 43.944: Pulse!!!!!!!!
2021-12-13 21:37:33.348 [INF] : 44.095: Pulse!!!!!!!!
2021-12-13 21:37:33.500 [INF] : 44.246: Pulse!!!!!!!!
2021-12-13 21:37:33.651 [INF] : 44.397: Pulse!!!!!!!!
2021-12-13 21:37:33.705 [INF] : Setting simulation Power Level to 0.000
2021-12-13 21:37:33.803 [INF] : 44.550: Pulse!!!!!!!!
2021-12-13 21:37:33.960 [INF] : 44.706: Pulse!!!!!!!!
2021-12-13 21:37:34.141 [INF] : 44.887: Pulse!!!!!!!!
2021-12-13 21:37:34.422 [INF] : 45.168: Pulse!!!!!!!!
2021-12-13 21:37:35.512 [INF] : Setting simulation Power Level to 0.700
2021-12-13 21:37:35.923 [INF] : 46.670: Pulse!!!!!!!!
2021-12-13 21:37:36.609 [INF] : 47.355: Pulse!!!!!!!!
2021-12-13 21:37:37.019 [INF] : 47.765: Pulse!!!!!!!!
2021-12-13 21:37:37.307 [INF] : 48.053: Pulse!!!!!!!!
2021-12-13 21:37:37.536 [INF] : 48.282: Pulse!!!!!!!!
2021-12-13 21:37:37.763 [INF] : 48.509: Pulse!!!!!!!!
2021-12-13 21:37:37.990 [INF] : 48.736: Pulse!!!!!!!!
2021-12-13 21:37:38.219 [INF] : 48.965: Pulse!!!!!!!!
2021-12-13 21:37:38.447 [INF] : 49.193: Pulse!!!!!!!!
2021-12-13 21:37:38.674 [INF] : 49.420: Pulse!!!!!!!!
2021-12-13 21:37:38.903 [INF] : 49.648: Pulse!!!!!!!!
2021-12-13 21:37:39.131 [INF] : 49.877: Pulse!!!!!!!!
2021-12-13 21:37:39.359 [INF] : 50.106: Pulse!!!!!!!!
2021-12-13 21:37:39.587 [INF] : 50.333: Pulse!!!!!!!!
2021-12-13 21:37:39.814 [INF] : 50.560: Pulse!!!!!!!!
2021-12-13 21:37:40.042 [INF] : 50.788: Pulse!!!!!!!!
2021-12-13 21:37:40.270 [INF] : 51.016: Pulse!!!!!!!!
2021-12-13 21:37:40.498 [INF] : 51.244: Pulse!!!!!!!!
2021-12-13 21:37:40.725 [INF] : 51.470: Pulse!!!!!!!!
2021-12-13 21:37:40.952 [INF] : 51.698: Pulse!!!!!!!!
2021-12-13 21:37:41.179 [INF] : 51.925: Pulse!!!!!!!!
2021-12-13 21:37:41.407 [INF] : 52.153: Pulse!!!!!!!!
2021-12-13 21:37:41.636 [INF] : 52.382: Pulse!!!!!!!!
2021-12-13 21:37:41.864 [INF] : 52.610: Pulse!!!!!!!!
2021-12-13 21:37:42.093 [INF] : 52.839: Pulse!!!!!!!!
2021-12-13 21:37:42.322 [INF] : 53.068: Pulse!!!!!!!!
2021-12-13 21:37:42.551 [INF] : 53.296: Pulse!!!!!!!!
2021-12-13 21:37:42.778 [INF] : 53.524: Pulse!!!!!!!!
2021-12-13 21:37:43.006 [INF] : 53.752: Pulse!!!!!!!!
2021-12-13 21:37:43.233 [INF] : 53.979: Pulse!!!!!!!!
2021-12-13 21:37:43.461 [INF] : 54.206: Pulse!!!!!!!!
2021-12-13 21:37:43.689 [INF] : 54.435: Pulse!!!!!!!!
2021-12-13 21:37:43.917 [INF] : 54.662: Pulse!!!!!!!!
2021-12-13 21:37:44.144 [INF] : 54.890: Pulse!!!!!!!!
2021-12-13 21:37:44.371 [INF] : 55.117: Pulse!!!!!!!!
2021-12-13 21:37:44.600 [INF] : 55.345: Pulse!!!!!!!!
2021-12-13 21:37:44.828 [INF] : 55.573: Pulse!!!!!!!!
2021-12-13 21:37:45.056 [INF] : 55.801: Pulse!!!!!!!!
2021-12-13 21:37:45.285 [INF] : 56.030: Pulse!!!!!!!!
2021-12-13 21:37:45.482 [INF] : Setting simulation TimeScale to 0.250
2021-12-13 21:37:45.602 [INF] : 56.258: Pulse!!!!!!!!
2021-12-13 21:37:46.511 [INF] : 56.485: Pulse!!!!!!!!
2021-12-13 21:37:47.420 [INF] : 56.712: Pulse!!!!!!!!
2021-12-13 21:37:48.001 [INF] : Setting simulation Power Level to 0.500
2021-12-13 21:37:48.519 [INF] : 56.987: Pulse!!!!!!!!
2021-12-13 21:37:50.544 [INF] : 57.493: Pulse!!!!!!!!
2021-12-13 21:37:52.024 [INF] : Setting simulation Power Level to 0.700
2021-12-13 21:37:52.329 [INF] : 57.939: Pulse!!!!!!!!
2021-12-13 21:37:53.451 [INF] : 58.220: Pulse!!!!!!!!
2021-12-13 21:37:54.360 [INF] : 58.447: Pulse!!!!!!!!
2021-12-13 21:37:55.269 [INF] : 58.674: Pulse!!!!!!!!
2021-12-13 21:37:55.800 [INF] : Setting simulation Power Level to 0.800
2021-12-13 21:37:56.130 [INF] : 58.889: Pulse!!!!!!!!
2021-12-13 21:37:56.898 [INF] : 59.081: Pulse!!!!!!!!
2021-12-13 21:37:57.604 [INF] : 59.258: Pulse!!!!!!!!
2021-12-13 21:37:58.296 [INF] : 59.431: Pulse!!!!!!!!
2021-12-13 21:37:58.880 [INF] : Setting simulation Power Level to 0.900
2021-12-13 21:37:58.982 [INF] : 59.602: Pulse!!!!!!!!
2021-12-13 21:37:59.633 [INF] : 59.765: Pulse!!!!!!!!
2021-12-13 21:38:00.258 [INF] : 59.921: Pulse!!!!!!!!
2021-12-13 21:38:00.871 [INF] : 60.075: Pulse!!!!!!!!
2021-12-13 21:38:01.483 [INF] : 60.228: Pulse!!!!!!!!
2021-12-13 21:38:02.096 [INF] : 60.381: Pulse!!!!!!!!
2021-12-13 21:38:02.709 [INF] : 60.534: Pulse!!!!!!!!
2021-12-13 21:38:03.321 [INF] : 60.687: Pulse!!!!!!!!
2021-12-13 21:38:03.934 [INF] : 60.840: Pulse!!!!!!!!
2021-12-13 21:38:04.488 [INF] : Setting simulation Power Level to 1.000
2021-12-13 21:38:04.549 [INF] : 60.994: Pulse!!!!!!!!
2021-12-13 21:38:05.151 [INF] : 61.145: Pulse!!!!!!!!
2021-12-13 21:38:05.752 [INF] : 61.295: Pulse!!!!!!!!
2021-12-13 21:38:06.353 [INF] : 61.445: Pulse!!!!!!!!
2021-12-13 21:38:06.954 [INF] : 61.595: Pulse!!!!!!!!
2021-12-13 21:38:07.555 [INF] : 61.745: Pulse!!!!!!!!
2021-12-13 21:38:08.155 [INF] : 61.895: Pulse!!!!!!!!
2021-12-13 21:38:08.756 [INF] : 62.046: Pulse!!!!!!!!
2021-12-13 21:38:09.358 [INF] : 62.196: Pulse!!!!!!!!
2021-12-13 21:38:09.959 [INF] : 62.346: Pulse!!!!!!!!
2021-12-13 21:38:10.559 [INF] : 62.496: Pulse!!!!!!!!
2021-12-13 21:38:11.160 [INF] : 62.647: Pulse!!!!!!!!
2021-12-13 21:38:11.760 [INF] : 62.797: Pulse!!!!!!!!
2021-12-13 21:38:12.360 [INF] : 62.947: Pulse!!!!!!!!
2021-12-13 21:38:12.553 [INF] : Setting simulation Power Level to 0.000
2021-12-13 21:38:16.232 [INF] : Setting simulation Power Level to 1.000
2021-12-13 21:38:16.837 [INF] : 64.066: Pulse!!!!!!!!
2021-12-13 21:38:17.680 [INF] : 64.277: Pulse!!!!!!!!
2021-12-13 21:38:18.281 [INF] : 64.427: Pulse!!!!!!!!
2021-12-13 21:38:18.883 [INF] : 64.577: Pulse!!!!!!!!
2021-12-13 21:38:19.485 [INF] : 64.728: Pulse!!!!!!!!
2021-12-13 21:38:20.085 [INF] : 64.878: Pulse!!!!!!!!
2021-12-13 21:38:20.687 [INF] : 65.028: Pulse!!!!!!!!
2021-12-13 21:38:21.287 [INF] : 65.178: Pulse!!!!!!!!
2021-12-13 21:38:21.761 [INF] : Setting simulation Power Level to 0.800
2021-12-13 21:38:21.888 [INF] : 65.328: Pulse!!!!!!!!
2021-12-13 21:38:22.494 [INF] : 65.480: Pulse!!!!!!!!
2021-12-13 21:38:23.123 [INF] : 65.637: Pulse!!!!!!!!
2021-12-13 21:38:23.816 [INF] : 65.810: Pulse!!!!!!!!
2021-12-13 21:38:24.507 [INF] : 65.983: Pulse!!!!!!!!
2021-12-13 21:38:25.199 [INF] : 66.156: Pulse!!!!!!!!
2021-12-13 21:38:25.890 [INF] : 66.329: Pulse!!!!!!!!
2021-12-13 21:38:26.584 [INF] : 66.502: Pulse!!!!!!!!
2021-12-13 21:38:27.276 [INF] : 66.675: Pulse!!!!!!!!
2021-12-13 21:38:27.970 [INF] : 66.849: Pulse!!!!!!!!
2021-12-13 21:38:28.661 [INF] : 67.022: Pulse!!!!!!!!
2021-12-13 21:38:29.353 [INF] : 67.194: Pulse!!!!!!!!
2021-12-13 21:38:30.045 [INF] : 67.368: Pulse!!!!!!!!
2021-12-13 21:38:30.728 [INF] : Setting simulation Power Level to 1.000
2021-12-13 21:38:30.736 [INF] : 67.540: Pulse!!!!!!!!
2021-12-13 21:38:31.367 [INF] : 67.698: Pulse!!!!!!!!
2021-12-13 21:38:31.973 [INF] : 67.849: Pulse!!!!!!!!
2021-12-13 21:38:32.575 [INF] : 68.000: Pulse!!!!!!!!
2021-12-13 21:38:33.176 [INF] : 68.150: Pulse!!!!!!!!
2021-12-13 21:38:33.778 [INF] : 68.301: Pulse!!!!!!!!
2021-12-13 21:38:34.379 [INF] : 68.451: Pulse!!!!!!!!
2021-12-13 21:38:34.980 [INF] : 68.601: Pulse!!!!!!!!
2021-12-13 21:38:35.580 [INF] : 68.751: Pulse!!!!!!!!
2021-12-13 21:38:36.181 [INF] : 68.902: Pulse!!!!!!!!
2021-12-13 21:38:36.782 [INF] : 69.052: Pulse!!!!!!!!
2021-12-13 21:38:37.384 [INF] : 69.202: Pulse!!!!!!!!
2021-12-13 21:38:37.984 [INF] : 69.352: Pulse!!!!!!!!
2021-12-13 21:38:38.586 [INF] : 69.503: Pulse!!!!!!!!
2021-12-13 21:38:39.188 [INF] : 69.653: Pulse!!!!!!!!
2021-12-13 21:38:39.789 [INF] : 69.803: Pulse!!!!!!!!
2021-12-13 21:38:40.389 [INF] : 69.953: Pulse!!!!!!!!
2021-12-13 21:38:40.991 [INF] : 70.104: Pulse!!!!!!!!
2021-12-13 21:38:41.592 [INF] : 70.254: Pulse!!!!!!!!
2021-12-13 21:38:42.195 [INF] : 70.404: Pulse!!!!!!!!
2021-12-13 21:38:42.794 [INF] : 70.555: Pulse!!!!!!!!
2021-12-13 21:38:43.396 [INF] : 70.705: Pulse!!!!!!!!
2021-12-13 21:38:43.998 [INF] : 70.856: Pulse!!!!!!!!
2021-12-13 21:38:44.600 [INF] : 71.006: Pulse!!!!!!!!
2021-12-13 21:38:45.202 [INF] : 71.156: Pulse!!!!!!!!
2021-12-13 21:38:45.803 [INF] : 71.307: Pulse!!!!!!!!
2021-12-13 21:38:46.404 [INF] : 71.457: Pulse!!!!!!!!
2021-12-13 21:38:47.005 [INF] : 71.607: Pulse!!!!!!!!
2021-12-13 21:38:47.607 [INF] : 71.758: Pulse!!!!!!!!
2021-12-13 21:38:48.208 [INF] : 71.908: Pulse!!!!!!!!
2021-12-13 21:38:48.816 [INF] : 72.059: Pulse!!!!!!!!
2021-12-13 21:38:49.415 [INF] : 72.210: Pulse!!!!!!!!
2021-12-13 21:38:50.017 [INF] : 72.360: Pulse!!!!!!!!
2021-12-13 21:38:50.617 [INF] : 72.510: Pulse!!!!!!!!
2021-12-13 21:38:51.220 [INF] : 72.661: Pulse!!!!!!!!
2021-12-13 21:38:51.824 [INF] : 72.811: Pulse!!!!!!!!
2021-12-13 21:38:52.423 [INF] : 72.962: Pulse!!!!!!!!
2021-12-13 21:38:53.025 [INF] : 73.112: Pulse!!!!!!!!
2021-12-13 21:38:53.625 [INF] : 73.262: Pulse!!!!!!!!
2021-12-13 21:38:54.227 [INF] : 73.412: Pulse!!!!!!!!
2021-12-13 21:38:54.828 [INF] : 73.562: Pulse!!!!!!!!
2021-12-13 21:38:55.428 [INF] : 73.713: Pulse!!!!!!!!
2021-12-13 21:38:56.029 [INF] : 73.863: Pulse!!!!!!!!
2021-12-13 21:38:56.631 [INF] : 74.013: Pulse!!!!!!!!
2021-12-13 21:38:57.234 [INF] : 74.164: Pulse!!!!!!!!
2021-12-13 21:38:57.833 [INF] : 74.314: Pulse!!!!!!!!
2021-12-13 21:38:58.434 [INF] : 74.464: Pulse!!!!!!!!
2021-12-13 21:38:59.036 [INF] : 74.615: Pulse!!!!!!!!
2021-12-13 21:38:59.637 [INF] : 74.765: Pulse!!!!!!!!
2021-12-13 21:39:00.238 [INF] : 74.915: Pulse!!!!!!!!
2021-12-13 21:39:00.840 [INF] : 75.066: Pulse!!!!!!!!
2021-12-13 21:39:01.442 [INF] : 75.216: Pulse!!!!!!!!
2021-12-13 21:39:02.045 [INF] : 75.367: Pulse!!!!!!!!
2021-12-13 21:39:02.647 [INF] : 75.517: Pulse!!!!!!!!
2021-12-13 21:39:03.251 [INF] : 75.668: Pulse!!!!!!!!
2021-12-13 21:39:03.851 [INF] : 75.818: Pulse!!!!!!!!
2021-12-13 21:39:04.452 [INF] : 75.969: Pulse!!!!!!!!
2021-12-13 21:39:05.053 [INF] : 76.119: Pulse!!!!!!!!
2021-12-13 21:39:05.655 [INF] : 76.269: Pulse!!!!!!!!
2021-12-13 21:39:06.256 [INF] : 76.420: Pulse!!!!!!!!
2021-12-13 21:39:06.857 [INF] : 76.570: Pulse!!!!!!!!
2021-12-13 21:39:07.458 [INF] : 76.720: Pulse!!!!!!!!
2021-12-13 21:39:08.059 [INF] : 76.870: Pulse!!!!!!!!
2021-12-13 21:39:08.661 [INF] : 77.021: Pulse!!!!!!!!
2021-12-13 21:39:09.262 [INF] : 77.171: Pulse!!!!!!!!
2021-12-13 21:39:09.864 [INF] : 77.321: Pulse!!!!!!!!
2021-12-13 21:39:10.465 [INF] : 77.471: Pulse!!!!!!!!
2021-12-13 21:39:11.066 [INF] : 77.622: Pulse!!!!!!!!
2021-12-13 21:39:11.667 [INF] : 77.772: Pulse!!!!!!!!
2021-12-13 21:39:12.270 [INF] : 77.923: Pulse!!!!!!!!
2021-12-13 21:39:12.872 [INF] : 78.073: Pulse!!!!!!!!
2021-12-13 21:39:13.474 [INF] : 78.224: Pulse!!!!!!!!
2021-12-13 21:39:14.074 [INF] : 78.374: Pulse!!!!!!!!
2021-12-13 21:39:14.674 [INF] : 78.524: Pulse!!!!!!!!
2021-12-13 21:39:15.274 [INF] : 78.674: Pulse!!!!!!!!
2021-12-13 21:39:15.875 [INF] : 78.824: Pulse!!!!!!!!
2021-12-13 21:39:16.477 [INF] : 78.975: Pulse!!!!!!!!
2021-12-13 21:39:17.079 [INF] : 79.125: Pulse!!!!!!!!
2021-12-13 21:39:17.681 [INF] : 79.276: Pulse!!!!!!!!
2021-12-13 21:39:18.282 [INF] : 79.426: Pulse!!!!!!!!
2021-12-13 21:39:18.883 [INF] : 79.576: Pulse!!!!!!!!
2021-12-13 21:39:19.483 [INF] : 79.726: Pulse!!!!!!!!
2021-12-13 21:39:20.084 [INF] : 79.876: Pulse!!!!!!!!
2021-12-13 21:39:20.687 [INF] : 80.027: Pulse!!!!!!!!
2021-12-13 21:39:21.286 [INF] : 80.177: Pulse!!!!!!!!
2021-12-13 21:39:21.888 [INF] : 80.327: Pulse!!!!!!!!
2021-12-13 21:39:22.490 [INF] : 80.478: Pulse!!!!!!!!
2021-12-13 21:39:23.091 [INF] : 80.628: Pulse!!!!!!!!
2021-12-13 21:39:23.693 [INF] : 80.778: Pulse!!!!!!!!
2021-12-13 21:39:24.293 [INF] : 80.928: Pulse!!!!!!!!
2021-12-13 21:39:24.894 [INF] : 81.079: Pulse!!!!!!!!
2021-12-13 21:39:25.494 [INF] : 81.229: Pulse!!!!!!!!
2021-12-13 21:39:26.097 [INF] : 81.379: Pulse!!!!!!!!
2021-12-13 21:39:26.699 [INF] : 81.530: Pulse!!!!!!!!
2021-12-13 21:39:27.298 [INF] : 81.680: Pulse!!!!!!!!
2021-12-13 21:39:27.900 [INF] : 81.830: Pulse!!!!!!!!
2021-12-13 21:39:28.502 [INF] : 81.981: Pulse!!!!!!!!
2021-12-13 21:39:29.104 [INF] : 82.131: Pulse!!!!!!!!
2021-12-13 21:39:29.704 [INF] : 82.281: Pulse!!!!!!!!
2021-12-13 21:39:30.306 [INF] : 82.432: Pulse!!!!!!!!
2021-12-13 21:39:30.908 [INF] : 82.582: Pulse!!!!!!!!
2021-12-13 21:39:31.509 [INF] : 82.732: Pulse!!!!!!!!
2021-12-13 21:39:32.112 [INF] : 82.883: Pulse!!!!!!!!
2021-12-13 23:01:57.556 [INF] Server: Pi Engine Room Controller Starting
2021-12-13 23:01:57.650 [INF] : NeoPixelHardwareRPI: Creating an RPI NeoPixel protocol on GPIO pin Gpio18 for 976 pixels.
2021-12-13 23:01:57.651 [INF] : WarpCore: Finished creating CoreStripProtocol
2021-12-13 23:01:57.651 [INF] : WarpCore: Finished creating CoreStrip
2021-12-13 23:01:57.653 [INF] : FastNoiseLite: Start Sampling Noise
2021-12-13 23:01:57.654 [INF] : FastNoiseLite: Noise Sampling produced a noise range of [1.000, -1.000] (R: -2.000) in 0.000 seconds
2021-12-13 23:01:57.757 [INF] : AnimationService starting.
2021-12-13 23:01:57.757 [INF] : RenderWorker is starting
2021-12-13 23:01:57.793 [INF] : 0.113: Pulse!!!!!!!!
2021-12-13 23:01:57.872 [INF] Microsoft.Hosting.Lifetime: Now listening on: http://[::]:4000
2021-12-13 23:01:57.873 [INF] Microsoft.Hosting.Lifetime: Application started. Press Ctrl+C to shut down.
2021-12-13 23:01:57.873 [INF] Microsoft.Hosting.Lifetime: Hosting environment: Development
2021-12-13 23:01:57.873 [INF] Microsoft.Hosting.Lifetime: Content root path: C:\Users\david\source\repos\space-sim\pi-engine-room\Server\
2021-12-13 23:02:00.766 [INF] : 3.114: Pulse!!!!!!!!
2021-12-13 23:02:03.765 [INF] : 6.114: Pulse!!!!!!!!
2021-12-13 23:02:06.768 [INF] : 9.116: Pulse!!!!!!!!
2021-12-13 23:02:56.824 [INF] Server: Pi Engine Room Controller Starting
2021-12-13 23:02:56.875 [INF] : NeoPixelHardwareRPI: Creating an RPI NeoPixel protocol on GPIO pin Gpio18 for 976 pixels.
2021-12-13 23:02:56.876 [INF] : WarpCore: Finished creating CoreStripProtocol
2021-12-13 23:02:56.876 [INF] : WarpCore: Finished creating CoreStrip
2021-12-13 23:02:56.878 [INF] : FastNoiseLite: Start Sampling Noise
2021-12-13 23:02:56.879 [INF] : FastNoiseLite: Noise Sampling produced a noise range of [1.000, -1.000] (R: -2.000) in 0.000 seconds
2021-12-13 23:02:56.976 [INF] : AnimationService starting.
2021-12-13 23:02:56.976 [INF] : RenderWorker is starting
2021-12-13 23:02:56.998 [INF] : WarpCoreChaser(0.11): Chaser count: 1, Chaser Pos: (7.45, 7.90) -  Chaser Vel: (0.45, -10.10) -  Chaser Exp: 6.23
2021-12-13 23:02:57.101 [INF] Microsoft.Hosting.Lifetime: Now listening on: http://[::]:4000
2021-12-13 23:02:57.101 [INF] Microsoft.Hosting.Lifetime: Application started. Press Ctrl+C to shut down.
2021-12-13 23:02:57.101 [INF] Microsoft.Hosting.Lifetime: Hosting environment: Development
2021-12-13 23:02:57.101 [INF] Microsoft.Hosting.Lifetime: Content root path: C:\Users\david\source\repos\space-sim\pi-engine-room\Server\
2021-12-13 23:06:43.775 [INF] : WarpCoreChaser(62.91): Chaser count: 1, Chaser Pos: (4.81, 1.68) -  Chaser Vel: (-1.19, -5.32) -  Chaser Exp: 64.83
2021-12-13 23:09:07.387 [INF] : WarpCoreChaser(243.13): Chaser count: 2, Chaser Pos: (3.62, 118.36) -  Chaser Vel: (-1.19, -5.32) -  Chaser Exp: 64.83
2021-12-13 23:10:12.815 [INF] : WarpCoreChaser(432.11): Chaser count: 3, Chaser Pos: (2.43, 113.05) -  Chaser Vel: (-1.19, -5.32) -  Chaser Exp: 64.83
2021-12-13 23:10:12.820 [INF] : WarpCoreChaser(435.94): Chaser count: 2, Chaser Pos: (1.23, 107.73) -  Chaser Vel: (-1.19, -5.32) -  Chaser Exp: 64.83
2021-12-13 23:16:35.688 [INF] Server: Pi Engine Room Controller Starting
2021-12-13 23:16:35.799 [INF] : NeoPixelHardwareRPI: Creating an RPI NeoPixel protocol on GPIO pin Gpio18 for 976 pixels.
2021-12-13 23:16:35.800 [INF] : WarpCore: Finished creating CoreStripProtocol
2021-12-13 23:16:35.801 [INF] : WarpCore: Finished creating CoreStrip
2021-12-13 23:16:35.802 [INF] : FastNoiseLite: Start Sampling Noise
2021-12-13 23:16:35.803 [INF] : FastNoiseLite: Noise Sampling produced a noise range of [1.000, -1.000] (R: -2.000) in 0.000 seconds
2021-12-13 23:16:35.900 [INF] : AnimationService starting.
2021-12-13 23:16:35.900 [INF] : RenderWorker is starting
2021-12-13 23:16:35.917 [INF] : WarpCoreChaser(0.11): Chaser count: 1, Chaser Pos: (7.40, 103.12) -  Chaser Vel: (-0.60, -13.88) -  Chaser Exp: 1.57
2021-12-13 23:16:36.021 [INF] Microsoft.Hosting.Lifetime: Now listening on: http://[::]:4000
2021-12-13 23:16:36.021 [INF] Microsoft.Hosting.Lifetime: Application started. Press Ctrl+C to shut down.
2021-12-13 23:16:36.021 [INF] Microsoft.Hosting.Lifetime: Hosting environment: Development
2021-12-13 23:16:36.021 [INF] Microsoft.Hosting.Lifetime: Content root path: C:\Users\david\source\repos\space-sim\pi-engine-room\Server\
2021-12-13 23:23:01.617 [INF] Server: Pi Engine Room Controller Starting
2021-12-13 23:23:01.671 [INF] : NeoPixelHardwareRPI: Creating an RPI NeoPixel protocol on GPIO pin Gpio18 for 976 pixels.
2021-12-13 23:23:01.672 [INF] : WarpCore: Finished creating CoreStripProtocol
2021-12-13 23:23:01.672 [INF] : WarpCore: Finished creating CoreStrip
2021-12-13 23:23:01.675 [INF] : FastNoiseLite: Start Sampling Noise
2021-12-13 23:23:01.676 [INF] : FastNoiseLite: Noise Sampling produced a noise range of [1.000, -1.000] (R: -2.000) in 0.000 seconds
2021-12-13 23:23:01.811 [INF] : AnimationService starting.
2021-12-13 23:23:01.812 [INF] : RenderWorker is starting
2021-12-13 23:23:01.837 [INF] : Add Chaser: CH(0): P: (4.000, 84.000, 0.000) - V: (0.500, 0.820, 0.000) - Exp: 4.924
2021-12-13 23:23:01.838 [INF] : WarpCoreChaser(0.15): Chaser count: 1, CH(0): P: (4.500, 84.820, 0.000) - V: (0.500, 0.820, 0.000) - Exp: 4.924
2021-12-13 23:23:01.845 [INF] : Diag chaser expired: CH(0): P: (4.500, 84.820, 0.000) - V: (0.500, 0.820, 0.000) - Exp: 4.924
2021-12-13 23:23:02.014 [INF] Microsoft.Hosting.Lifetime: Now listening on: http://[::]:4000
2021-12-13 23:23:02.014 [INF] Microsoft.Hosting.Lifetime: Application started. Press Ctrl+C to shut down.
2021-12-13 23:23:02.014 [INF] Microsoft.Hosting.Lifetime: Hosting environment: Development
2021-12-13 23:23:02.014 [INF] Microsoft.Hosting.Lifetime: Content root path: C:\Users\david\source\repos\space-sim\pi-engine-room\Server\
2021-12-13 23:23:09.817 [INF] : Add Chaser: CH(1): P: (1.000, 111.000, 0.000) - V: (0.217, -0.200, 0.000) - Exp: 10.855
2021-12-13 23:23:09.820 [INF] : Diag chaser expired: CH(1): P: (1.217, 110.800, 0.000) - V: (0.217, -0.200, 0.000) - Exp: 10.855
2021-12-13 23:23:17.819 [INF] : Add Chaser: CH(2): P: (6.000, 37.000, 0.000) - V: (-1.140, -13.696, 0.000) - Exp: 21.123
2021-12-13 23:23:17.822 [INF] : Diag chaser expired: CH(2): P: (4.860, 23.304, 0.000) - V: (-1.140, -13.696, 0.000) - Exp: 21.123
2021-12-13 23:23:25.822 [INF] : Add Chaser: CH(3): P: (3.000, 111.000, 0.000) - V: (1.872, 3.934, 0.000) - Exp: 26.797
2021-12-13 23:23:25.824 [INF] : Diag chaser expired: CH(3): P: (4.872, 114.934, 0.000) - V: (1.872, 3.934, 0.000) - Exp: 26.797
2021-12-13 23:23:33.822 [INF] : Add Chaser: CH(4): P: (4.000, 77.000, 0.000) - V: (0.424, 22.163, 0.000) - Exp: 38.770
2021-12-13 23:23:33.825 [INF] : Diag chaser expired: CH(4): P: (4.424, 99.163, 0.000) - V: (0.424, 22.163, 0.000) - Exp: 38.770
2021-12-13 23:23:54.986 [INF] Server: Pi Engine Room Controller Starting
2021-12-13 23:23:55.039 [INF] : NeoPixelHardwareRPI: Creating an RPI NeoPixel protocol on GPIO pin Gpio18 for 976 pixels.
2021-12-13 23:23:55.040 [INF] : WarpCore: Finished creating CoreStripProtocol
2021-12-13 23:23:55.040 [INF] : WarpCore: Finished creating CoreStrip
2021-12-13 23:23:55.042 [INF] : FastNoiseLite: Start Sampling Noise
2021-12-13 23:23:55.043 [INF] : FastNoiseLite: Noise Sampling produced a noise range of [1.000, -1.000] (R: -2.000) in 0.000 seconds
2021-12-13 23:23:55.184 [INF] : AnimationService starting.
2021-12-13 23:23:55.185 [INF] : RenderWorker is starting
2021-12-13 23:23:55.204 [INF] : Add Chaser: CH(0): P: (4.000, 69.000, 0.000) - V: (1.954, -22.798, 0.000) - Exp: 6.998
2021-12-13 23:23:55.205 [INF] : WarpCoreChaser(0.15): Chaser count: 1, CH(0): P: (5.954, 46.202, 0.000) - V: (1.954, -22.798, 0.000) - Exp: 6.998
2021-12-13 23:23:55.211 [ERR] : WarpCoreChaser: chaser (7.908, 23.403, 0.000), V: (1.954, -22.798, 0.000) resulted in pixIndex: -99
2021-12-13 23:23:55.223 [ERR] : WarpCoreChaser: chaser (7.723, 54.209, 0.000), V: (1.954, -22.798, 0.000) resulted in pixIndex: -68
2021-12-13 23:23:55.240 [ERR] : WarpCoreChaser: chaser (7.538, 85.015, 0.000), V: (1.954, -22.798, 0.000) resulted in pixIndex: -37
2021-12-13 23:23:55.276 [INF] Microsoft.Hosting.Lifetime: Now listening on: http://[::]:4000
2021-12-13 23:23:55.276 [INF] Microsoft.Hosting.Lifetime: Application started. Press Ctrl+C to shut down.
2021-12-13 23:23:55.276 [INF] Microsoft.Hosting.Lifetime: Hosting environment: Development
2021-12-13 23:23:55.276 [INF] Microsoft.Hosting.Lifetime: Content root path: C:\Users\david\source\repos\space-sim\pi-engine-room\Server\
2021-12-13 23:23:55.290 [INF] : WarpCoreChaser(0.25): Chaser count: 1, CH(0): P: (2.892, 9.836, 0.000) - V: (1.954, -22.798, 0.000) - Exp: 6.998
2021-12-13 23:23:55.345 [ERR] : WarpCoreChaser: chaser (7.830, 95.471, 0.000), V: (1.954, -22.798, 0.000) resulted in pixIndex: -27
2021-12-13 23:23:55.353 [ERR] : WarpCoreChaser: chaser (7.645, 4.277, 0.000), V: (1.954, -22.798, 0.000) resulted in pixIndex: -118
2021-12-13 23:23:55.392 [INF] : WarpCoreChaser(0.36): Chaser count: 1, CH(0): P: (7.091, 96.695, 0.000) - V: (1.954, -22.798, 0.000) - Exp: 6.998
2021-12-13 23:23:55.464 [ERR] : WarpCoreChaser: chaser (7.937, 14.733, 0.000), V: (1.954, -22.798, 0.000) resulted in pixIndex: -107
2021-12-13 23:23:55.475 [ERR] : WarpCoreChaser: chaser (7.752, 45.539, 0.000), V: (1.954, -22.798, 0.000) resulted in pixIndex: -76
2021-12-13 23:23:55.484 [ERR] : WarpCoreChaser: chaser (7.568, 76.345, 0.000), V: (1.954, -22.798, 0.000) resulted in pixIndex: -46
2021-12-13 23:23:55.492 [INF] : WarpCoreChaser(0.46): Chaser count: 1, CH(0): P: (5.429, 7.950, 0.000) - V: (1.954, -22.798, 0.000) - Exp: 6.998
2021-12-13 23:23:55.575 [ERR] : WarpCoreChaser: chaser (7.859, 86.802, 0.000), V: (1.954, -22.798, 0.000) resulted in pixIndex: -35
2021-12-13 23:23:55.583 [ERR] : WarpCoreChaser: chaser (7.675, 117.608, 0.000), V: (1.954, -22.798, 0.000) resulted in pixIndex: -4
2021-12-13 23:23:55.593 [INF] : WarpCoreChaser(0.56): Chaser count: 1, CH(0): P: (7.490, 26.414, 0.000) - V: (1.954, -22.798, 0.000) - Exp: 6.998
2021-12-13 23:23:55.668 [ERR] : WarpCoreChaser: chaser (7.967, 6.064, 0.000), V: (1.954, -22.798, 0.000) resulted in pixIndex: -116
2021-12-13 23:23:55.677 [ERR] : WarpCoreChaser: chaser (7.782, 36.870, 0.000), V: (1.954, -22.798, 0.000) resulted in pixIndex: -85
2021-12-13 23:23:55.686 [ERR] : WarpCoreChaser: chaser (7.597, 67.676, 0.000), V: (1.954, -22.798, 0.000) resulted in pixIndex: -54
2021-12-13 23:23:55.694 [INF] : WarpCoreChaser(0.66): Chaser count: 1, CH(0): P: (3.505, 22.079, 0.000) - V: (1.954, -22.798, 0.000) - Exp: 6.998
2021-12-13 23:23:55.789 [ERR] : WarpCoreChaser: chaser (7.889, 78.132, 0.000), V: (1.954, -22.798, 0.000) resulted in pixIndex: -44
2021-12-13 23:23:55.796 [INF] : WarpCoreChaser(0.76): Chaser count: 1, CH(0): P: (5.750, 9.736, 0.000) - V: (1.954, -22.798, 0.000) - Exp: 6.998
2021-12-13 23:23:55.798 [ERR] : WarpCoreChaser: chaser (7.704, 108.938, 0.000), V: (1.954, -22.798, 0.000) resulted in pixIndex: -13
2021-12-13 23:23:55.807 [ERR] : WarpCoreChaser: chaser (7.520, 17.744, 0.000), V: (1.954, -22.798, 0.000) resulted in pixIndex: -104
2021-12-13 23:23:55.898 [INF] : WarpCoreChaser(0.86): Chaser count: 1, CH(0): P: (6.227, 111.386, 0.000) - V: (1.954, -22.798, 0.000) - Exp: 6.998
2021-12-13 23:23:55.915 [ERR] : WarpCoreChaser: chaser (7.996, 119.394, 0.000), V: (1.954, -22.798, 0.000) resulted in pixIndex: -3
2021-12-13 23:23:55.924 [ERR] : WarpCoreChaser: chaser (7.811, 28.200, 0.000), V: (1.954, -22.798, 0.000) resulted in pixIndex: -94
2021-12-13 23:23:55.938 [ERR] : WarpCoreChaser: chaser (7.627, 59.006, 0.000), V: (1.954, -22.798, 0.000) resulted in pixIndex: -63
2021-12-13 23:23:56.002 [INF] : WarpCoreChaser(0.97): Chaser count: 1, CH(0): P: (2.796, 14.633, 0.000) - V: (1.954, -22.798, 0.000) - Exp: 6.998
2021-12-13 23:23:56.068 [ERR] : WarpCoreChaser: chaser (7.918, 69.462, 0.000), V: (1.954, -22.798, 0.000) resulted in pixIndex: -53
2021-12-13 23:23:56.080 [ERR] : WarpCoreChaser: chaser (7.734, 100.268, 0.000), V: (1.954, -22.798, 0.000) resulted in pixIndex: -22
2021-12-13 23:23:56.091 [ERR] : WarpCoreChaser: chaser (7.549, 9.074, 0.000), V: (1.954, -22.798, 0.000) resulted in pixIndex: -113
2021-12-13 23:23:56.114 [INF] : WarpCoreChaser(1.07): Chaser count: 1, CH(0): P: (5.410, 62.679, 0.000) - V: (1.954, -22.798, 0.000) - Exp: 6.998
2021-12-13 23:23:56.202 [INF] : WarpCoreChaser(1.17): Chaser count: 1, CH(0): P: (4.302, 3.515, 0.000) - V: (1.954, -22.798, 0.000) - Exp: 6.998
2021-12-13 23:23:56.224 [ERR] : WarpCoreChaser: chaser (7.841, 19.530, 0.000), V: (1.954, -22.798, 0.000) resulted in pixIndex: -102
2021-12-13 23:23:56.234 [ERR] : WarpCoreChaser: chaser (7.656, 50.336, 0.000), V: (1.954, -22.798, 0.000) resulted in pixIndex: -72
2021-12-13 23:23:56.303 [INF] : WarpCoreChaser(1.27): Chaser count: 1, CH(0): P: (4.409, 44.777, 0.000) - V: (1.954, -22.798, 0.000) - Exp: 6.998
2021-12-13 23:23:56.332 [ERR] : WarpCoreChaser: chaser (7.948, 60.793, 0.000), V: (1.954, -22.798, 0.000) resulted in pixIndex: -61
2021-12-13 23:23:56.344 [ERR] : WarpCoreChaser: chaser (7.763, 91.599, 0.000), V: (1.954, -22.798, 0.000) resulted in pixIndex: -30
2021-12-13 23:23:56.355 [ERR] : WarpCoreChaser: chaser (7.578, 0.405, 0.000), V: (1.954, -22.798, 0.000) resulted in pixIndex: -122
2021-12-13 23:23:56.405 [INF] : WarpCoreChaser(1.37): Chaser count: 1, CH(0): P: (2.747, 78.032, 0.000) - V: (1.954, -22.798, 0.000) - Exp: 6.998
2021-12-13 23:23:56.458 [ERR] : WarpCoreChaser: chaser (7.870, 10.861, 0.000), V: (1.954, -22.798, 0.000) resulted in pixIndex: -111
2021-12-13 23:23:56.467 [ERR] : WarpCoreChaser: chaser (7.685, 41.667, 0.000), V: (1.954, -22.798, 0.000) resulted in pixIndex: -80
2021-12-13 23:23:56.477 [ERR] : WarpCoreChaser: chaser (7.501, 72.473, 0.000), V: (1.954, -22.798, 0.000) resulted in pixIndex: -50
2021-12-13 23:23:56.508 [INF] : WarpCoreChaser(1.47): Chaser count: 1, CH(0): P: (3.039, 88.488, 0.000) - V: (1.954, -22.798, 0.000) - Exp: 6.998
2021-12-13 23:23:56.578 [ERR] : WarpCoreChaser: chaser (7.977, 52.123, 0.000), V: (1.954, -22.798, 0.000) resulted in pixIndex: -70
2021-12-13 23:23:56.597 [ERR] : WarpCoreChaser: chaser (7.793, 82.929, 0.000), V: (1.954, -22.798, 0.000) resulted in pixIndex: -39
2021-12-13 23:23:56.613 [ERR] : WarpCoreChaser: chaser (7.608, 113.735, 0.000), V: (1.954, -22.798, 0.000) resulted in pixIndex: -8
2021-12-13 23:23:56.613 [INF] : WarpCoreChaser(1.58): Chaser count: 1, CH(0): P: (7.608, 113.735, 0.000) - V: (1.954, -22.798, 0.000) - Exp: 6.998
2021-12-13 23:23:56.711 [INF] : WarpCoreChaser(1.68): Chaser count: 1, CH(0): P: (6.869, 114.959, 0.000) - V: (1.954, -22.798, 0.000) - Exp: 6.998
2021-12-13 23:23:56.764 [ERR] : WarpCoreChaser: chaser (7.900, 2.191, 0.000), V: (1.954, -22.798, 0.000) resulted in pixIndex: -120
2021-12-13 23:23:56.774 [ERR] : WarpCoreChaser: chaser (7.715, 32.997, 0.000), V: (1.954, -22.798, 0.000) resulted in pixIndex: -89
2021-12-13 23:23:56.783 [ERR] : WarpCoreChaser: chaser (7.530, 63.803, 0.000), V: (1.954, -22.798, 0.000) resulted in pixIndex: -58
2021-12-13 23:23:56.812 [INF] : WarpCoreChaser(1.78): Chaser count: 1, CH(0): P: (6.976, 34.221, 0.000) - V: (1.954, -22.798, 0.000) - Exp: 6.998
2021-12-13 23:23:56.883 [ERR] : WarpCoreChaser: chaser (7.822, 74.259, 0.000), V: (1.954, -22.798, 0.000) resulted in pixIndex: -48
2021-12-13 23:23:56.892 [ERR] : WarpCoreChaser: chaser (7.637, 105.065, 0.000), V: (1.954, -22.798, 0.000) resulted in pixIndex: -17
2021-12-13 23:23:56.912 [INF] : WarpCoreChaser(1.88): Chaser count: 1, CH(0): P: (5.314, 67.476, 0.000) - V: (1.954, -22.798, 0.000) - Exp: 6.998
2021-12-13 23:23:57.016 [INF] : WarpCoreChaser(1.98): Chaser count: 1, CH(0): P: (4.021, 39.118, 0.000) - V: (1.954, -22.798, 0.000) - Exp: 6.998
2021-12-13 23:23:57.024 [ERR] : WarpCoreChaser: chaser (7.929, 115.521, 0.000), V: (1.954, -22.798, 0.000) resulted in pixIndex: -6
2021-12-13 23:23:57.037 [ERR] : WarpCoreChaser: chaser (7.744, 24.327, 0.000), V: (1.954, -22.798, 0.000) resulted in pixIndex: -98
2021-12-13 23:23:57.050 [ERR] : WarpCoreChaser: chaser (7.560, 55.134, 0.000), V: (1.954, -22.798, 0.000) resulted in pixIndex: -67
2021-12-13 23:23:57.118 [INF] : WarpCoreChaser(2.08): Chaser count: 1, CH(0): P: (6.636, 87.164, 0.000) - V: (1.954, -22.798, 0.000) - Exp: 6.998
2021-12-13 23:23:57.171 [ERR] : WarpCoreChaser: chaser (7.851, 65.590, 0.000), V: (1.954, -22.798, 0.000) resulted in pixIndex: -56
2021-12-13 23:23:57.181 [ERR] : WarpCoreChaser: chaser (7.667, 96.396, 0.000), V: (1.954, -22.798, 0.000) resulted in pixIndex: -26
2021-12-13 23:23:57.217 [INF] : WarpCoreChaser(2.18): Chaser count: 1, CH(0): P: (4.974, 120.418, 0.000) - V: (1.954, -22.798, 0.000) - Exp: 6.998
2021-12-13 23:23:57.278 [ERR] : WarpCoreChaser: chaser (7.958, 106.852, 0.000), V: (1.954, -22.798, 0.000) resulted in pixIndex: -15
2021-12-13 23:23:57.289 [ERR] : WarpCoreChaser: chaser (7.774, 15.658, 0.000), V: (1.954, -22.798, 0.000) resulted in pixIndex: -106
2021-12-13 23:23:57.300 [ERR] : WarpCoreChaser: chaser (7.589, 46.464, 0.000), V: (1.954, -22.798, 0.000) resulted in pixIndex: -76
2021-12-13 23:23:57.319 [INF] : WarpCoreChaser(2.28): Chaser count: 1, CH(0): P: (1.358, 54.471, 0.000) - V: (1.954, -22.798, 0.000) - Exp: 6.998
2021-12-13 23:23:57.410 [ERR] : WarpCoreChaser: chaser (7.881, 56.920, 0.000), V: (1.954, -22.798, 0.000) resulted in pixIndex: -65
2021-12-13 23:23:57.422 [ERR] : WarpCoreChaser: chaser (7.696, 87.726, 0.000), V: (1.954, -22.798, 0.000) resulted in pixIndex: -34
2021-12-13 23:23:57.422 [INF] : WarpCoreChaser(2.39): Chaser count: 1, CH(0): P: (7.696, 87.726, 0.000) - V: (1.954, -22.798, 0.000) - Exp: 6.998
2021-12-13 23:23:57.435 [ERR] : WarpCoreChaser: chaser (7.511, 118.532, 0.000), V: (1.954, -22.798, 0.000) resulted in pixIndex: -3
2021-12-13 23:23:57.518 [ERR] : WarpCoreChaser: chaser (7.988, 98.182, 0.000), V: (1.954, -22.798, 0.000) resulted in pixIndex: -24
2021-12-13 23:23:57.523 [INF] : WarpCoreChaser(2.49): Chaser count: 1, CH(0): P: (3.896, 52.585, 0.000) - V: (1.954, -22.798, 0.000) - Exp: 6.998
2021-12-13 23:23:57.527 [ERR] : WarpCoreChaser: chaser (7.803, 6.988, 0.000), V: (1.954, -22.798, 0.000) resulted in pixIndex: -115
2021-12-13 23:23:57.540 [ERR] : WarpCoreChaser: chaser (7.618, 37.794, 0.000), V: (1.954, -22.798, 0.000) resulted in pixIndex: -84
2021-12-13 23:23:57.630 [INF] : WarpCoreChaser(2.59): Chaser count: 1, CH(0): P: (0.464, 77.832, 0.000) - V: (1.954, -22.798, 0.000) - Exp: 6.998
2021-12-13 23:23:57.694 [ERR] : WarpCoreChaser: chaser (7.910, 48.250, 0.000), V: (1.954, -22.798, 0.000) resulted in pixIndex: -74
2021-12-13 23:23:57.709 [ERR] : WarpCoreChaser: chaser (7.726, 79.056, 0.000), V: (1.954, -22.798, 0.000) resulted in pixIndex: -43
2021-12-13 23:23:57.723 [ERR] : WarpCoreChaser: chaser (7.541, 109.862, 0.000), V: (1.954, -22.798, 0.000) resulted in pixIndex: -12
2021-12-13 23:23:57.728 [INF] : WarpCoreChaser(2.69): Chaser count: 1, CH(0): P: (3.449, 64.265, 0.000) - V: (1.954, -22.798, 0.000) - Exp: 6.998
2021-12-13 23:23:57.829 [INF] : WarpCoreChaser(2.79): Chaser count: 1, CH(0): P: (1.971, 66.714, 0.000) - V: (1.954, -22.798, 0.000) - Exp: 6.998
2021-12-13 23:23:57.835 [ERR] : WarpCoreChaser: chaser (7.833, 120.318, 0.000), V: (1.954, -22.798, 0.000) resulted in pixIndex: -2
2021-12-13 23:23:57.844 [ERR] : WarpCoreChaser: chaser (7.648, 29.125, 0.000), V: (1.954, -22.798, 0.000) resulted in pixIndex: -93
2021-12-13 23:23:57.930 [INF] : WarpCoreChaser(2.89): Chaser count: 1, CH(0): P: (4.032, 85.178, 0.000) - V: (1.954, -22.798, 0.000) - Exp: 6.998
2021-12-13 23:23:57.937 [ERR] : WarpCoreChaser: chaser (7.940, 39.581, 0.000), V: (1.954, -22.798, 0.000) resulted in pixIndex: -82
2021-12-13 23:23:57.948 [ERR] : WarpCoreChaser: chaser (7.755, 70.387, 0.000), V: (1.954, -22.798, 0.000) resulted in pixIndex: -52
2021-12-13 23:23:57.957 [ERR] : WarpCoreChaser: chaser (7.570, 101.193, 0.000), V: (1.954, -22.798, 0.000) resulted in pixIndex: -21
2021-12-13 23:23:58.032 [INF] : WarpCoreChaser(3.00): Chaser count: 1, CH(0): P: (0.047, 80.843, 0.000) - V: (1.954, -22.798, 0.000) - Exp: 6.998
2021-12-13 23:23:58.045 [ERR] : WarpCoreChaser: chaser (7.862, 111.649, 0.000), V: (1.954, -22.798, 0.000) resulted in pixIndex: -10
2021-12-13 23:23:58.105 [ERR] : WarpCoreChaser: chaser (7.677, 20.455, 0.000), V: (1.954, -22.798, 0.000) resulted in pixIndex: -102
2021-12-13 23:23:58.146 [INF] : WarpCoreChaser(3.10): Chaser count: 1, CH(0): P: (7.493, 51.261, 0.000) - V: (1.954, -22.798, 0.000) - Exp: 6.998
2021-12-13 23:23:58.248 [INF] : WarpCoreChaser(3.20): Chaser count: 1, CH(0): P: (1.077, 90.075, 0.000) - V: (1.954, -22.798, 0.000) - Exp: 6.998
2021-12-13 23:23:58.350 [INF] : WarpCoreChaser(3.31): Chaser count: 1, CH(0): P: (4.615, 106.090, 0.000) - V: (1.954, -22.798, 0.000) - Exp: 6.998
2021-12-13 23:23:58.394 [ERR] : WarpCoreChaser: chaser (7.969, 30.911, 0.000), V: (1.954, -22.798, 0.000) resulted in pixIndex: -91
2021-12-13 23:23:58.404 [ERR] : WarpCoreChaser: chaser (7.784, 61.717, 0.000), V: (1.954, -22.798, 0.000) resulted in pixIndex: -60
2021-12-13 23:23:58.413 [ERR] : WarpCoreChaser: chaser (7.600, 92.523, 0.000), V: (1.954, -22.798, 0.000) resulted in pixIndex: -29
2021-12-13 23:23:58.443 [INF] : WarpCoreChaser(3.41): Chaser count: 1, CH(0): P: (1.000, 40.143, 0.000) - V: (1.954, -22.798, 0.000) - Exp: 6.998
2021-12-13 23:23:58.508 [ERR] : WarpCoreChaser: chaser (7.891, 102.979, 0.000), V: (1.954, -22.798, 0.000) resulted in pixIndex: -19
2021-12-13 23:23:58.518 [ERR] : WarpCoreChaser: chaser (7.707, 11.785, 0.000), V: (1.954, -22.798, 0.000) resulted in pixIndex: -110
2021-12-13 23:23:58.527 [ERR] : WarpCoreChaser: chaser (7.522, 42.591, 0.000), V: (1.954, -22.798, 0.000) resulted in pixIndex: -79
2021-12-13 23:23:58.544 [INF] : WarpCoreChaser(3.51): Chaser count: 1, CH(0): P: (5.199, 5.002, 0.000) - V: (1.954, -22.798, 0.000) - Exp: 6.998
2021-12-13 23:23:58.617 [ERR] : WarpCoreChaser: chaser (7.998, 22.241, 0.000), V: (1.954, -22.798, 0.000) resulted in pixIndex: -100
2021-12-13 23:23:58.625 [ERR] : WarpCoreChaser: chaser (7.814, 53.047, 0.000), V: (1.954, -22.798, 0.000) resulted in pixIndex: -69
2021-12-13 23:23:58.634 [ERR] : WarpCoreChaser: chaser (7.629, 83.853, 0.000), V: (1.954, -22.798, 0.000) resulted in pixIndex: -38
2021-12-13 23:23:58.645 [INF] : WarpCoreChaser(3.61): Chaser count: 1, CH(0): P: (1.398, 91.861, 0.000) - V: (1.954, -22.798, 0.000) - Exp: 6.998
2021-12-13 23:23:58.724 [ERR] : WarpCoreChaser: chaser (7.921, 94.309, 0.000), V: (1.954, -22.798, 0.000) resulted in pixIndex: -28
2021-12-13 23:23:58.739 [ERR] : WarpCoreChaser: chaser (7.736, 3.116, 0.000), V: (1.954, -22.798, 0.000) resulted in pixIndex: -119
2021-12-13 23:23:58.746 [INF] : WarpCoreChaser(3.71): Chaser count: 1, CH(0): P: (3.644, 79.519, 0.000) - V: (1.954, -22.798, 0.000) - Exp: 6.998
2021-12-13 23:23:58.753 [ERR] : WarpCoreChaser: chaser (7.552, 33.922, 0.000), V: (1.954, -22.798, 0.000) resulted in pixIndex: -88
2021-12-13 23:23:58.842 [ERR] : WarpCoreChaser: chaser (7.843, 44.378, 0.000), V: (1.954, -22.798, 0.000) resulted in pixIndex: -78
2021-12-13 23:23:58.847 [INF] : WarpCoreChaser(3.81): Chaser count: 1, CH(0): P: (3.751, 120.781, 0.000) - V: (1.954, -22.798, 0.000) - Exp: 6.998
2021-12-13 23:23:58.852 [ERR] : WarpCoreChaser: chaser (7.659, 75.184, 0.000), V: (1.954, -22.798, 0.000) resulted in pixIndex: -47
2021-12-13 23:23:58.935 [ERR] : WarpCoreChaser: chaser (7.950, 85.640, 0.000), V: (1.954, -22.798, 0.000) resulted in pixIndex: -36
2021-12-13 23:23:58.945 [ERR] : WarpCoreChaser: chaser (7.766, 116.446, 0.000), V: (1.954, -22.798, 0.000) resulted in pixIndex: -6
2021-12-13 23:23:58.949 [INF] : WarpCoreChaser(3.91): Chaser count: 1, CH(0): P: (1.719, 93.647, 0.000) - V: (1.954, -22.798, 0.000) - Exp: 6.998
2021-12-13 23:23:58.957 [ERR] : WarpCoreChaser: chaser (7.581, 25.252, 0.000), V: (1.954, -22.798, 0.000) resulted in pixIndex: -97
2021-12-13 23:23:59.041 [ERR] : WarpCoreChaser: chaser (7.873, 35.708, 0.000), V: (1.954, -22.798, 0.000) resulted in pixIndex: -86
2021-12-13 23:23:59.049 [INF] : WarpCoreChaser(4.01): Chaser count: 1, CH(0): P: (3.780, 112.111, 0.000) - V: (1.954, -22.798, 0.000) - Exp: 6.998
2021-12-13 23:23:59.056 [ERR] : WarpCoreChaser: chaser (7.688, 66.514, 0.000), V: (1.954, -22.798, 0.000) resulted in pixIndex: -55
2021-12-13 23:23:59.070 [ERR] : WarpCoreChaser: chaser (7.503, 97.320, 0.000), V: (1.954, -22.798, 0.000) resulted in pixIndex: -25
2021-12-13 23:23:59.148 [INF] : WarpCoreChaser(4.11): Chaser count: 1, CH(0): P: (6.211, 68.963, 0.000) - V: (1.954, -22.798, 0.000) - Exp: 6.998
2021-12-13 23:23:59.162 [ERR] : WarpCoreChaser: chaser (7.980, 76.970, 0.000), V: (1.954, -22.798, 0.000) resulted in pixIndex: -45
2021-12-13 23:23:59.171 [ERR] : WarpCoreChaser: chaser (7.795, 107.776, 0.000), V: (1.954, -22.798, 0.000) resulted in pixIndex: -14
2021-12-13 23:23:59.180 [ERR] : WarpCoreChaser: chaser (7.610, 16.582, 0.000), V: (1.954, -22.798, 0.000) resulted in pixIndex: -105
2021-12-13 23:23:59.248 [INF] : WarpCoreChaser(4.21): Chaser count: 1, CH(0): P: (4.179, 41.829, 0.000) - V: (1.954, -22.798, 0.000) - Exp: 6.998
2021-12-13 23:23:59.261 [ERR] : WarpCoreChaser: chaser (7.902, 27.038, 0.000), V: (1.954, -22.798, 0.000) resulted in pixIndex: -95
2021-12-13 23:23:59.270 [ERR] : WarpCoreChaser: chaser (7.717, 57.844, 0.000), V: (1.954, -22.798, 0.000) resulted in pixIndex: -64
2021-12-13 23:23:59.279 [ERR] : WarpCoreChaser: chaser (7.533, 88.650, 0.000), V: (1.954, -22.798, 0.000) resulted in pixIndex: -33
2021-12-13 23:23:59.349 [INF] : WarpCoreChaser(4.31): Chaser count: 1, CH(0): P: (4.101, 113.897, 0.000) - V: (1.954, -22.798, 0.000) - Exp: 6.998
2021-12-13 23:23:59.362 [ERR] : WarpCoreChaser: chaser (7.824, 99.107, 0.000), V: (1.954, -22.798, 0.000) resulted in pixIndex: -23
2021-12-13 23:23:59.371 [ERR] : WarpCoreChaser: chaser (7.640, 7.913, 0.000), V: (1.954, -22.798, 0.000) resulted in pixIndex: -114
2021-12-13 23:23:59.450 [INF] : WarpCoreChaser(4.41): Chaser count: 1, CH(0): P: (4.024, 63.966, 0.000) - V: (1.954, -22.798, 0.000) - Exp: 6.998
2021-12-13 23:23:59.457 [ERR] : WarpCoreChaser: chaser (7.932, 18.369, 0.000), V: (1.954, -22.798, 0.000) resulted in pixIndex: -104
2021-12-13 23:23:59.469 [ERR] : WarpCoreChaser: chaser (7.747, 49.175, 0.000), V: (1.954, -22.798, 0.000) resulted in pixIndex: -73
2021-12-13 23:23:59.480 [ERR] : WarpCoreChaser: chaser (7.562, 79.981, 0.000), V: (1.954, -22.798, 0.000) resulted in pixIndex: -42
2021-12-13 23:23:59.552 [INF] : WarpCoreChaser(4.52): Chaser count: 1, CH(0): P: (4.131, 105.228, 0.000) - V: (1.954, -22.798, 0.000) - Exp: 6.998
2021-12-13 23:23:59.565 [ERR] : WarpCoreChaser: chaser (7.854, 90.437, 0.000), V: (1.954, -22.798, 0.000) resulted in pixIndex: -32
2021-12-13 23:23:59.574 [ERR] : WarpCoreChaser: chaser (7.669, 121.243, 0.000), V: (1.954, -22.798, 0.000) resulted in pixIndex: -1
2021-12-13 23:23:59.653 [INF] : WarpCoreChaser(4.62): Chaser count: 1, CH(0): P: (4.053, 55.296, 0.000) - V: (1.954, -22.798, 0.000) - Exp: 6.998
2021-12-13 23:23:59.657 [ERR] : WarpCoreChaser: chaser (7.961, 9.699, 0.000), V: (1.954, -22.798, 0.000) resulted in pixIndex: -112
2021-12-13 23:23:59.666 [ERR] : WarpCoreChaser: chaser (7.776, 40.505, 0.000), V: (1.954, -22.798, 0.000) resulted in pixIndex: -81
2021-12-13 23:23:59.676 [ERR] : WarpCoreChaser: chaser (7.592, 71.311, 0.000), V: (1.954, -22.798, 0.000) resulted in pixIndex: -51
2021-12-13 23:23:59.755 [INF] : WarpCoreChaser(4.72): Chaser count: 1, CH(0): P: (3.976, 5.364, 0.000) - V: (1.954, -22.798, 0.000) - Exp: 6.998
2021-12-13 23:23:59.760 [ERR] : WarpCoreChaser: chaser (7.883, 81.767, 0.000), V: (1.954, -22.798, 0.000) resulted in pixIndex: -40
2021-12-13 23:23:59.773 [ERR] : WarpCoreChaser: chaser (7.699, 112.573, 0.000), V: (1.954, -22.798, 0.000) resulted in pixIndex: -9
2021-12-13 23:23:59.784 [ERR] : WarpCoreChaser: chaser (7.514, 21.379, 0.000), V: (1.954, -22.798, 0.000) resulted in pixIndex: -101
2021-12-13 23:23:59.855 [ERR] : WarpCoreChaser: chaser (7.990, 1.029, 0.000), V: (1.954, -22.798, 0.000) resulted in pixIndex: -121
2021-12-13 23:23:59.858 [INF] : WarpCoreChaser(4.82): Chaser count: 1, CH(0): P: (1.944, 100.231, 0.000) - V: (1.954, -22.798, 0.000) - Exp: 6.998
2021-12-13 23:23:59.865 [ERR] : WarpCoreChaser: chaser (7.806, 31.835, 0.000), V: (1.954, -22.798, 0.000) resulted in pixIndex: -90
2021-12-13 23:23:59.874 [ERR] : WarpCoreChaser: chaser (7.621, 62.641, 0.000), V: (1.954, -22.798, 0.000) resulted in pixIndex: -59
2021-12-13 23:23:59.957 [INF] : WarpCoreChaser(4.92): Chaser count: 1, CH(0): P: (4.005, 118.694, 0.000) - V: (1.954, -22.798, 0.000) - Exp: 6.998
2021-12-13 23:23:59.961 [ERR] : WarpCoreChaser: chaser (7.913, 73.098, 0.000), V: (1.954, -22.798, 0.000) resulted in pixIndex: -49
2021-12-13 23:23:59.970 [ERR] : WarpCoreChaser: chaser (7.728, 103.904, 0.000), V: (1.954, -22.798, 0.000) resulted in pixIndex: -18
2021-12-13 23:23:59.979 [ERR] : WarpCoreChaser: chaser (7.543, 12.710, 0.000), V: (1.954, -22.798, 0.000) resulted in pixIndex: -109
2021-12-13 23:24:00.058 [INF] : WarpCoreChaser(5.02): Chaser count: 1, CH(0): P: (5.881, 45.964, 0.000) - V: (1.954, -22.798, 0.000) - Exp: 6.998
2021-12-13 23:24:00.061 [ERR] : WarpCoreChaser: chaser (7.835, 23.166, 0.000), V: (1.954, -22.798, 0.000) resulted in pixIndex: -99
2021-12-13 23:24:00.069 [ERR] : WarpCoreChaser: chaser (7.650, 53.972, 0.000), V: (1.954, -22.798, 0.000) resulted in pixIndex: -68
2021-12-13 23:24:00.151 [ERR] : WarpCoreChaser: chaser (7.942, 64.428, 0.000), V: (1.954, -22.798, 0.000) resulted in pixIndex: -58
2021-12-13 23:24:00.160 [ERR] : WarpCoreChaser: chaser (7.758, 95.234, 0.000), V: (1.954, -22.798, 0.000) resulted in pixIndex: -27
2021-12-13 23:24:00.160 [INF] : WarpCoreChaser(5.12): Chaser count: 1, CH(0): P: (7.758, 95.234, 0.000) - V: (1.954, -22.798, 0.000) - Exp: 6.998
2021-12-13 23:24:00.168 [ERR] : WarpCoreChaser: chaser (7.573, 4.040, 0.000), V: (1.954, -22.798, 0.000) resulted in pixIndex: -118
2021-12-13 23:24:00.248 [ERR] : WarpCoreChaser: chaser (7.865, 14.496, 0.000), V: (1.954, -22.798, 0.000) resulted in pixIndex: -108
2021-12-13 23:24:00.257 [ERR] : WarpCoreChaser: chaser (7.680, 45.302, 0.000), V: (1.954, -22.798, 0.000) resulted in pixIndex: -77
2021-12-13 23:24:00.261 [INF] : WarpCoreChaser(5.23): Chaser count: 1, CH(0): P: (3.588, 121.705, 0.000) - V: (1.954, -22.798, 0.000) - Exp: 6.998
2021-12-13 23:24:00.337 [ERR] : WarpCoreChaser: chaser (7.972, 55.758, 0.000), V: (1.954, -22.798, 0.000) resulted in pixIndex: -66
2021-12-13 23:24:00.345 [ERR] : WarpCoreChaser: chaser (7.787, 86.564, 0.000), V: (1.954, -22.798, 0.000) resulted in pixIndex: -35
2021-12-13 23:24:00.353 [ERR] : WarpCoreChaser: chaser (7.602, 117.370, 0.000), V: (1.954, -22.798, 0.000) resulted in pixIndex: -5
2021-12-13 23:24:00.362 [INF] : WarpCoreChaser(5.33): Chaser count: 1, CH(0): P: (7.418, 26.176, 0.000) - V: (1.954, -22.798, 0.000) - Exp: 6.998
2021-12-13 23:24:00.433 [ERR] : WarpCoreChaser: chaser (7.894, 5.826, 0.000), V: (1.954, -22.798, 0.000) resulted in pixIndex: -116
2021-12-13 23:24:00.442 [ERR] : WarpCoreChaser: chaser (7.709, 36.632, 0.000), V: (1.954, -22.798, 0.000) resulted in pixIndex: -85
2021-12-13 23:24:00.450 [ERR] : WarpCoreChaser: chaser (7.525, 67.439, 0.000), V: (1.954, -22.798, 0.000) resulted in pixIndex: -55
2021-12-13 23:24:00.463 [INF] : WarpCoreChaser(5.43): Chaser count: 1, CH(0): P: (3.248, 52.648, 0.000) - V: (1.954, -22.798, 0.000) - Exp: 6.998
2021-12-13 23:24:00.528 [ERR] : WarpCoreChaser: chaser (7.816, 77.895, 0.000), V: (1.954, -22.798, 0.000) resulted in pixIndex: -44
2021-12-13 23:24:00.536 [ERR] : WarpCoreChaser: chaser (7.632, 108.701, 0.000), V: (1.954, -22.798, 0.000) resulted in pixIndex: -13
2021-12-13 23:24:00.564 [INF] : WarpCoreChaser(5.53): Chaser count: 1, CH(0): P: (1.031, 56.320, 0.000) - V: (1.954, -22.798, 0.000) - Exp: 6.998
2021-12-13 23:24:00.618 [ERR] : WarpCoreChaser: chaser (7.923, 119.157, 0.000), V: (1.954, -22.798, 0.000) resulted in pixIndex: -3
2021-12-13 23:24:00.627 [ERR] : WarpCoreChaser: chaser (7.739, 27.963, 0.000), V: (1.954, -22.798, 0.000) resulted in pixIndex: -94
2021-12-13 23:24:00.635 [ERR] : WarpCoreChaser: chaser (7.554, 58.769, 0.000), V: (1.954, -22.798, 0.000) resulted in pixIndex: -63
2021-12-13 23:24:00.665 [INF] : WarpCoreChaser(5.63): Chaser count: 1, CH(0): P: (2.908, 105.590, 0.000) - V: (1.954, -22.798, 0.000) - Exp: 6.998
2021-12-13 23:24:00.724 [ERR] : WarpCoreChaser: chaser (7.846, 69.225, 0.000), V: (1.954, -22.798, 0.000) resulted in pixIndex: -53
2021-12-13 23:24:00.733 [ERR] : WarpCoreChaser: chaser (7.661, 100.031, 0.000), V: (1.954, -22.798, 0.000) resulted in pixIndex: -22
2021-12-13 23:24:00.766 [INF] : WarpCoreChaser(5.73): Chaser count: 1, CH(0): P: (3.015, 24.852, 0.000) - V: (1.954, -22.798, 0.000) - Exp: 6.998
2021-12-13 23:24:00.818 [ERR] : WarpCoreChaser: chaser (7.953, 110.487, 0.000), V: (1.954, -22.798, 0.000) resulted in pixIndex: -12
2021-12-13 23:24:00.827 [ERR] : WarpCoreChaser: chaser (7.768, 19.293, 0.000), V: (1.954, -22.798, 0.000) resulted in pixIndex: -103
2021-12-13 23:24:00.835 [ERR] : WarpCoreChaser: chaser (7.584, 50.099, 0.000), V: (1.954, -22.798, 0.000) resulted in pixIndex: -72
2021-12-13 23:24:00.869 [INF] : WarpCoreChaser(5.83): Chaser count: 1, CH(0): P: (2.937, 96.920, 0.000) - V: (1.954, -22.798, 0.000) - Exp: 6.998
2021-12-13 23:24:00.920 [ERR] : WarpCoreChaser: chaser (7.875, 60.555, 0.000), V: (1.954, -22.798, 0.000) resulted in pixIndex: -61
2021-12-13 23:24:00.928 [ERR] : WarpCoreChaser: chaser (7.691, 91.361, 0.000), V: (1.954, -22.798, 0.000) resulted in pixIndex: -31
2021-12-13 23:24:00.937 [ERR] : WarpCoreChaser: chaser (7.506, 0.167, 0.000), V: (1.954, -22.798, 0.000) resulted in pixIndex: -122
2021-12-13 23:24:00.969 [INF] : WarpCoreChaser(5.93): Chaser count: 1, CH(0): P: (2.860, 46.989, 0.000) - V: (1.954, -22.798, 0.000) - Exp: 6.998
2021-12-13 23:24:01.019 [ERR] : WarpCoreChaser: chaser (7.982, 101.817, 0.000), V: (1.954, -22.798, 0.000) resulted in pixIndex: -20
2021-12-13 23:24:01.027 [ERR] : WarpCoreChaser: chaser (7.798, 10.623, 0.000), V: (1.954, -22.798, 0.000) resulted in pixIndex: -111
2021-12-13 23:24:01.036 [ERR] : WarpCoreChaser: chaser (7.613, 41.430, 0.000), V: (1.954, -22.798, 0.000) resulted in pixIndex: -81
2021-12-13 23:24:01.070 [INF] : WarpCoreChaser(6.03): Chaser count: 1, CH(0): P: (4.920, 65.452, 0.000) - V: (1.954, -22.798, 0.000) - Exp: 6.998
2021-12-13 23:24:01.123 [ERR] : WarpCoreChaser: chaser (7.905, 51.886, 0.000), V: (1.954, -22.798, 0.000) resulted in pixIndex: -70
2021-12-13 23:24:01.132 [ERR] : WarpCoreChaser: chaser (7.720, 82.692, 0.000), V: (1.954, -22.798, 0.000) resulted in pixIndex: -39
2021-12-13 23:24:01.141 [ERR] : WarpCoreChaser: chaser (7.535, 113.498, 0.000), V: (1.954, -22.798, 0.000) resulted in pixIndex: -9
2021-12-13 23:24:01.172 [INF] : WarpCoreChaser(6.14): Chaser count: 1, CH(0): P: (2.889, 38.319, 0.000) - V: (1.954, -22.798, 0.000) - Exp: 6.998
2021-12-13 23:24:01.225 [ERR] : WarpCoreChaser: chaser (7.827, 1.954, 0.000), V: (1.954, -22.798, 0.000) resulted in pixIndex: -120
2021-12-13 23:24:01.239 [ERR] : WarpCoreChaser: chaser (7.642, 32.760, 0.000), V: (1.954, -22.798, 0.000) resulted in pixIndex: -89
2021-12-13 23:24:01.274 [INF] : WarpCoreChaser(6.24): Chaser count: 1, CH(0): P: (1.042, 102.380, 0.000) - V: (1.954, -22.798, 0.000) - Exp: 6.998
2021-12-13 23:24:01.327 [ERR] : WarpCoreChaser: chaser (7.934, 43.216, 0.000), V: (1.954, -22.798, 0.000) resulted in pixIndex: -79
2021-12-13 23:24:01.336 [ERR] : WarpCoreChaser: chaser (7.749, 74.022, 0.000), V: (1.954, -22.798, 0.000) resulted in pixIndex: -48
2021-12-13 23:24:01.345 [ERR] : WarpCoreChaser: chaser (7.565, 104.828, 0.000), V: (1.954, -22.798, 0.000) resulted in pixIndex: -17
2021-12-13 23:24:01.375 [INF] : WarpCoreChaser(6.34): Chaser count: 1, CH(0): P: (2.918, 29.649, 0.000) - V: (1.954, -22.798, 0.000) - Exp: 6.998
2021-12-13 23:24:01.428 [ERR] : WarpCoreChaser: chaser (7.856, 115.284, 0.000), V: (1.954, -22.798, 0.000) resulted in pixIndex: -7
2021-12-13 23:24:01.437 [ERR] : WarpCoreChaser: chaser (7.672, 24.090, 0.000), V: (1.954, -22.798, 0.000) resulted in pixIndex: -98
2021-12-13 23:24:01.478 [INF] : WarpCoreChaser(6.44): Chaser count: 1, CH(0): P: (2.841, 101.717, 0.000) - V: (1.954, -22.798, 0.000) - Exp: 6.998
2021-12-13 23:24:01.526 [ERR] : WarpCoreChaser: chaser (7.964, 34.546, 0.000), V: (1.954, -22.798, 0.000) resulted in pixIndex: -87
2021-12-13 23:24:01.534 [ERR] : WarpCoreChaser: chaser (7.779, 65.352, 0.000), V: (1.954, -22.798, 0.000) resulted in pixIndex: -57
2021-12-13 23:24:01.544 [ERR] : WarpCoreChaser: chaser (7.594, 96.158, 0.000), V: (1.954, -22.798, 0.000) resulted in pixIndex: -26
2021-12-13 23:24:01.578 [INF] : WarpCoreChaser(6.54): Chaser count: 1, CH(0): P: (6.855, 97.383, 0.000) - V: (1.954, -22.798, 0.000) - Exp: 6.998
2021-12-13 23:24:01.623 [ERR] : WarpCoreChaser: chaser (7.886, 106.614, 0.000), V: (1.954, -22.798, 0.000) resulted in pixIndex: -15
2021-12-13 23:24:01.631 [ERR] : WarpCoreChaser: chaser (7.701, 15.421, 0.000), V: (1.954, -22.798, 0.000) resulted in pixIndex: -107
2021-12-13 23:24:01.641 [ERR] : WarpCoreChaser: chaser (7.517, 46.227, 0.000), V: (1.954, -22.798, 0.000) resulted in pixIndex: -76
2021-12-13 23:24:01.680 [INF] : WarpCoreChaser(6.64): Chaser count: 1, CH(0): P: (0.732, 24.652, 0.000) - V: (1.954, -22.798, 0.000) - Exp: 6.998
2021-12-13 23:24:01.721 [ERR] : WarpCoreChaser: chaser (7.993, 25.877, 0.000), V: (1.954, -22.798, 0.000) resulted in pixIndex: -96
2021-12-13 23:24:01.732 [ERR] : WarpCoreChaser: chaser (7.808, 56.683, 0.000), V: (1.954, -22.798, 0.000) resulted in pixIndex: -65
2021-12-13 23:24:01.743 [ERR] : WarpCoreChaser: chaser (7.624, 87.489, 0.000), V: (1.954, -22.798, 0.000) resulted in pixIndex: -35
2021-12-13 23:24:01.780 [INF] : WarpCoreChaser(6.74): Chaser count: 1, CH(0): P: (0.839, 65.914, 0.000) - V: (1.954, -22.798, 0.000) - Exp: 6.998
2021-12-13 23:24:01.822 [ERR] : WarpCoreChaser: chaser (7.915, 97.945, 0.000), V: (1.954, -22.798, 0.000) resulted in pixIndex: -24
2021-12-13 23:24:01.831 [ERR] : WarpCoreChaser: chaser (7.731, 6.751, 0.000), V: (1.954, -22.798, 0.000) resulted in pixIndex: -115
2021-12-13 23:24:01.839 [ERR] : WarpCoreChaser: chaser (7.546, 37.557, 0.000), V: (1.954, -22.798, 0.000) resulted in pixIndex: -84
2021-12-13 23:24:01.881 [INF] : WarpCoreChaser(6.85): Chaser count: 1, CH(0): P: (4.669, 92.386, 0.000) - V: (1.954, -22.798, 0.000) - Exp: 6.998
2021-12-13 23:24:01.919 [ERR] : WarpCoreChaser: chaser (7.838, 48.013, 0.000), V: (1.954, -22.798, 0.000) resulted in pixIndex: -74
2021-12-13 23:24:01.928 [ERR] : WarpCoreChaser: chaser (7.653, 78.819, 0.000), V: (1.954, -22.798, 0.000) resulted in pixIndex: -43
2021-12-13 23:24:01.983 [INF] : WarpCoreChaser(6.95): Chaser count: 1, CH(0): P: (2.453, 96.058, 0.000) - V: (1.954, -22.798, 0.000) - Exp: 6.998
2021-12-13 23:24:02.009 [ERR] : WarpCoreChaser: chaser (7.945, 89.275, 0.000), V: (1.954, -22.798, 0.000) resulted in pixIndex: -33
2021-12-13 23:24:02.018 [ERR] : WarpCoreChaser: chaser (7.760, 120.081, 0.000), V: (1.954, -22.798, 0.000) resulted in pixIndex: -2
2021-12-13 23:24:02.026 [ERR] : WarpCoreChaser: chaser (7.575, 28.887, 0.000), V: (1.954, -22.798, 0.000) resulted in pixIndex: -93
2021-12-13 23:24:02.035 [INF] : Diag chaser expired: CH(0): P: (5.437, 82.492, 0.000) - V: (1.954, -22.798, 0.000) - Exp: 6.998
2021-12-13 23:24:03.188 [INF] : Add Chaser: CH(1): P: (4.000, 92.000, 0.000) - V: (0.648, 8.740, 0.000) - Exp: 10.528
2021-12-13 23:24:03.195 [INF] : WarpCoreChaser(8.16): Chaser count: 1, CH(1): P: (6.593, 4.960, 0.000) - V: (0.648, 8.740, 0.000) - Exp: 10.528
2021-12-13 23:24:03.199 [ERR] : WarpCoreChaser: chaser (7.890, 22.440, 0.000), V: (0.648, 8.740, 0.000) resulted in pixIndex: -100
2021-12-13 23:24:03.225 [ERR] : WarpCoreChaser: chaser (7.669, 5.320, 0.000), V: (0.648, 8.740, 0.000) resulted in pixIndex: -117
2021-12-13 23:24:03.279 [ERR] : WarpCoreChaser: chaser (7.877, 101.821, 0.000), V: (0.648, 8.740, 0.000) resulted in pixIndex: -20
2021-12-13 23:24:03.297 [INF] : WarpCoreChaser(8.26): Chaser count: 1, CH(1): P: (5.063, 49.741, 0.000) - V: (0.648, 8.740, 0.000) - Exp: 10.528
2021-12-13 23:24:03.306 [ERR] : WarpCoreChaser: chaser (7.656, 84.701, 0.000), V: (0.648, 8.740, 0.000) resulted in pixIndex: -37
2021-12-13 23:24:03.359 [ERR] : WarpCoreChaser: chaser (7.864, 59.202, 0.000), V: (0.648, 8.740, 0.000) resulted in pixIndex: -63
2021-12-13 23:24:03.386 [ERR] : WarpCoreChaser: chaser (7.643, 42.082, 0.000), V: (0.648, 8.740, 0.000) resulted in pixIndex: -80
2021-12-13 23:24:03.397 [INF] : WarpCoreChaser(8.36): Chaser count: 1, CH(1): P: (2.885, 85.783, 0.000) - V: (0.648, 8.740, 0.000) - Exp: 10.528
2021-12-13 23:24:03.442 [ERR] : WarpCoreChaser: chaser (7.851, 16.583, 0.000), V: (0.648, 8.740, 0.000) resulted in pixIndex: -105
2021-12-13 23:24:03.468 [ERR] : WarpCoreChaser: chaser (7.630, 121.463, 0.000), V: (0.648, 8.740, 0.000) resulted in pixIndex: -1
2021-12-13 23:24:03.498 [INF] : WarpCoreChaser(8.46): Chaser count: 1, CH(1): P: (0.058, 113.084, 0.000) - V: (0.648, 8.740, 0.000) - Exp: 10.528
2021-12-13 23:24:03.524 [ERR] : WarpCoreChaser: chaser (7.838, 95.964, 0.000), V: (0.648, 8.740, 0.000) resulted in pixIndex: -26
2021-12-13 23:24:03.550 [ERR] : WarpCoreChaser: chaser (7.617, 78.844, 0.000), V: (0.648, 8.740, 0.000) resulted in pixIndex: -43
2021-12-13 23:24:03.598 [INF] : WarpCoreChaser(8.56): Chaser count: 1, CH(1): P: (5.880, 27.125, 0.000) - V: (0.648, 8.740, 0.000) - Exp: 10.528
2021-12-13 23:24:03.604 [ERR] : WarpCoreChaser: chaser (7.824, 53.345, 0.000), V: (0.648, 8.740, 0.000) resulted in pixIndex: -69
2021-12-13 23:24:03.630 [ERR] : WarpCoreChaser: chaser (7.604, 36.225, 0.000), V: (0.648, 8.740, 0.000) resulted in pixIndex: -86
2021-12-13 23:24:03.683 [ERR] : WarpCoreChaser: chaser (7.811, 10.726, 0.000), V: (0.648, 8.740, 0.000) resulted in pixIndex: -111
2021-12-13 23:24:03.699 [INF] : WarpCoreChaser(8.66): Chaser count: 1, CH(1): P: (4.349, 71.906, 0.000) - V: (0.648, 8.740, 0.000) - Exp: 10.528
2021-12-13 23:24:03.710 [ERR] : WarpCoreChaser: chaser (7.591, 115.606, 0.000), V: (0.648, 8.740, 0.000) resulted in pixIndex: -6
2021-12-13 23:24:03.764 [ERR] : WarpCoreChaser: chaser (7.798, 90.107, 0.000), V: (0.648, 8.740, 0.000) resulted in pixIndex: -32
2021-12-13 23:24:03.790 [ERR] : WarpCoreChaser: chaser (7.578, 72.987, 0.000), V: (0.648, 8.740, 0.000) resulted in pixIndex: -49
2021-12-13 23:24:03.801 [INF] : WarpCoreChaser(8.76): Chaser count: 1, CH(1): P: (2.819, 116.687, 0.000) - V: (0.648, 8.740, 0.000) - Exp: 10.528
2021-12-13 23:24:03.847 [ERR] : WarpCoreChaser: chaser (7.785, 47.488, 0.000), V: (0.648, 8.740, 0.000) resulted in pixIndex: -75
2021-12-13 23:24:03.873 [ERR] : WarpCoreChaser: chaser (7.565, 30.368, 0.000), V: (0.648, 8.740, 0.000) resulted in pixIndex: -92
2021-12-13 23:24:03.901 [INF] : WarpCoreChaser(8.86): Chaser count: 1, CH(1): P: (7.344, 13.249, 0.000) - V: (0.648, 8.740, 0.000) - Exp: 10.528
2021-12-13 23:24:03.903 [ERR] : WarpCoreChaser: chaser (7.993, 21.989, 0.000), V: (0.648, 8.740, 0.000) resulted in pixIndex: -100
2021-12-13 23:24:03.928 [ERR] : WarpCoreChaser: chaser (7.772, 4.869, 0.000), V: (0.648, 8.740, 0.000) resulted in pixIndex: -117
2021-12-13 23:24:03.953 [ERR] : WarpCoreChaser: chaser (7.552, 109.749, 0.000), V: (0.648, 8.740, 0.000) resulted in pixIndex: -12
2021-12-13 23:24:03.981 [ERR] : WarpCoreChaser: chaser (7.980, 101.370, 0.000), V: (0.648, 8.740, 0.000) resulted in pixIndex: -21
2021-12-13 23:24:04.002 [INF] : WarpCoreChaser(8.97): Chaser count: 1, CH(1): P: (6.463, 66.770, 0.000) - V: (0.648, 8.740, 0.000) - Exp: 10.528
2021-12-13 23:24:04.006 [ERR] : WarpCoreChaser: chaser (7.759, 84.250, 0.000), V: (0.648, 8.740, 0.000) resulted in pixIndex: -38
2021-12-13 23:24:04.031 [ERR] : WarpCoreChaser: chaser (7.539, 67.130, 0.000), V: (0.648, 8.740, 0.000) resulted in pixIndex: -55
2021-12-13 23:24:04.059 [ERR] : WarpCoreChaser: chaser (7.967, 58.750, 0.000), V: (0.648, 8.740, 0.000) resulted in pixIndex: -63
2021-12-13 23:24:04.085 [ERR] : WarpCoreChaser: chaser (7.746, 41.631, 0.000), V: (0.648, 8.740, 0.000) resulted in pixIndex: -80
2021-12-13 23:24:04.103 [INF] : WarpCoreChaser(9.07): Chaser count: 1, CH(1): P: (3.636, 94.071, 0.000) - V: (0.648, 8.740, 0.000) - Exp: 10.528
2021-12-13 23:24:04.117 [ERR] : WarpCoreChaser: chaser (7.526, 24.511, 0.000), V: (0.648, 8.740, 0.000) resulted in pixIndex: -97
2021-12-13 23:24:04.148 [ERR] : WarpCoreChaser: chaser (7.954, 16.131, 0.000), V: (0.648, 8.740, 0.000) resulted in pixIndex: -106
2021-12-13 23:24:04.174 [ERR] : WarpCoreChaser: chaser (7.733, 121.012, 0.000), V: (0.648, 8.740, 0.000) resulted in pixIndex: -1
2021-12-13 23:24:04.200 [ERR] : WarpCoreChaser: chaser (7.513, 103.892, 0.000), V: (0.648, 8.740, 0.000) resulted in pixIndex: -18
2021-12-13 23:24:04.204 [INF] : WarpCoreChaser(9.17): Chaser count: 1, CH(1): P: (0.809, 121.372, 0.000) - V: (0.648, 8.740, 0.000) - Exp: 10.528
2021-12-13 23:24:04.227 [ERR] : WarpCoreChaser: chaser (7.940, 95.512, 0.000), V: (0.648, 8.740, 0.000) resulted in pixIndex: -26
2021-12-13 23:24:04.253 [ERR] : WarpCoreChaser: chaser (7.720, 78.393, 0.000), V: (0.648, 8.740, 0.000) resulted in pixIndex: -44
2021-12-13 23:24:04.306 [INF] : WarpCoreChaser(9.27): Chaser count: 1, CH(1): P: (5.983, 26.673, 0.000) - V: (0.648, 8.740, 0.000) - Exp: 10.528
2021-12-13 23:24:04.313 [ERR] : WarpCoreChaser: chaser (7.927, 52.893, 0.000), V: (0.648, 8.740, 0.000) resulted in pixIndex: -69
2021-12-13 23:24:04.339 [ERR] : WarpCoreChaser: chaser (7.707, 35.774, 0.000), V: (0.648, 8.740, 0.000) resulted in pixIndex: -86
2021-12-13 23:24:04.396 [ERR] : WarpCoreChaser: chaser (7.914, 10.274, 0.000), V: (0.648, 8.740, 0.000) resulted in pixIndex: -112
2021-12-13 23:24:04.406 [INF] : WarpCoreChaser(9.37): Chaser count: 1, CH(1): P: (2.508, 45.234, 0.000) - V: (0.648, 8.740, 0.000) - Exp: 10.528
2021-12-13 23:24:04.423 [ERR] : WarpCoreChaser: chaser (7.694, 115.155, 0.000), V: (0.648, 8.740, 0.000) resulted in pixIndex: -7
2021-12-13 23:24:04.477 [ERR] : WarpCoreChaser: chaser (7.901, 89.655, 0.000), V: (0.648, 8.740, 0.000) resulted in pixIndex: -32
2021-12-13 23:24:04.503 [ERR] : WarpCoreChaser: chaser (7.681, 72.536, 0.000), V: (0.648, 8.740, 0.000) resulted in pixIndex: -49
2021-12-13 23:24:04.508 [INF] : WarpCoreChaser(9.47): Chaser count: 1, CH(1): P: (0.977, 90.016, 0.000) - V: (0.648, 8.740, 0.000) - Exp: 10.528
2021-12-13 23:24:04.558 [ERR] : WarpCoreChaser: chaser (7.888, 47.036, 0.000), V: (0.648, 8.740, 0.000) resulted in pixIndex: -75
2021-12-13 23:24:04.584 [ERR] : WarpCoreChaser: chaser (7.668, 29.917, 0.000), V: (0.648, 8.740, 0.000) resulted in pixIndex: -92
2021-12-13 23:24:04.608 [INF] : WarpCoreChaser(9.57): Chaser count: 1, CH(1): P: (6.799, 4.057, 0.000) - V: (0.648, 8.740, 0.000) - Exp: 10.528
2021-12-13 23:24:04.638 [ERR] : WarpCoreChaser: chaser (7.875, 4.417, 0.000), V: (0.648, 8.740, 0.000) resulted in pixIndex: -118
2021-12-13 23:24:04.664 [ERR] : WarpCoreChaser: chaser (7.655, 109.298, 0.000), V: (0.648, 8.740, 0.000) resulted in pixIndex: -13
2021-12-13 23:24:04.709 [INF] : WarpCoreChaser(9.67): Chaser count: 1, CH(1): P: (5.269, 48.838, 0.000) - V: (0.648, 8.740, 0.000) - Exp: 10.528
2021-12-13 23:24:04.718 [ERR] : WarpCoreChaser: chaser (7.862, 83.798, 0.000), V: (0.648, 8.740, 0.000) resulted in pixIndex: -38
2021-12-13 23:24:04.744 [ERR] : WarpCoreChaser: chaser (7.642, 66.679, 0.000), V: (0.648, 8.740, 0.000) resulted in pixIndex: -55
2021-12-13 23:24:04.799 [ERR] : WarpCoreChaser: chaser (7.849, 41.179, 0.000), V: (0.648, 8.740, 0.000) resulted in pixIndex: -81
2021-12-13 23:24:04.810 [INF] : WarpCoreChaser(9.77): Chaser count: 1, CH(1): P: (3.091, 84.879, 0.000) - V: (0.648, 8.740, 0.000) - Exp: 10.528
2021-12-13 23:24:04.824 [ERR] : WarpCoreChaser: chaser (7.629, 24.060, 0.000), V: (0.648, 8.740, 0.000) resulted in pixIndex: -98
2021-12-13 23:24:04.881 [ERR] : WarpCoreChaser: chaser (7.836, 120.560, 0.000), V: (0.648, 8.740, 0.000) resulted in pixIndex: -1
2021-12-13 23:24:04.908 [ERR] : WarpCoreChaser: chaser (7.616, 103.440, 0.000), V: (0.648, 8.740, 0.000) resulted in pixIndex: -19
2021-12-13 23:24:04.910 [INF] : WarpCoreChaser(9.87): Chaser count: 1, CH(1): P: (0.264, 112.181, 0.000) - V: (0.648, 8.740, 0.000) - Exp: 10.528
2021-12-13 23:24:04.962 [ERR] : WarpCoreChaser: chaser (7.823, 77.941, 0.000), V: (0.648, 8.740, 0.000) resulted in pixIndex: -44
2021-12-13 23:24:04.988 [ERR] : WarpCoreChaser: chaser (7.602, 60.821, 0.000), V: (0.648, 8.740, 0.000) resulted in pixIndex: -61
2021-12-13 23:24:05.012 [INF] : WarpCoreChaser(9.98): Chaser count: 1, CH(1): P: (6.734, 34.962, 0.000) - V: (0.648, 8.740, 0.000) - Exp: 10.528
2021-12-13 23:24:05.042 [ERR] : WarpCoreChaser: chaser (7.810, 35.322, 0.000), V: (0.648, 8.740, 0.000) resulted in pixIndex: -87
2021-12-13 23:24:05.068 [ERR] : WarpCoreChaser: chaser (7.589, 18.202, 0.000), V: (0.648, 8.740, 0.000) resulted in pixIndex: -104
2021-12-13 23:24:05.114 [INF] : WarpCoreChaser(10.08): Chaser count: 1, CH(1): P: (5.204, 79.743, 0.000) - V: (0.648, 8.740, 0.000) - Exp: 10.528
2021-12-13 23:24:05.124 [ERR] : WarpCoreChaser: chaser (7.797, 114.703, 0.000), V: (0.648, 8.740, 0.000) resulted in pixIndex: -7
2021-12-13 23:24:05.150 [ERR] : WarpCoreChaser: chaser (7.576, 97.583, 0.000), V: (0.648, 8.740, 0.000) resulted in pixIndex: -24
2021-12-13 23:24:05.203 [ERR] : WarpCoreChaser: chaser (7.784, 72.084, 0.000), V: (0.648, 8.740, 0.000) resulted in pixIndex: -50
2021-12-13 23:24:05.214 [INF] : WarpCoreChaser(10.18): Chaser count: 1, CH(1): P: (3.025, 115.784, 0.000) - V: (0.648, 8.740, 0.000) - Exp: 10.528
2021-12-13 23:24:05.229 [ERR] : WarpCoreChaser: chaser (7.563, 54.964, 0.000), V: (0.648, 8.740, 0.000) resulted in pixIndex: -67
2021-12-13 23:24:05.257 [ERR] : WarpCoreChaser: chaser (7.991, 46.585, 0.000), V: (0.648, 8.740, 0.000) resulted in pixIndex: -75
2021-12-13 23:24:05.282 [ERR] : WarpCoreChaser: chaser (7.771, 29.465, 0.000), V: (0.648, 8.740, 0.000) resulted in pixIndex: -93
2021-12-13 23:24:05.309 [ERR] : WarpCoreChaser: chaser (7.550, 12.345, 0.000), V: (0.648, 8.740, 0.000) resulted in pixIndex: -110
2021-12-13 23:24:05.316 [INF] : WarpCoreChaser(10.28): Chaser count: 1, CH(1): P: (1.495, 38.565, 0.000) - V: (0.648, 8.740, 0.000) - Exp: 10.528
2021-12-13 23:24:05.337 [ERR] : WarpCoreChaser: chaser (7.978, 3.966, 0.000), V: (0.648, 8.740, 0.000) resulted in pixIndex: -118
2021-12-13 23:24:05.364 [ERR] : WarpCoreChaser: chaser (7.758, 108.846, 0.000), V: (0.648, 8.740, 0.000) resulted in pixIndex: -13
2021-12-13 23:24:05.389 [ERR] : WarpCoreChaser: chaser (7.537, 91.726, 0.000), V: (0.648, 8.740, 0.000) resulted in pixIndex: -30
2021-12-13 23:24:05.416 [ERR] : WarpCoreChaser: chaser (7.965, 83.347, 0.000), V: (0.648, 8.740, 0.000) resulted in pixIndex: -39
2021-12-13 23:24:05.416 [INF] : WarpCoreChaser(10.38): Chaser count: 1, CH(1): P: (7.965, 83.347, 0.000) - V: (0.648, 8.740, 0.000) - Exp: 10.528
2021-12-13 23:24:05.441 [ERR] : WarpCoreChaser: chaser (7.745, 66.227, 0.000), V: (0.648, 8.740, 0.000) resulted in pixIndex: -56
2021-12-13 23:24:05.467 [ERR] : WarpCoreChaser: chaser (7.524, 49.107, 0.000), V: (0.648, 8.740, 0.000) resulted in pixIndex: -73
2021-12-13 23:24:05.499 [ERR] : WarpCoreChaser: chaser (7.952, 40.728, 0.000), V: (0.648, 8.740, 0.000) resulted in pixIndex: -81
2021-12-13 23:24:05.517 [INF] : WarpCoreChaser(10.48): Chaser count: 1, CH(1): P: (5.138, 110.648, 0.000) - V: (0.648, 8.740, 0.000) - Exp: 10.528
2021-12-13 23:24:05.525 [ERR] : WarpCoreChaser: chaser (7.731, 23.608, 0.000), V: (0.648, 8.740, 0.000) resulted in pixIndex: -98
2021-12-13 23:24:05.552 [ERR] : WarpCoreChaser: chaser (7.511, 6.488, 0.000), V: (0.648, 8.740, 0.000) resulted in pixIndex: -116
2021-12-13 23:24:05.565 [INF] : Diag chaser expired: CH(1): P: (2.753, 50.188, 0.000) - V: (0.648, 8.740, 0.000) - Exp: 10.528
2021-12-13 23:29:09.926 [INF] Server: Pi Engine Room Controller Starting
2021-12-13 23:29:09.979 [INF] : NeoPixelHardwareRPI: Creating an RPI NeoPixel protocol on GPIO pin Gpio18 for 976 pixels.
2021-12-13 23:29:09.980 [INF] : WarpCore: Finished creating CoreStripProtocol
2021-12-13 23:29:09.980 [INF] : WarpCore: Finished creating CoreStrip
2021-12-13 23:29:09.983 [INF] : FastNoiseLite: Start Sampling Noise
2021-12-13 23:29:09.983 [INF] : FastNoiseLite: Noise Sampling produced a noise range of [1.000, -1.000] (R: -2.000) in 0.000 seconds
2021-12-13 23:29:10.104 [INF] : AnimationService starting.
2021-12-13 23:29:10.105 [INF] : RenderWorker is starting
2021-12-13 23:29:10.127 [INF] : Add Chaser: CH(0): P: (0.000, 71.000, 0.000) - V: (1.488, -14.400, 0.000) - Exp: 6.394
2021-12-13 23:29:10.128 [INF] : WarpCoreChaser(0.13): Chaser count: 1, CH(0): P: (1.488, 56.600, 0.000) - V: (1.488, -14.400, 0.000) - Exp: 6.394
2021-12-13 23:29:22.617 [INF] Microsoft.Hosting.Lifetime: Now listening on: http://[::]:4000
2021-12-13 23:29:22.617 [INF] Microsoft.Hosting.Lifetime: Application started. Press Ctrl+C to shut down.
2021-12-13 23:29:22.618 [INF] Microsoft.Hosting.Lifetime: Hosting environment: Development
2021-12-13 23:29:22.618 [INF] Microsoft.Hosting.Lifetime: Content root path: C:\Users\david\source\repos\space-sim\pi-engine-room\Server\
2021-12-13 23:29:22.627 [ERR] : WarpCore.Animate: Caught exception: System.ArgumentOutOfRangeException: x must be > 0, < 8 (Parameter 'x')
Actual value was 8.
   at WarpCoreController.WarpCore.GetPixelIndex(Int32 x, Int32 y) in C:\Users\david\source\repos\space-sim\pi-engine-room\WarpCoreController\WarpCore.cs:line 144
   at WarpCoreController.WarpCoreChaser.Render(Double powerLevel, Double simElapsedTime, List`1 Pixels, Boolean showDiags) in C:\Users\david\source\repos\space-sim\pi-engine-room\WarpCoreController\WarpCore-Chaser.cs:line 161
   at WarpCoreController.WarpCore.CoreAnimationFrame() in C:\Users\david\source\repos\space-sim\pi-engine-room\WarpCoreController\WarpCore.cs:line 272
   at WarpCoreController.WarpCore.Animate() in C:\Users\david\source\repos\space-sim\pi-engine-room\WarpCoreController\WarpCore.cs:line 237
2021-12-13 23:29:22.629 [INF] : Diag chaser expired: CH(0): P: (7.803, 84.603, 0.000) - V: (1.488, -14.400, 0.000) - Exp: 6.394
2021-12-13 23:31:08.978 [INF] Server: Pi Engine Room Controller Starting
2021-12-13 23:31:09.028 [INF] : NeoPixelHardwareRPI: Creating an RPI NeoPixel protocol on GPIO pin Gpio18 for 976 pixels.
2021-12-13 23:31:09.029 [INF] : WarpCore: Finished creating CoreStripProtocol
2021-12-13 23:31:09.029 [INF] : WarpCore: Finished creating CoreStrip
2021-12-13 23:31:09.031 [INF] : FastNoiseLite: Start Sampling Noise
2021-12-13 23:31:09.031 [INF] : FastNoiseLite: Noise Sampling produced a noise range of [1.000, -1.000] (R: -2.000) in 0.000 seconds
2021-12-13 23:31:09.133 [INF] : AnimationService starting.
2021-12-13 23:31:09.133 [INF] : RenderWorker is starting
2021-12-13 23:31:09.152 [INF] : Add Chaser: CH(0): P: (4.000, 37.000, 0.000) - V: (1.943, -1.678, 0.000) - Exp: 2.050
2021-12-13 23:31:09.153 [INF] : WarpCoreChaser(0.11): Chaser count: 1, CH(0): P: (5.943, 35.322, 0.000) - V: (1.943, -1.678, 0.000) - Exp: 2.050
2021-12-13 23:31:09.237 [INF] Microsoft.Hosting.Lifetime: Now listening on: http://[::]:4000
2021-12-13 23:31:09.237 [INF] Microsoft.Hosting.Lifetime: Application started. Press Ctrl+C to shut down.
2021-12-13 23:31:09.237 [INF] Microsoft.Hosting.Lifetime: Hosting environment: Development
2021-12-13 23:31:09.237 [INF] Microsoft.Hosting.Lifetime: Content root path: C:\Users\david\source\repos\space-sim\pi-engine-room\Server\
2021-12-13 23:31:09.238 [INF] : WarpCoreChaser(0.21): Chaser count: 1, CH(0): P: (0.915, 5.120, 0.000) - V: (1.943, -1.678, 0.000) - Exp: 2.050
2021-12-13 23:31:09.337 [INF] : WarpCoreChaser(0.31): Chaser count: 1, CH(0): P: (2.745, 63.361, 0.000) - V: (1.943, -1.678, 0.000) - Exp: 2.050
2021-12-13 23:31:09.440 [INF] : WarpCoreChaser(0.41): Chaser count: 1, CH(0): P: (2.632, 1.279, 0.000) - V: (1.943, -1.678, 0.000) - Exp: 2.050
2021-12-13 23:31:09.540 [INF] : WarpCoreChaser(0.51): Chaser count: 1, CH(0): P: (7.090, 77.976, 0.000) - V: (1.943, -1.678, 0.000) - Exp: 2.050
2021-12-13 23:31:09.639 [INF] : WarpCoreChaser(0.61): Chaser count: 1, CH(0): P: (6.978, 15.895, 0.000) - V: (1.943, -1.678, 0.000) - Exp: 2.050
2021-12-13 23:31:09.740 [INF] : WarpCoreChaser(0.72): Chaser count: 1, CH(0): P: (0.808, 74.135, 0.000) - V: (1.943, -1.678, 0.000) - Exp: 2.050
2021-12-13 23:31:09.847 [INF] : WarpCoreChaser(0.82): Chaser count: 1, CH(0): P: (4.352, 1.987, 0.000) - V: (1.943, -1.678, 0.000) - Exp: 2.050
2021-12-13 23:31:09.943 [INF] : WarpCoreChaser(0.92): Chaser count: 1, CH(0): P: (1.267, 92.107, 0.000) - V: (1.943, -1.678, 0.000) - Exp: 2.050
2021-12-13 23:31:10.045 [INF] : WarpCoreChaser(1.02): Chaser count: 1, CH(0): P: (1.383, 36.737, 0.000) - V: (1.943, -1.678, 0.000) - Exp: 2.050
2021-12-13 23:31:10.147 [INF] : WarpCoreChaser(1.12): Chaser count: 1, CH(0): P: (1.270, 96.655, 0.000) - V: (1.943, -1.678, 0.000) - Exp: 2.050
2021-12-13 23:31:10.249 [INF] : WarpCoreChaser(1.22): Chaser count: 1, CH(0): P: (3.100, 32.896, 0.000) - V: (1.943, -1.678, 0.000) - Exp: 2.050
2021-12-13 23:31:10.351 [INF] : WarpCoreChaser(1.32): Chaser count: 1, CH(0): P: (1.501, 107.915, 0.000) - V: (1.943, -1.678, 0.000) - Exp: 2.050
2021-12-13 23:31:10.454 [INF] : WarpCoreChaser(1.43): Chaser count: 1, CH(0): P: (4.245, 71.002, 0.000) - V: (1.943, -1.678, 0.000) - Exp: 2.050
2021-12-13 23:31:10.551 [INF] : WarpCoreChaser(1.53): Chaser count: 1, CH(0): P: (0.703, 25.699, 0.000) - V: (1.943, -1.678, 0.000) - Exp: 2.050
2021-12-13 23:31:10.653 [INF] : WarpCoreChaser(1.63): Chaser count: 1, CH(0): P: (0.819, 92.329, 0.000) - V: (1.943, -1.678, 0.000) - Exp: 2.050
2021-12-13 23:31:10.752 [INF] : WarpCoreChaser(1.73): Chaser count: 1, CH(0): P: (6.991, 38.637, 0.000) - V: (1.943, -1.678, 0.000) - Exp: 2.050
2021-12-13 23:31:10.855 [INF] : WarpCoreChaser(1.83): Chaser count: 1, CH(0): P: (4.936, 100.233, 0.000) - V: (1.943, -1.678, 0.000) - Exp: 2.050
2021-12-13 23:31:10.957 [INF] : WarpCoreChaser(1.93): Chaser count: 1, CH(0): P: (4.823, 38.151, 0.000) - V: (1.943, -1.678, 0.000) - Exp: 2.050
2021-12-13 23:31:11.060 [INF] : WarpCoreChaser(2.03): Chaser count: 1, CH(0): P: (6.881, 103.103, 0.000) - V: (1.943, -1.678, 0.000) - Exp: 2.050
2021-12-13 23:31:11.078 [INF] : Diag chaser expired: CH(0): P: (6.653, 96.392, 0.000) - V: (1.943, -1.678, 0.000) - Exp: 2.050
2021-12-13 23:31:17.138 [INF] : Add Chaser: CH(1): P: (4.000, 97.000, 0.000) - V: (1.730, 13.094, 0.000) - Exp: 10.434
2021-12-13 23:31:17.238 [INF] : WarpCoreChaser(8.21): Chaser count: 1, CH(1): P: (1.848, 76.241, 0.000) - V: (1.730, 13.094, 0.000) - Exp: 10.434
2021-12-13 23:31:17.340 [INF] : WarpCoreChaser(8.31): Chaser count: 1, CH(1): P: (1.426, 68.577, 0.000) - V: (1.730, 13.094, 0.000) - Exp: 10.434
2021-12-13 23:31:17.441 [INF] : WarpCoreChaser(8.42): Chaser count: 1, CH(1): P: (5.543, 34.724, 0.000) - V: (1.730, 13.094, 0.000) - Exp: 10.434
2021-12-13 23:31:17.541 [INF] : WarpCoreChaser(8.52): Chaser count: 1, CH(1): P: (7.931, 109.776, 0.000) - V: (1.730, 13.094, 0.000) - Exp: 10.434
2021-12-13 23:31:17.641 [INF] : WarpCoreChaser(8.62): Chaser count: 1, CH(1): P: (4.049, 75.923, 0.000) - V: (1.730, 13.094, 0.000) - Exp: 10.434
2021-12-13 23:31:17.742 [INF] : WarpCoreChaser(8.72): Chaser count: 1, CH(1): P: (1.897, 55.164, 0.000) - V: (1.730, 13.094, 0.000) - Exp: 10.434
2021-12-13 23:31:17.843 [INF] : WarpCoreChaser(8.82): Chaser count: 1, CH(1): P: (4.285, 8.217, 0.000) - V: (1.730, 13.094, 0.000) - Exp: 10.434
2021-12-13 23:31:17.943 [INF] : WarpCoreChaser(8.92): Chaser count: 1, CH(1): P: (1.483, 43.987, 0.000) - V: (1.730, 13.094, 0.000) - Exp: 10.434
2021-12-13 23:31:18.043 [INF] : WarpCoreChaser(9.02): Chaser count: 1, CH(1): P: (1.061, 36.323, 0.000) - V: (1.730, 13.094, 0.000) - Exp: 10.434
2021-12-13 23:31:18.145 [INF] : WarpCoreChaser(9.12): Chaser count: 1, CH(1): P: (2.368, 41.752, 0.000) - V: (1.730, 13.094, 0.000) - Exp: 10.434
2021-12-13 23:31:18.246 [INF] : WarpCoreChaser(9.22): Chaser count: 1, CH(1): P: (0.216, 20.994, 0.000) - V: (1.730, 13.094, 0.000) - Exp: 10.434
2021-12-13 23:31:18.347 [INF] : WarpCoreChaser(9.32): Chaser count: 1, CH(1): P: (7.794, 13.329, 0.000) - V: (1.730, 13.094, 0.000) - Exp: 10.434
2021-12-13 23:31:18.448 [INF] : WarpCoreChaser(9.42): Chaser count: 1, CH(1): P: (3.912, 101.476, 0.000) - V: (1.730, 13.094, 0.000) - Exp: 10.434
2021-12-13 23:31:18.550 [INF] : WarpCoreChaser(9.52): Chaser count: 1, CH(1): P: (5.219, 106.906, 0.000) - V: (1.730, 13.094, 0.000) - Exp: 10.434
2021-12-13 23:31:18.652 [INF] : WarpCoreChaser(9.63): Chaser count: 1, CH(1): P: (0.257, 3.430, 0.000) - V: (1.730, 13.094, 0.000) - Exp: 10.434
2021-12-13 23:31:18.753 [INF] : WarpCoreChaser(9.73): Chaser count: 1, CH(1): P: (7.835, 117.765, 0.000) - V: (1.730, 13.094, 0.000) - Exp: 10.434
2021-12-13 23:31:18.858 [INF] : WarpCoreChaser(9.83): Chaser count: 1, CH(1): P: (7.412, 110.101, 0.000) - V: (1.730, 13.094, 0.000) - Exp: 10.434
2021-12-13 23:31:18.957 [INF] : WarpCoreChaser(9.93): Chaser count: 1, CH(1): P: (1.800, 63.153, 0.000) - V: (1.730, 13.094, 0.000) - Exp: 10.434
2021-12-13 23:31:19.057 [INF] : WarpCoreChaser(10.03): Chaser count: 1, CH(1): P: (1.378, 55.489, 0.000) - V: (1.730, 13.094, 0.000) - Exp: 10.434
2021-12-13 23:31:19.158 [INF] : WarpCoreChaser(10.13): Chaser count: 1, CH(1): P: (2.686, 60.918, 0.000) - V: (1.730, 13.094, 0.000) - Exp: 10.434
2021-12-13 23:31:19.260 [INF] : WarpCoreChaser(10.23): Chaser count: 1, CH(1): P: (2.264, 53.254, 0.000) - V: (1.730, 13.094, 0.000) - Exp: 10.434
2021-12-13 23:31:19.361 [INF] : WarpCoreChaser(10.34): Chaser count: 1, CH(1): P: (1.841, 45.589, 0.000) - V: (1.730, 13.094, 0.000) - Exp: 10.434
2021-12-13 23:31:19.462 [INF] : Diag chaser expired: CH(1): P: (4.229, 120.642, 0.000) - V: (1.730, 13.094, 0.000) - Exp: 10.434
2021-12-13 23:31:25.139 [INF] : Add Chaser: CH(2): P: (4.000, 117.000, 0.000) - V: (1.472, -3.101, 0.000) - Exp: 20.453
2021-12-13 23:31:25.230 [INF] : WarpCoreChaser(16.20): Chaser count: 1, CH(2): P: (1.807, 108.738, 0.000) - V: (1.472, -3.101, 0.000) - Exp: 20.453
2021-12-13 23:31:25.331 [INF] : WarpCoreChaser(16.30): Chaser count: 1, CH(2): P: (4.028, 91.171, 0.000) - V: (1.472, -3.101, 0.000) - Exp: 20.453
2021-12-13 23:31:25.431 [INF] : WarpCoreChaser(16.40): Chaser count: 1, CH(2): P: (2.477, 98.417, 0.000) - V: (1.472, -3.101, 0.000) - Exp: 20.453
2021-12-13 23:31:25.532 [INF] : WarpCoreChaser(16.51): Chaser count: 1, CH(2): P: (4.699, 80.850, 0.000) - V: (1.472, -3.101, 0.000) - Exp: 20.453
2021-12-13 23:31:25.634 [INF] : WarpCoreChaser(16.61): Chaser count: 1, CH(2): P: (0.392, 60.182, 0.000) - V: (1.472, -3.101, 0.000) - Exp: 20.453
2021-12-13 23:31:25.734 [INF] : WarpCoreChaser(16.71): Chaser count: 1, CH(2): P: (2.613, 42.615, 0.000) - V: (1.472, -3.101, 0.000) - Exp: 20.453
2021-12-13 23:31:25.835 [INF] : WarpCoreChaser(16.81): Chaser count: 1, CH(2): P: (6.306, 21.947, 0.000) - V: (1.472, -3.101, 0.000) - Exp: 20.453
2021-12-13 23:31:25.935 [INF] : WarpCoreChaser(16.91): Chaser count: 1, CH(2): P: (2.000, 1.279, 0.000) - V: (1.472, -3.101, 0.000) - Exp: 20.453
2021-12-13 23:31:26.036 [INF] : WarpCoreChaser(17.01): Chaser count: 1, CH(2): P: (5.693, 102.611, 0.000) - V: (1.472, -3.101, 0.000) - Exp: 20.453
2021-12-13 23:31:26.136 [INF] : WarpCoreChaser(17.11): Chaser count: 1, CH(2): P: (1.386, 81.943, 0.000) - V: (1.472, -3.101, 0.000) - Exp: 20.453
2021-12-13 23:31:26.237 [INF] : WarpCoreChaser(17.21): Chaser count: 1, CH(2): P: (5.079, 61.275, 0.000) - V: (1.472, -3.101, 0.000) - Exp: 20.453
2021-12-13 23:31:26.339 [INF] : WarpCoreChaser(17.31): Chaser count: 1, CH(2): P: (0.772, 40.607, 0.000) - V: (1.472, -3.101, 0.000) - Exp: 20.453
2021-12-13 23:31:26.441 [INF] : WarpCoreChaser(17.41): Chaser count: 1, CH(2): P: (2.994, 23.041, 0.000) - V: (1.472, -3.101, 0.000) - Exp: 20.453
2021-12-13 23:31:26.542 [INF] : WarpCoreChaser(17.52): Chaser count: 1, CH(2): P: (6.687, 2.373, 0.000) - V: (1.472, -3.101, 0.000) - Exp: 20.453
2021-12-13 23:31:26.644 [INF] : WarpCoreChaser(17.62): Chaser count: 1, CH(2): P: (3.852, 100.603, 0.000) - V: (1.472, -3.101, 0.000) - Exp: 20.453
2021-12-13 23:31:26.746 [INF] : WarpCoreChaser(17.72): Chaser count: 1, CH(2): P: (1.016, 76.834, 0.000) - V: (1.472, -3.101, 0.000) - Exp: 20.453
2021-12-13 23:31:26.847 [INF] : WarpCoreChaser(17.82): Chaser count: 1, CH(2): P: (4.709, 56.165, 0.000) - V: (1.472, -3.101, 0.000) - Exp: 20.453
2021-12-13 23:31:26.947 [INF] : WarpCoreChaser(17.92): Chaser count: 1, CH(2): P: (6.931, 38.599, 0.000) - V: (1.472, -3.101, 0.000) - Exp: 20.453
2021-12-13 23:31:27.049 [INF] : WarpCoreChaser(18.02): Chaser count: 1, CH(2): P: (2.624, 17.931, 0.000) - V: (1.472, -3.101, 0.000) - Exp: 20.453
2021-12-13 23:31:27.150 [INF] : WarpCoreChaser(18.12): Chaser count: 1, CH(2): P: (3.374, 3.466, 0.000) - V: (1.472, -3.101, 0.000) - Exp: 20.453
2021-12-13 23:31:27.250 [INF] : WarpCoreChaser(18.22): Chaser count: 1, CH(2): P: (5.596, 107.899, 0.000) - V: (1.472, -3.101, 0.000) - Exp: 20.453
2021-12-13 23:31:27.351 [INF] : WarpCoreChaser(18.32): Chaser count: 1, CH(2): P: (4.874, 96.536, 0.000) - V: (1.472, -3.101, 0.000) - Exp: 20.453
2021-12-13 23:31:27.453 [INF] : WarpCoreChaser(18.43): Chaser count: 1, CH(2): P: (0.567, 75.868, 0.000) - V: (1.472, -3.101, 0.000) - Exp: 20.453
2021-12-13 23:31:27.554 [INF] : WarpCoreChaser(18.53): Chaser count: 1, CH(2): P: (2.789, 58.301, 0.000) - V: (1.472, -3.101, 0.000) - Exp: 20.453
2021-12-13 23:31:27.655 [INF] : WarpCoreChaser(18.63): Chaser count: 1, CH(2): P: (6.482, 37.633, 0.000) - V: (1.472, -3.101, 0.000) - Exp: 20.453
2021-12-13 23:31:27.756 [INF] : WarpCoreChaser(18.73): Chaser count: 1, CH(2): P: (2.175, 16.965, 0.000) - V: (1.472, -3.101, 0.000) - Exp: 20.453
2021-12-13 23:31:27.858 [INF] : WarpCoreChaser(18.83): Chaser count: 1, CH(2): P: (5.868, 118.297, 0.000) - V: (1.472, -3.101, 0.000) - Exp: 20.453
2021-12-13 23:31:27.959 [INF] : WarpCoreChaser(18.93): Chaser count: 1, CH(2): P: (3.033, 94.527, 0.000) - V: (1.472, -3.101, 0.000) - Exp: 20.453
2021-12-13 23:31:28.061 [INF] : WarpCoreChaser(19.03): Chaser count: 1, CH(2): P: (0.197, 70.758, 0.000) - V: (1.472, -3.101, 0.000) - Exp: 20.453
2021-12-13 23:31:28.162 [INF] : WarpCoreChaser(19.14): Chaser count: 1, CH(2): P: (5.362, 46.988, 0.000) - V: (1.472, -3.101, 0.000) - Exp: 20.453
2021-12-13 23:31:28.265 [INF] : WarpCoreChaser(19.24): Chaser count: 1, CH(2): P: (2.527, 23.219, 0.000) - V: (1.472, -3.101, 0.000) - Exp: 20.453
2021-12-13 23:31:28.366 [INF] : WarpCoreChaser(19.34): Chaser count: 1, CH(2): P: (6.220, 2.551, 0.000) - V: (1.472, -3.101, 0.000) - Exp: 20.453
2021-12-13 23:31:28.468 [INF] : WarpCoreChaser(19.44): Chaser count: 1, CH(2): P: (4.856, 97.680, 0.000) - V: (1.472, -3.101, 0.000) - Exp: 20.453
2021-12-13 23:31:28.569 [INF] : WarpCoreChaser(19.54): Chaser count: 1, CH(2): P: (5.606, 83.215, 0.000) - V: (1.472, -3.101, 0.000) - Exp: 20.453
2021-12-13 23:31:28.669 [INF] : WarpCoreChaser(19.64): Chaser count: 1, CH(2): P: (6.356, 68.750, 0.000) - V: (1.472, -3.101, 0.000) - Exp: 20.453
2021-12-13 23:31:28.769 [INF] : WarpCoreChaser(19.74): Chaser count: 1, CH(2): P: (0.578, 51.183, 0.000) - V: (1.472, -3.101, 0.000) - Exp: 20.453
2021-12-13 23:31:28.871 [INF] : WarpCoreChaser(19.84): Chaser count: 1, CH(2): P: (5.742, 27.413, 0.000) - V: (1.472, -3.101, 0.000) - Exp: 20.453
2021-12-13 23:31:28.972 [INF] : WarpCoreChaser(19.95): Chaser count: 1, CH(2): P: (2.907, 3.644, 0.000) - V: (1.472, -3.101, 0.000) - Exp: 20.453
2021-12-13 23:31:29.074 [INF] : WarpCoreChaser(20.05): Chaser count: 1, CH(2): P: (0.072, 101.874, 0.000) - V: (1.472, -3.101, 0.000) - Exp: 20.453
2021-12-13 23:31:29.174 [INF] : WarpCoreChaser(20.15): Chaser count: 1, CH(2): P: (3.765, 81.206, 0.000) - V: (1.472, -3.101, 0.000) - Exp: 20.453
2021-12-13 23:31:29.276 [INF] : WarpCoreChaser(20.25): Chaser count: 1, CH(2): P: (7.458, 60.538, 0.000) - V: (1.472, -3.101, 0.000) - Exp: 20.453
2021-12-13 23:31:29.376 [INF] : WarpCoreChaser(20.35): Chaser count: 1, CH(2): P: (6.736, 49.175, 0.000) - V: (1.472, -3.101, 0.000) - Exp: 20.453
2021-12-13 23:31:29.478 [INF] : WarpCoreChaser(20.45): Chaser count: 1, CH(2): P: (0.958, 31.608, 0.000) - V: (1.472, -3.101, 0.000) - Exp: 20.453
2021-12-13 23:31:29.480 [INF] : Diag chaser expired: CH(2): P: (0.958, 31.608, 0.000) - V: (1.472, -3.101, 0.000) - Exp: 20.453
2021-12-13 23:31:33.140 [INF] : Add Chaser: CH(3): P: (2.000, 49.000, 0.000) - V: (-0.967, 10.229, 0.000) - Exp: 29.314
2021-12-13 23:31:33.215 [INF] : WarpCoreChaser(24.19): Chaser count: 1, CH(3): P: (1.138, 30.799, 0.000) - V: (-0.967, 10.229, 0.000) - Exp: 29.314
2021-12-13 23:31:33.316 [INF] : WarpCoreChaser(24.29): Chaser count: 1, CH(3): P: (5.644, 3.121, 0.000) - V: (-0.967, 10.229, 0.000) - Exp: 29.314
2021-12-13 23:31:33.417 [INF] : WarpCoreChaser(24.39): Chaser count: 1, CH(3): P: (2.150, 97.443, 0.000) - V: (-0.967, 10.229, 0.000) - Exp: 29.314
2021-12-13 23:31:33.518 [INF] : WarpCoreChaser(24.49): Chaser count: 1, CH(3): P: (5.689, 79.995, 0.000) - V: (-0.967, 10.229, 0.000) - Exp: 29.314
2021-12-13 23:31:33.620 [INF] : WarpCoreChaser(24.59): Chaser count: 1, CH(3): P: (1.228, 62.546, 0.000) - V: (-0.967, 10.229, 0.000) - Exp: 29.314
2021-12-13 23:31:33.721 [INF] : WarpCoreChaser(24.69): Chaser count: 1, CH(3): P: (4.768, 45.098, 0.000) - V: (-0.967, 10.229, 0.000) - Exp: 29.314
2021-12-13 23:31:33.823 [INF] : WarpCoreChaser(24.80): Chaser count: 1, CH(3): P: (0.307, 27.649, 0.000) - V: (-0.967, 10.229, 0.000) - Exp: 29.314
2021-12-13 23:31:33.924 [INF] : WarpCoreChaser(24.90): Chaser count: 1, CH(3): P: (3.846, 10.201, 0.000) - V: (-0.967, 10.229, 0.000) - Exp: 29.314
2021-12-13 23:31:34.024 [INF] : WarpCoreChaser(25.00): Chaser count: 1, CH(3): P: (7.386, 114.753, 0.000) - V: (-0.967, 10.229, 0.000) - Exp: 29.314
2021-12-13 23:31:34.125 [INF] : WarpCoreChaser(25.10): Chaser count: 1, CH(3): P: (2.925, 97.304, 0.000) - V: (-0.967, 10.229, 0.000) - Exp: 29.314
2021-12-13 23:31:34.226 [INF] : WarpCoreChaser(25.20): Chaser count: 1, CH(3): P: (7.431, 69.626, 0.000) - V: (-0.967, 10.229, 0.000) - Exp: 29.314
2021-12-13 23:31:34.327 [INF] : WarpCoreChaser(25.30): Chaser count: 1, CH(3): P: (3.937, 41.948, 0.000) - V: (-0.967, 10.229, 0.000) - Exp: 29.314
2021-12-13 23:31:34.429 [INF] : WarpCoreChaser(25.40): Chaser count: 1, CH(3): P: (1.409, 4.041, 0.000) - V: (-0.967, 10.229, 0.000) - Exp: 29.314
2021-12-13 23:31:34.529 [INF] : WarpCoreChaser(25.50): Chaser count: 1, CH(3): P: (5.915, 98.363, 0.000) - V: (-0.967, 10.229, 0.000) - Exp: 29.314
2021-12-13 23:31:34.629 [INF] : WarpCoreChaser(25.60): Chaser count: 1, CH(3): P: (1.455, 80.915, 0.000) - V: (-0.967, 10.229, 0.000) - Exp: 29.314
2021-12-13 23:31:34.731 [INF] : WarpCoreChaser(25.70): Chaser count: 1, CH(3): P: (4.994, 63.467, 0.000) - V: (-0.967, 10.229, 0.000) - Exp: 29.314
2021-12-13 23:31:34.831 [INF] : WarpCoreChaser(25.80): Chaser count: 1, CH(3): P: (1.500, 35.789, 0.000) - V: (-0.967, 10.229, 0.000) - Exp: 29.314
2021-12-13 23:31:34.932 [INF] : WarpCoreChaser(25.90): Chaser count: 1, CH(3): P: (5.039, 18.340, 0.000) - V: (-0.967, 10.229, 0.000) - Exp: 29.314
2021-12-13 23:31:35.032 [INF] : WarpCoreChaser(26.00): Chaser count: 1, CH(3): P: (7.612, 11.121, 0.000) - V: (-0.967, 10.229, 0.000) - Exp: 29.314
2021-12-13 23:31:35.133 [INF] : WarpCoreChaser(26.11): Chaser count: 1, CH(3): P: (3.152, 115.673, 0.000) - V: (-0.967, 10.229, 0.000) - Exp: 29.314
2021-12-13 23:31:35.234 [INF] : WarpCoreChaser(26.21): Chaser count: 1, CH(3): P: (7.658, 87.995, 0.000) - V: (-0.967, 10.229, 0.000) - Exp: 29.314
2021-12-13 23:31:35.333 [INF] : WarpCoreChaser(26.31): Chaser count: 1, CH(3): P: (5.130, 50.088, 0.000) - V: (-0.967, 10.229, 0.000) - Exp: 29.314
2021-12-13 23:31:35.435 [INF] : WarpCoreChaser(26.41): Chaser count: 1, CH(3): P: (1.636, 22.410, 0.000) - V: (-0.967, 10.229, 0.000) - Exp: 29.314
2021-12-13 23:31:35.537 [INF] : WarpCoreChaser(26.51): Chaser count: 1, CH(3): P: (5.175, 4.961, 0.000) - V: (-0.967, 10.229, 0.000) - Exp: 29.314
2021-12-13 23:31:35.638 [INF] : WarpCoreChaser(26.61): Chaser count: 1, CH(3): P: (7.748, 119.742, 0.000) - V: (-0.967, 10.229, 0.000) - Exp: 29.314
2021-12-13 23:31:35.740 [INF] : WarpCoreChaser(26.71): Chaser count: 1, CH(3): P: (2.321, 112.523, 0.000) - V: (-0.967, 10.229, 0.000) - Exp: 29.314
2021-12-13 23:31:35.840 [INF] : WarpCoreChaser(26.81): Chaser count: 1, CH(3): P: (7.793, 74.616, 0.000) - V: (-0.967, 10.229, 0.000) - Exp: 29.314
2021-12-13 23:31:35.941 [INF] : WarpCoreChaser(26.91): Chaser count: 1, CH(3): P: (2.366, 67.397, 0.000) - V: (-0.967, 10.229, 0.000) - Exp: 29.314
2021-12-13 23:31:36.042 [INF] : WarpCoreChaser(27.02): Chaser count: 1, CH(3): P: (4.939, 60.178, 0.000) - V: (-0.967, 10.229, 0.000) - Exp: 29.314
2021-12-13 23:31:36.144 [INF] : WarpCoreChaser(27.12): Chaser count: 1, CH(3): P: (7.512, 52.959, 0.000) - V: (-0.967, 10.229, 0.000) - Exp: 29.314
2021-12-13 23:31:36.247 [INF] : WarpCoreChaser(27.22): Chaser count: 1, CH(3): P: (4.018, 25.281, 0.000) - V: (-0.967, 10.229, 0.000) - Exp: 29.314
2021-12-13 23:31:36.349 [INF] : WarpCoreChaser(27.32): Chaser count: 1, CH(3): P: (7.557, 7.833, 0.000) - V: (-0.967, 10.229, 0.000) - Exp: 29.314
2021-12-13 23:31:36.451 [INF] : WarpCoreChaser(27.42): Chaser count: 1, CH(3): P: (3.097, 112.384, 0.000) - V: (-0.967, 10.229, 0.000) - Exp: 29.314
2021-12-13 23:31:36.551 [INF] : WarpCoreChaser(27.52): Chaser count: 1, CH(3): P: (6.636, 94.936, 0.000) - V: (-0.967, 10.229, 0.000) - Exp: 29.314
2021-12-13 23:31:36.652 [INF] : WarpCoreChaser(27.62): Chaser count: 1, CH(3): P: (2.175, 77.487, 0.000) - V: (-0.967, 10.229, 0.000) - Exp: 29.314
2021-12-13 23:31:36.753 [INF] : WarpCoreChaser(27.73): Chaser count: 1, CH(3): P: (6.681, 49.809, 0.000) - V: (-0.967, 10.229, 0.000) - Exp: 29.314
2021-12-13 23:31:36.854 [INF] : WarpCoreChaser(27.83): Chaser count: 1, CH(3): P: (2.221, 32.361, 0.000) - V: (-0.967, 10.229, 0.000) - Exp: 29.314
2021-12-13 23:31:36.955 [INF] : WarpCoreChaser(27.93): Chaser count: 1, CH(3): P: (5.760, 14.912, 0.000) - V: (-0.967, 10.229, 0.000) - Exp: 29.314
2021-12-13 23:31:37.056 [INF] : WarpCoreChaser(28.03): Chaser count: 1, CH(3): P: (0.333, 7.693, 0.000) - V: (-0.967, 10.229, 0.000) - Exp: 29.314
2021-12-13 23:31:37.159 [INF] : WarpCoreChaser(28.13): Chaser count: 1, CH(3): P: (1.939, 10.704, 0.000) - V: (-0.967, 10.229, 0.000) - Exp: 29.314
2021-12-13 23:31:37.260 [INF] : WarpCoreChaser(28.23): Chaser count: 1, CH(3): P: (6.445, 105.026, 0.000) - V: (-0.967, 10.229, 0.000) - Exp: 29.314
2021-12-13 23:31:37.362 [INF] : WarpCoreChaser(28.34): Chaser count: 1, CH(3): P: (1.018, 97.807, 0.000) - V: (-0.967, 10.229, 0.000) - Exp: 29.314
2021-12-13 23:31:37.464 [INF] : WarpCoreChaser(28.44): Chaser count: 1, CH(3): P: (3.591, 90.588, 0.000) - V: (-0.967, 10.229, 0.000) - Exp: 29.314
2021-12-13 23:31:37.565 [INF] : WarpCoreChaser(28.54): Chaser count: 1, CH(3): P: (0.097, 62.910, 0.000) - V: (-0.967, 10.229, 0.000) - Exp: 29.314
2021-12-13 23:31:37.666 [INF] : WarpCoreChaser(28.64): Chaser count: 1, CH(3): P: (4.603, 35.232, 0.000) - V: (-0.967, 10.229, 0.000) - Exp: 29.314
2021-12-13 23:31:37.767 [INF] : WarpCoreChaser(28.74): Chaser count: 1, CH(3): P: (0.142, 17.784, 0.000) - V: (-0.967, 10.229, 0.000) - Exp: 29.314
2021-12-13 23:31:37.869 [INF] : WarpCoreChaser(28.84): Chaser count: 1, CH(3): P: (3.681, 0.335, 0.000) - V: (-0.967, 10.229, 0.000) - Exp: 29.314
2021-12-13 23:31:37.969 [INF] : WarpCoreChaser(28.94): Chaser count: 1, CH(3): P: (7.221, 104.887, 0.000) - V: (-0.967, 10.229, 0.000) - Exp: 29.314
2021-12-13 23:31:38.071 [INF] : WarpCoreChaser(29.04): Chaser count: 1, CH(3): P: (2.760, 87.438, 0.000) - V: (-0.967, 10.229, 0.000) - Exp: 29.314
2021-12-13 23:31:38.173 [INF] : WarpCoreChaser(29.15): Chaser count: 1, CH(3): P: (7.266, 59.760, 0.000) - V: (-0.967, 10.229, 0.000) - Exp: 29.314
2021-12-13 23:31:38.273 [INF] : WarpCoreChaser(29.25): Chaser count: 1, CH(3): P: (4.738, 21.853, 0.000) - V: (-0.967, 10.229, 0.000) - Exp: 29.314
2021-12-13 23:31:38.343 [INF] : Diag chaser expired: CH(3): P: (7.742, 84.735, 0.000) - V: (-0.967, 10.229, 0.000) - Exp: 29.314
2021-12-13 23:31:41.143 [INF] : Add Chaser: CH(4): P: (4.000, 108.000, 0.000) - V: (-1.515, -28.566, 0.000) - Exp: 37.864
2021-12-13 23:31:41.205 [INF] : WarpCoreChaser(32.18): Chaser count: 1, CH(4): P: (0.051, 11.583, 0.000) - V: (-1.515, -28.566, 0.000) - Exp: 37.864
2021-12-13 23:31:41.306 [INF] : WarpCoreChaser(32.28): Chaser count: 1, CH(4): P: (2.339, 39.542, 0.000) - V: (-1.515, -28.566, 0.000) - Exp: 37.864
2021-12-13 23:31:41.408 [INF] : WarpCoreChaser(32.38): Chaser count: 1, CH(4): P: (4.626, 67.501, 0.000) - V: (-1.515, -28.566, 0.000) - Exp: 37.864
2021-12-13 23:31:41.509 [INF] : WarpCoreChaser(32.48): Chaser count: 1, CH(4): P: (1.945, 30.592, 0.000) - V: (-1.515, -28.566, 0.000) - Exp: 37.864
2021-12-13 23:31:41.609 [INF] : WarpCoreChaser(32.58): Chaser count: 1, CH(4): P: (4.233, 58.551, 0.000) - V: (-1.515, -28.566, 0.000) - Exp: 37.864
2021-12-13 23:31:41.710 [INF] : WarpCoreChaser(32.68): Chaser count: 1, CH(4): P: (6.520, 86.510, 0.000) - V: (-1.515, -28.566, 0.000) - Exp: 37.864
2021-12-13 23:31:41.812 [INF] : WarpCoreChaser(32.78): Chaser count: 1, CH(4): P: (7.292, 85.903, 0.000) - V: (-1.515, -28.566, 0.000) - Exp: 37.864
2021-12-13 23:31:41.913 [INF] : WarpCoreChaser(32.89): Chaser count: 1, CH(4): P: (1.580, 113.862, 0.000) - V: (-1.515, -28.566, 0.000) - Exp: 37.864
2021-12-13 23:31:42.015 [INF] : WarpCoreChaser(32.99): Chaser count: 1, CH(4): P: (5.383, 48.387, 0.000) - V: (-1.515, -28.566, 0.000) - Exp: 37.864
2021-12-13 23:31:42.115 [INF] : WarpCoreChaser(33.09): Chaser count: 1, CH(4): P: (7.671, 76.346, 0.000) - V: (-1.515, -28.566, 0.000) - Exp: 37.864
2021-12-13 23:31:42.216 [INF] : WarpCoreChaser(33.19): Chaser count: 1, CH(4): P: (3.474, 10.871, 0.000) - V: (-1.515, -28.566, 0.000) - Exp: 37.864
2021-12-13 23:31:42.318 [INF] : WarpCoreChaser(33.29): Chaser count: 1, CH(4): P: (5.762, 38.830, 0.000) - V: (-1.515, -28.566, 0.000) - Exp: 37.864
2021-12-13 23:31:42.419 [INF] : WarpCoreChaser(33.39): Chaser count: 1, CH(4): P: (1.565, 95.355, 0.000) - V: (-1.515, -28.566, 0.000) - Exp: 37.864
2021-12-13 23:31:42.520 [INF] : WarpCoreChaser(33.49): Chaser count: 1, CH(4): P: (5.368, 29.880, 0.000) - V: (-1.515, -28.566, 0.000) - Exp: 37.864
2021-12-13 23:31:42.620 [INF] : WarpCoreChaser(33.59): Chaser count: 1, CH(4): P: (7.656, 57.839, 0.000) - V: (-1.515, -28.566, 0.000) - Exp: 37.864
2021-12-13 23:31:42.721 [INF] : WarpCoreChaser(33.69): Chaser count: 1, CH(4): P: (0.428, 57.231, 0.000) - V: (-1.515, -28.566, 0.000) - Exp: 37.864
2021-12-13 23:31:42.823 [INF] : WarpCoreChaser(33.80): Chaser count: 1, CH(4): P: (1.200, 56.624, 0.000) - V: (-1.515, -28.566, 0.000) - Exp: 37.864
2021-12-13 23:31:42.924 [INF] : WarpCoreChaser(33.90): Chaser count: 1, CH(4): P: (5.003, 113.149, 0.000) - V: (-1.515, -28.566, 0.000) - Exp: 37.864
2021-12-13 23:31:43.024 [INF] : WarpCoreChaser(34.00): Chaser count: 1, CH(4): P: (7.291, 19.108, 0.000) - V: (-1.515, -28.566, 0.000) - Exp: 37.864
2021-12-13 23:31:43.125 [INF] : WarpCoreChaser(34.10): Chaser count: 1, CH(4): P: (3.094, 75.633, 0.000) - V: (-1.515, -28.566, 0.000) - Exp: 37.864
2021-12-13 23:31:43.225 [INF] : WarpCoreChaser(34.20): Chaser count: 1, CH(4): P: (6.897, 10.158, 0.000) - V: (-1.515, -28.566, 0.000) - Exp: 37.864
2021-12-13 23:31:43.326 [INF] : WarpCoreChaser(34.30): Chaser count: 1, CH(4): P: (1.185, 38.117, 0.000) - V: (-1.515, -28.566, 0.000) - Exp: 37.864
2021-12-13 23:31:43.427 [INF] : WarpCoreChaser(34.40): Chaser count: 1, CH(4): P: (0.019, 29.775, 0.000) - V: (-1.515, -28.566, 0.000) - Exp: 37.864
2021-12-13 23:31:43.527 [INF] : WarpCoreChaser(34.50): Chaser count: 1, CH(4): P: (2.307, 57.734, 0.000) - V: (-1.515, -28.566, 0.000) - Exp: 37.864
2021-12-13 23:31:43.629 [INF] : WarpCoreChaser(34.60): Chaser count: 1, CH(4): P: (4.594, 85.693, 0.000) - V: (-1.515, -28.566, 0.000) - Exp: 37.864
2021-12-13 23:31:43.729 [INF] : WarpCoreChaser(34.70): Chaser count: 1, CH(4): P: (6.882, 113.651, 0.000) - V: (-1.515, -28.566, 0.000) - Exp: 37.864
2021-12-13 23:31:43.831 [INF] : WarpCoreChaser(34.80): Chaser count: 1, CH(4): P: (1.170, 19.610, 0.000) - V: (-1.515, -28.566, 0.000) - Exp: 37.864
2021-12-13 23:31:43.932 [INF] : WarpCoreChaser(34.90): Chaser count: 1, CH(4): P: (3.457, 47.569, 0.000) - V: (-1.515, -28.566, 0.000) - Exp: 37.864
2021-12-13 23:31:44.034 [INF] : WarpCoreChaser(35.01): Chaser count: 1, CH(4): P: (5.745, 75.528, 0.000) - V: (-1.515, -28.566, 0.000) - Exp: 37.864
2021-12-13 23:31:44.136 [INF] : WarpCoreChaser(35.11): Chaser count: 1, CH(4): P: (6.517, 74.921, 0.000) - V: (-1.515, -28.566, 0.000) - Exp: 37.864
2021-12-13 23:31:44.237 [INF] : WarpCoreChaser(35.21): Chaser count: 1, CH(4): P: (2.320, 9.446, 0.000) - V: (-1.515, -28.566, 0.000) - Exp: 37.864
2021-12-13 23:31:44.338 [INF] : WarpCoreChaser(35.31): Chaser count: 1, CH(4): P: (4.608, 37.405, 0.000) - V: (-1.515, -28.566, 0.000) - Exp: 37.864
2021-12-13 23:31:44.439 [INF] : WarpCoreChaser(35.41): Chaser count: 1, CH(4): P: (3.442, 29.062, 0.000) - V: (-1.515, -28.566, 0.000) - Exp: 37.864
2021-12-13 23:31:44.542 [INF] : WarpCoreChaser(35.51): Chaser count: 1, CH(4): P: (4.214, 28.455, 0.000) - V: (-1.515, -28.566, 0.000) - Exp: 37.864
2021-12-13 23:31:44.643 [INF] : WarpCoreChaser(35.62): Chaser count: 1, CH(4): P: (4.986, 27.848, 0.000) - V: (-1.515, -28.566, 0.000) - Exp: 37.864
2021-12-13 23:31:44.745 [INF] : WarpCoreChaser(35.72): Chaser count: 1, CH(4): P: (5.758, 27.241, 0.000) - V: (-1.515, -28.566, 0.000) - Exp: 37.864
2021-12-13 23:31:44.846 [INF] : WarpCoreChaser(35.82): Chaser count: 1, CH(4): P: (0.046, 55.200, 0.000) - V: (-1.515, -28.566, 0.000) - Exp: 37.864
2021-12-13 23:31:44.947 [INF] : WarpCoreChaser(35.92): Chaser count: 1, CH(4): P: (0.818, 54.593, 0.000) - V: (-1.515, -28.566, 0.000) - Exp: 37.864
2021-12-13 23:31:45.048 [INF] : WarpCoreChaser(36.02): Chaser count: 1, CH(4): P: (3.106, 82.552, 0.000) - V: (-1.515, -28.566, 0.000) - Exp: 37.864
2021-12-13 23:31:45.151 [INF] : WarpCoreChaser(36.12): Chaser count: 1, CH(4): P: (3.878, 81.945, 0.000) - V: (-1.515, -28.566, 0.000) - Exp: 37.864
2021-12-13 23:31:45.252 [INF] : WarpCoreChaser(36.22): Chaser count: 1, CH(4): P: (7.681, 16.470, 0.000) - V: (-1.515, -28.566, 0.000) - Exp: 37.864
2021-12-13 23:31:45.355 [INF] : WarpCoreChaser(36.33): Chaser count: 1, CH(4): P: (3.484, 72.995, 0.000) - V: (-1.515, -28.566, 0.000) - Exp: 37.864
2021-12-13 23:31:45.455 [INF] : WarpCoreChaser(36.43): Chaser count: 1, CH(4): P: (7.288, 7.520, 0.000) - V: (-1.515, -28.566, 0.000) - Exp: 37.864
2021-12-13 23:31:45.557 [INF] : WarpCoreChaser(36.53): Chaser count: 1, CH(4): P: (1.575, 35.479, 0.000) - V: (-1.515, -28.566, 0.000) - Exp: 37.864
2021-12-13 23:31:45.657 [INF] : WarpCoreChaser(36.63): Chaser count: 1, CH(4): P: (5.378, 92.004, 0.000) - V: (-1.515, -28.566, 0.000) - Exp: 37.864
2021-12-13 23:31:45.759 [INF] : WarpCoreChaser(36.73): Chaser count: 1, CH(4): P: (6.151, 91.397, 0.000) - V: (-1.515, -28.566, 0.000) - Exp: 37.864
2021-12-13 23:31:45.860 [INF] : WarpCoreChaser(36.83): Chaser count: 1, CH(4): P: (1.954, 25.922, 0.000) - V: (-1.515, -28.566, 0.000) - Exp: 37.864
2021-12-13 23:31:45.960 [INF] : WarpCoreChaser(36.93): Chaser count: 1, CH(4): P: (4.241, 53.881, 0.000) - V: (-1.515, -28.566, 0.000) - Exp: 37.864
2021-12-13 23:31:46.061 [INF] : WarpCoreChaser(37.03): Chaser count: 1, CH(4): P: (6.529, 81.839, 0.000) - V: (-1.515, -28.566, 0.000) - Exp: 37.864
2021-12-13 23:31:46.162 [INF] : WarpCoreChaser(37.13): Chaser count: 1, CH(4): P: (0.817, 109.798, 0.000) - V: (-1.515, -28.566, 0.000) - Exp: 37.864
2021-12-13 23:31:46.264 [INF] : WarpCoreChaser(37.24): Chaser count: 1, CH(4): P: (3.104, 15.757, 0.000) - V: (-1.515, -28.566, 0.000) - Exp: 37.864
2021-12-13 23:31:46.365 [INF] : WarpCoreChaser(37.34): Chaser count: 1, CH(4): P: (6.908, 72.282, 0.000) - V: (-1.515, -28.566, 0.000) - Exp: 37.864
2021-12-13 23:31:46.466 [INF] : WarpCoreChaser(37.44): Chaser count: 1, CH(4): P: (1.195, 100.241, 0.000) - V: (-1.515, -28.566, 0.000) - Exp: 37.864
2021-12-13 23:31:46.566 [INF] : WarpCoreChaser(37.54): Chaser count: 1, CH(4): P: (3.483, 6.200, 0.000) - V: (-1.515, -28.566, 0.000) - Exp: 37.864
2021-12-13 23:31:46.668 [INF] : WarpCoreChaser(37.64): Chaser count: 1, CH(4): P: (5.770, 34.159, 0.000) - V: (-1.515, -28.566, 0.000) - Exp: 37.864
2021-12-13 23:31:46.769 [INF] : WarpCoreChaser(37.74): Chaser count: 1, CH(4): P: (0.058, 62.118, 0.000) - V: (-1.515, -28.566, 0.000) - Exp: 37.864
2021-12-13 23:31:46.869 [INF] : WarpCoreChaser(37.84): Chaser count: 1, CH(4): P: (5.377, 25.209, 0.000) - V: (-1.515, -28.566, 0.000) - Exp: 37.864
2021-12-13 23:31:46.893 [INF] : Diag chaser expired: CH(4): P: (6.222, 105.548, 0.000) - V: (-1.515, -28.566, 0.000) - Exp: 37.864
2021-12-13 23:31:49.143 [INF] : Add Chaser: CH(5): P: (0.000, 68.000, 0.000) - V: (-0.847, 23.442, 0.000) - Exp: 47.077
2021-12-13 23:31:49.190 [INF] : WarpCoreChaser(40.16): Chaser count: 1, CH(5): P: (5.377, 95.714, 0.000) - V: (-0.847, 23.442, 0.000) - Exp: 47.077
2021-12-13 23:31:49.291 [INF] : WarpCoreChaser(40.26): Chaser count: 1, CH(5): P: (5.591, 99.466, 0.000) - V: (-0.847, 23.442, 0.000) - Exp: 47.077
2021-12-13 23:31:49.393 [INF] : WarpCoreChaser(40.36): Chaser count: 1, CH(5): P: (7.499, 56.336, 0.000) - V: (-0.847, 23.442, 0.000) - Exp: 47.077
2021-12-13 23:31:49.494 [INF] : WarpCoreChaser(40.47): Chaser count: 1, CH(5): P: (0.560, 36.646, 0.000) - V: (-0.847, 23.442, 0.000) - Exp: 47.077
2021-12-13 23:31:49.596 [INF] : WarpCoreChaser(40.57): Chaser count: 1, CH(5): P: (1.621, 16.957, 0.000) - V: (-0.847, 23.442, 0.000) - Exp: 47.077
2021-12-13 23:31:49.697 [INF] : WarpCoreChaser(40.67): Chaser count: 1, CH(5): P: (3.528, 95.827, 0.000) - V: (-0.847, 23.442, 0.000) - Exp: 47.077
2021-12-13 23:31:49.797 [INF] : WarpCoreChaser(40.77): Chaser count: 1, CH(5): P: (5.436, 52.696, 0.000) - V: (-0.847, 23.442, 0.000) - Exp: 47.077
2021-12-13 23:31:49.898 [INF] : WarpCoreChaser(40.87): Chaser count: 1, CH(5): P: (6.497, 33.007, 0.000) - V: (-0.847, 23.442, 0.000) - Exp: 47.077
2021-12-13 23:31:50.001 [INF] : WarpCoreChaser(40.97): Chaser count: 1, CH(5): P: (0.404, 111.876, 0.000) - V: (-0.847, 23.442, 0.000) - Exp: 47.077
2021-12-13 23:31:50.102 [INF] : WarpCoreChaser(41.07): Chaser count: 1, CH(5): P: (1.465, 92.187, 0.000) - V: (-0.847, 23.442, 0.000) - Exp: 47.077
2021-12-13 23:31:50.204 [INF] : WarpCoreChaser(41.18): Chaser count: 1, CH(5): P: (3.373, 49.056, 0.000) - V: (-0.847, 23.442, 0.000) - Exp: 47.077
2021-12-13 23:31:50.306 [INF] : WarpCoreChaser(41.28): Chaser count: 1, CH(5): P: (3.587, 52.809, 0.000) - V: (-0.847, 23.442, 0.000) - Exp: 47.077
2021-12-13 23:31:50.407 [INF] : WarpCoreChaser(41.38): Chaser count: 1, CH(5): P: (5.495, 9.678, 0.000) - V: (-0.847, 23.442, 0.000) - Exp: 47.077
2021-12-13 23:31:50.508 [INF] : WarpCoreChaser(41.48): Chaser count: 1, CH(5): P: (6.556, 111.989, 0.000) - V: (-0.847, 23.442, 0.000) - Exp: 47.077
2021-12-13 23:31:50.608 [INF] : WarpCoreChaser(41.58): Chaser count: 1, CH(5): P: (7.617, 92.300, 0.000) - V: (-0.847, 23.442, 0.000) - Exp: 47.077
2021-12-13 23:31:50.710 [INF] : WarpCoreChaser(41.68): Chaser count: 1, CH(5): P: (0.678, 72.611, 0.000) - V: (-0.847, 23.442, 0.000) - Exp: 47.077
2021-12-13 23:31:50.809 [INF] : WarpCoreChaser(41.78): Chaser count: 1, CH(5): P: (3.431, 6.038, 0.000) - V: (-0.847, 23.442, 0.000) - Exp: 47.077
2021-12-13 23:31:50.909 [INF] : WarpCoreChaser(41.88): Chaser count: 1, CH(5): P: (4.492, 108.349, 0.000) - V: (-0.847, 23.442, 0.000) - Exp: 47.077
2021-12-13 23:31:51.010 [INF] : WarpCoreChaser(41.98): Chaser count: 1, CH(5): P: (5.553, 88.660, 0.000) - V: (-0.847, 23.442, 0.000) - Exp: 47.077
2021-12-13 23:31:51.110 [INF] : WarpCoreChaser(42.08): Chaser count: 1, CH(5): P: (6.614, 68.971, 0.000) - V: (-0.847, 23.442, 0.000) - Exp: 47.077
2021-12-13 23:31:51.211 [INF] : WarpCoreChaser(42.18): Chaser count: 1, CH(5): P: (0.522, 25.840, 0.000) - V: (-0.847, 23.442, 0.000) - Exp: 47.077
2021-12-13 23:31:51.312 [INF] : WarpCoreChaser(42.28): Chaser count: 1, CH(5): P: (1.583, 6.151, 0.000) - V: (-0.847, 23.442, 0.000) - Exp: 47.077
2021-12-13 23:31:51.414 [INF] : WarpCoreChaser(42.39): Chaser count: 1, CH(5): P: (2.644, 108.462, 0.000) - V: (-0.847, 23.442, 0.000) - Exp: 47.077
2021-12-13 23:31:51.515 [INF] : WarpCoreChaser(42.49): Chaser count: 1, CH(5): P: (3.705, 88.773, 0.000) - V: (-0.847, 23.442, 0.000) - Exp: 47.077
2021-12-13 23:31:51.615 [INF] : WarpCoreChaser(42.59): Chaser count: 1, CH(5): P: (5.612, 45.642, 0.000) - V: (-0.847, 23.442, 0.000) - Exp: 47.077
2021-12-13 23:31:51.716 [INF] : WarpCoreChaser(42.69): Chaser count: 1, CH(5): P: (6.673, 25.953, 0.000) - V: (-0.847, 23.442, 0.000) - Exp: 47.077
2021-12-13 23:31:51.818 [INF] : WarpCoreChaser(42.79): Chaser count: 1, CH(5): P: (7.734, 6.264, 0.000) - V: (-0.847, 23.442, 0.000) - Exp: 47.077
2021-12-13 23:31:51.918 [INF] : WarpCoreChaser(42.89): Chaser count: 1, CH(5): P: (7.949, 10.016, 0.000) - V: (-0.847, 23.442, 0.000) - Exp: 47.077
2021-12-13 23:31:52.019 [INF] : WarpCoreChaser(42.99): Chaser count: 1, CH(5): P: (0.163, 13.769, 0.000) - V: (-0.847, 23.442, 0.000) - Exp: 47.077
2021-12-13 23:31:52.121 [INF] : WarpCoreChaser(43.09): Chaser count: 1, CH(5): P: (1.224, 116.079, 0.000) - V: (-0.847, 23.442, 0.000) - Exp: 47.077
2021-12-13 23:31:52.221 [INF] : WarpCoreChaser(43.19): Chaser count: 1, CH(5): P: (3.132, 72.949, 0.000) - V: (-0.847, 23.442, 0.000) - Exp: 47.077
2021-12-13 23:31:52.323 [INF] : WarpCoreChaser(43.29): Chaser count: 1, CH(5): P: (5.886, 6.376, 0.000) - V: (-0.847, 23.442, 0.000) - Exp: 47.077
2021-12-13 23:31:52.424 [INF] : WarpCoreChaser(43.40): Chaser count: 1, CH(5): P: (4.872, 66.597, 0.000) - V: (-0.847, 23.442, 0.000) - Exp: 47.077
2021-12-13 23:31:52.524 [INF] : WarpCoreChaser(43.50): Chaser count: 1, CH(5): P: (5.933, 46.907, 0.000) - V: (-0.847, 23.442, 0.000) - Exp: 47.077
2021-12-13 23:31:52.625 [INF] : WarpCoreChaser(43.60): Chaser count: 1, CH(5): P: (0.687, 102.335, 0.000) - V: (-0.847, 23.442, 0.000) - Exp: 47.077
2021-12-13 23:31:52.726 [INF] : WarpCoreChaser(43.70): Chaser count: 1, CH(5): P: (6.445, 97.023, 0.000) - V: (-0.847, 23.442, 0.000) - Exp: 47.077
2021-12-13 23:31:52.827 [INF] : WarpCoreChaser(43.80): Chaser count: 1, CH(5): P: (1.199, 30.451, 0.000) - V: (-0.847, 23.442, 0.000) - Exp: 47.077
2021-12-13 23:31:52.927 [INF] : WarpCoreChaser(43.90): Chaser count: 1, CH(5): P: (3.107, 109.320, 0.000) - V: (-0.847, 23.442, 0.000) - Exp: 47.077
2021-12-13 23:31:53.030 [INF] : WarpCoreChaser(44.00): Chaser count: 1, CH(5): P: (4.168, 89.631, 0.000) - V: (-0.847, 23.442, 0.000) - Exp: 47.077
2021-12-13 23:32:48.323 [INF] Server: Pi Engine Room Controller Starting
2021-12-13 23:32:48.375 [INF] : NeoPixelHardwareRPI: Creating an RPI NeoPixel protocol on GPIO pin Gpio18 for 976 pixels.
2021-12-13 23:32:48.377 [INF] : WarpCore: Finished creating CoreStripProtocol
2021-12-13 23:32:48.377 [INF] : WarpCore: Finished creating CoreStrip
2021-12-13 23:32:48.379 [INF] : FastNoiseLite: Start Sampling Noise
2021-12-13 23:32:48.379 [INF] : FastNoiseLite: Noise Sampling produced a noise range of [1.000, -1.000] (R: -2.000) in 0.000 seconds
2021-12-13 23:32:48.487 [INF] : AnimationService starting.
2021-12-13 23:32:48.488 [INF] : RenderWorker is starting
2021-12-13 23:32:48.515 [INF] : Add Chaser: CH(0): P: (2.000, 69.000, 0.000) - V: (1.955, -18.510, 0.000) - Exp: 5.657
2021-12-13 23:32:48.516 [INF] : WarpCoreChaser(0.12): Chaser count: 1, CH(0): P: (2.232, 66.806, 0.000) - V: (1.955, -18.510, 0.000) - Exp: 5.657
2021-12-13 23:32:48.594 [INF] : WarpCoreChaser(0.22): Chaser count: 1, CH(0): P: (2.433, 64.901, 0.000) - V: (1.955, -18.510, 0.000) - Exp: 5.657
2021-12-13 23:32:48.630 [INF] Microsoft.Hosting.Lifetime: Now listening on: http://[::]:4000
2021-12-13 23:32:48.630 [INF] Microsoft.Hosting.Lifetime: Application started. Press Ctrl+C to shut down.
2021-12-13 23:32:48.630 [INF] Microsoft.Hosting.Lifetime: Hosting environment: Development
2021-12-13 23:32:48.630 [INF] Microsoft.Hosting.Lifetime: Content root path: C:\Users\david\source\repos\space-sim\pi-engine-room\Server\
2021-12-13 23:32:48.696 [INF] : WarpCoreChaser(0.32): Chaser count: 1, CH(0): P: (2.632, 63.019, 0.000) - V: (1.955, -18.510, 0.000) - Exp: 5.657
2021-12-13 23:32:48.800 [INF] : WarpCoreChaser(0.43): Chaser count: 1, CH(0): P: (2.834, 61.106, 0.000) - V: (1.955, -18.510, 0.000) - Exp: 5.657
2021-12-13 23:32:48.901 [INF] : WarpCoreChaser(0.53): Chaser count: 1, CH(0): P: (3.032, 59.225, 0.000) - V: (1.955, -18.510, 0.000) - Exp: 5.657
2021-12-13 23:32:49.003 [INF] : WarpCoreChaser(0.63): Chaser count: 1, CH(0): P: (3.229, 57.362, 0.000) - V: (1.955, -18.510, 0.000) - Exp: 5.657
2021-12-13 23:32:49.104 [INF] : WarpCoreChaser(0.73): Chaser count: 1, CH(0): P: (3.429, 55.467, 0.000) - V: (1.955, -18.510, 0.000) - Exp: 5.657
2021-12-13 23:32:49.207 [INF] : WarpCoreChaser(0.83): Chaser count: 1, CH(0): P: (3.629, 53.578, 0.000) - V: (1.955, -18.510, 0.000) - Exp: 5.657
2021-12-13 23:32:49.308 [INF] : WarpCoreChaser(0.94): Chaser count: 1, CH(0): P: (3.829, 51.682, 0.000) - V: (1.955, -18.510, 0.000) - Exp: 5.657
2021-12-13 23:32:49.409 [INF] : WarpCoreChaser(1.04): Chaser count: 1, CH(0): P: (4.025, 49.823, 0.000) - V: (1.955, -18.510, 0.000) - Exp: 5.657
2021-12-13 23:32:49.511 [INF] : WarpCoreChaser(1.14): Chaser count: 1, CH(0): P: (4.225, 47.931, 0.000) - V: (1.955, -18.510, 0.000) - Exp: 5.657
2021-12-13 23:32:49.616 [INF] : WarpCoreChaser(1.24): Chaser count: 1, CH(0): P: (4.422, 46.068, 0.000) - V: (1.955, -18.510, 0.000) - Exp: 5.657
2021-12-13 23:32:49.714 [INF] : WarpCoreChaser(1.34): Chaser count: 1, CH(0): P: (4.619, 44.205, 0.000) - V: (1.955, -18.510, 0.000) - Exp: 5.657
2021-12-13 23:32:49.816 [INF] : WarpCoreChaser(1.44): Chaser count: 1, CH(0): P: (4.819, 42.306, 0.000) - V: (1.955, -18.510, 0.000) - Exp: 5.657
2021-12-13 23:32:49.917 [INF] : WarpCoreChaser(1.54): Chaser count: 1, CH(0): P: (5.017, 40.436, 0.000) - V: (1.955, -18.510, 0.000) - Exp: 5.657
2021-12-13 23:32:50.018 [INF] : WarpCoreChaser(1.64): Chaser count: 1, CH(0): P: (5.213, 38.581, 0.000) - V: (1.955, -18.510, 0.000) - Exp: 5.657
2021-12-13 23:32:50.120 [INF] : WarpCoreChaser(1.75): Chaser count: 1, CH(0): P: (5.412, 36.694, 0.000) - V: (1.955, -18.510, 0.000) - Exp: 5.657
2021-12-13 23:32:50.224 [INF] : WarpCoreChaser(1.85): Chaser count: 1, CH(0): P: (5.615, 34.773, 0.000) - V: (1.955, -18.510, 0.000) - Exp: 5.657
2021-12-13 23:32:50.324 [INF] : WarpCoreChaser(1.95): Chaser count: 1, CH(0): P: (5.815, 32.881, 0.000) - V: (1.955, -18.510, 0.000) - Exp: 5.657
2021-12-13 23:32:50.426 [INF] : WarpCoreChaser(2.05): Chaser count: 1, CH(0): P: (6.013, 30.999, 0.000) - V: (1.955, -18.510, 0.000) - Exp: 5.657
2021-12-13 23:32:50.526 [INF] : WarpCoreChaser(2.15): Chaser count: 1, CH(0): P: (6.210, 29.140, 0.000) - V: (1.955, -18.510, 0.000) - Exp: 5.657
2021-12-13 23:32:50.630 [INF] : WarpCoreChaser(2.26): Chaser count: 1, CH(0): P: (6.409, 27.249, 0.000) - V: (1.955, -18.510, 0.000) - Exp: 5.657
2021-12-13 23:32:50.730 [INF] : WarpCoreChaser(2.36): Chaser count: 1, CH(0): P: (6.606, 25.386, 0.000) - V: (1.955, -18.510, 0.000) - Exp: 5.657
2021-12-13 23:32:50.831 [INF] : WarpCoreChaser(2.46): Chaser count: 1, CH(0): P: (6.806, 23.496, 0.000) - V: (1.955, -18.510, 0.000) - Exp: 5.657
2021-12-13 23:32:50.933 [INF] : WarpCoreChaser(2.56): Chaser count: 1, CH(0): P: (7.004, 21.616, 0.000) - V: (1.955, -18.510, 0.000) - Exp: 5.657
2021-12-13 23:32:51.033 [INF] : WarpCoreChaser(2.66): Chaser count: 1, CH(0): P: (7.200, 19.764, 0.000) - V: (1.955, -18.510, 0.000) - Exp: 5.657
2021-12-13 23:32:51.159 [INF] : WarpCoreChaser(2.77): Chaser count: 1, CH(0): P: (7.417, 17.709, 0.000) - V: (1.955, -18.510, 0.000) - Exp: 5.657
2021-12-13 23:32:51.261 [INF] : WarpCoreChaser(2.88): Chaser count: 1, CH(0): P: (7.630, 15.689, 0.000) - V: (1.955, -18.510, 0.000) - Exp: 5.657
2021-12-13 23:32:51.362 [INF] : WarpCoreChaser(2.98): Chaser count: 1, CH(0): P: (7.827, 13.828, 0.000) - V: (1.955, -18.510, 0.000) - Exp: 5.657
2021-12-13 23:32:51.466 [INF] : WarpCoreChaser(3.09): Chaser count: 1, CH(0): P: (0.032, 11.883, 0.000) - V: (1.955, -18.510, 0.000) - Exp: 5.657
2021-12-13 23:32:51.559 [INF] : WarpCoreChaser(3.19): Chaser count: 1, CH(0): P: (0.229, 10.022, 0.000) - V: (1.955, -18.510, 0.000) - Exp: 5.657
2021-12-13 23:32:51.660 [INF] : WarpCoreChaser(3.29): Chaser count: 1, CH(0): P: (0.425, 8.163, 0.000) - V: (1.955, -18.510, 0.000) - Exp: 5.657
2021-12-13 23:32:51.761 [INF] : WarpCoreChaser(3.39): Chaser count: 1, CH(0): P: (0.624, 6.282, 0.000) - V: (1.955, -18.510, 0.000) - Exp: 5.657
2021-12-13 23:32:51.863 [INF] : WarpCoreChaser(3.49): Chaser count: 1, CH(0): P: (0.820, 4.427, 0.000) - V: (1.955, -18.510, 0.000) - Exp: 5.657
2021-12-13 23:32:51.963 [INF] : WarpCoreChaser(3.59): Chaser count: 1, CH(0): P: (1.018, 2.546, 0.000) - V: (1.955, -18.510, 0.000) - Exp: 5.657
2021-12-13 23:32:52.065 [INF] : WarpCoreChaser(3.69): Chaser count: 1, CH(0): P: (1.217, 0.668, 0.000) - V: (1.955, -18.510, 0.000) - Exp: 5.657
2021-12-13 23:32:52.165 [INF] : WarpCoreChaser(3.79): Chaser count: 1, CH(0): P: (1.413, 120.811, 0.000) - V: (1.955, -18.510, 0.000) - Exp: 5.657
2021-12-13 23:32:52.266 [INF] : WarpCoreChaser(3.89): Chaser count: 1, CH(0): P: (1.611, 118.934, 0.000) - V: (1.955, -18.510, 0.000) - Exp: 5.657
2021-12-13 23:32:52.368 [INF] : WarpCoreChaser(4.00): Chaser count: 1, CH(0): P: (1.810, 117.049, 0.000) - V: (1.955, -18.510, 0.000) - Exp: 5.657
2021-12-13 23:32:52.469 [INF] : WarpCoreChaser(4.10): Chaser count: 1, CH(0): P: (2.008, 115.174, 0.000) - V: (1.955, -18.510, 0.000) - Exp: 5.657
2021-12-13 23:32:52.571 [INF] : WarpCoreChaser(4.20): Chaser count: 1, CH(0): P: (2.207, 113.290, 0.000) - V: (1.955, -18.510, 0.000) - Exp: 5.657
2021-12-13 23:32:52.673 [INF] : WarpCoreChaser(4.30): Chaser count: 1, CH(0): P: (2.405, 111.414, 0.000) - V: (1.955, -18.510, 0.000) - Exp: 5.657
2021-12-13 23:32:52.775 [INF] : WarpCoreChaser(4.40): Chaser count: 1, CH(0): P: (2.604, 109.527, 0.000) - V: (1.955, -18.510, 0.000) - Exp: 5.657
2021-12-13 23:32:52.876 [INF] : WarpCoreChaser(4.50): Chaser count: 1, CH(0): P: (2.802, 107.656, 0.000) - V: (1.955, -18.510, 0.000) - Exp: 5.657
2021-12-13 23:32:52.977 [INF] : WarpCoreChaser(4.60): Chaser count: 1, CH(0): P: (3.001, 105.769, 0.000) - V: (1.955, -18.510, 0.000) - Exp: 5.657
2021-12-13 23:32:53.079 [INF] : WarpCoreChaser(4.71): Chaser count: 1, CH(0): P: (3.201, 103.883, 0.000) - V: (1.955, -18.510, 0.000) - Exp: 5.657
2021-12-13 23:32:53.181 [INF] : WarpCoreChaser(4.81): Chaser count: 1, CH(0): P: (3.398, 102.013, 0.000) - V: (1.955, -18.510, 0.000) - Exp: 5.657
2021-12-13 23:32:53.281 [INF] : WarpCoreChaser(4.91): Chaser count: 1, CH(0): P: (3.594, 100.158, 0.000) - V: (1.955, -18.510, 0.000) - Exp: 5.657
2021-12-13 23:32:53.382 [INF] : WarpCoreChaser(5.01): Chaser count: 1, CH(0): P: (3.792, 98.283, 0.000) - V: (1.955, -18.510, 0.000) - Exp: 5.657
2021-12-13 23:32:53.482 [INF] : WarpCoreChaser(5.11): Chaser count: 1, CH(0): P: (3.988, 96.430, 0.000) - V: (1.955, -18.510, 0.000) - Exp: 5.657
2021-12-13 23:32:53.583 [INF] : WarpCoreChaser(5.21): Chaser count: 1, CH(0): P: (4.186, 94.554, 0.000) - V: (1.955, -18.510, 0.000) - Exp: 5.657
2021-12-13 23:32:53.685 [INF] : WarpCoreChaser(5.31): Chaser count: 1, CH(0): P: (4.384, 92.678, 0.000) - V: (1.955, -18.510, 0.000) - Exp: 5.657
2021-12-13 23:32:53.787 [INF] : WarpCoreChaser(5.41): Chaser count: 1, CH(0): P: (4.583, 90.790, 0.000) - V: (1.955, -18.510, 0.000) - Exp: 5.657
2021-12-13 23:32:53.888 [INF] : WarpCoreChaser(5.52): Chaser count: 1, CH(0): P: (4.781, 88.915, 0.000) - V: (1.955, -18.510, 0.000) - Exp: 5.657
2021-12-13 23:32:53.988 [INF] : WarpCoreChaser(5.62): Chaser count: 1, CH(0): P: (4.977, 87.062, 0.000) - V: (1.955, -18.510, 0.000) - Exp: 5.657
2021-12-13 23:32:54.031 [INF] : Diag chaser expired: CH(0): P: (5.057, 86.305, 0.000) - V: (1.955, -18.510, 0.000) - Exp: 5.657
2021-12-13 23:32:56.494 [INF] : Add Chaser: CH(1): P: (7.000, 37.000, 0.000) - V: (0.552, -23.284, 0.000) - Exp: 14.938
2021-12-13 23:32:56.524 [INF] : WarpCoreChaser(8.15): Chaser count: 1, CH(1): P: (7.018, 36.257, 0.000) - V: (0.552, -23.284, 0.000) - Exp: 14.938
2021-12-13 23:32:56.624 [INF] : WarpCoreChaser(8.25): Chaser count: 1, CH(1): P: (7.073, 33.913, 0.000) - V: (0.552, -23.284, 0.000) - Exp: 14.938
2021-12-13 23:32:56.724 [INF] : WarpCoreChaser(8.35): Chaser count: 1, CH(1): P: (7.129, 31.562, 0.000) - V: (0.552, -23.284, 0.000) - Exp: 14.938
2021-12-13 23:32:56.825 [INF] : WarpCoreChaser(8.45): Chaser count: 1, CH(1): P: (7.184, 29.224, 0.000) - V: (0.552, -23.284, 0.000) - Exp: 14.938
2021-12-13 23:32:56.927 [INF] : WarpCoreChaser(8.55): Chaser count: 1, CH(1): P: (7.241, 26.847, 0.000) - V: (0.552, -23.284, 0.000) - Exp: 14.938
2021-12-13 23:32:57.029 [INF] : WarpCoreChaser(8.66): Chaser count: 1, CH(1): P: (7.297, 24.483, 0.000) - V: (0.552, -23.284, 0.000) - Exp: 14.938
2021-12-13 23:32:57.129 [INF] : WarpCoreChaser(8.76): Chaser count: 1, CH(1): P: (7.352, 22.148, 0.000) - V: (0.552, -23.284, 0.000) - Exp: 14.938
2021-12-13 23:32:57.229 [INF] : WarpCoreChaser(8.86): Chaser count: 1, CH(1): P: (7.408, 19.808, 0.000) - V: (0.552, -23.284, 0.000) - Exp: 14.938
2021-12-13 23:32:57.331 [INF] : WarpCoreChaser(8.96): Chaser count: 1, CH(1): P: (7.464, 17.436, 0.000) - V: (0.552, -23.284, 0.000) - Exp: 14.938
2021-12-13 23:32:57.433 [INF] : WarpCoreChaser(9.06): Chaser count: 1, CH(1): P: (7.520, 15.072, 0.000) - V: (0.552, -23.284, 0.000) - Exp: 14.938
2021-12-13 23:32:57.535 [INF] : WarpCoreChaser(9.16): Chaser count: 1, CH(1): P: (7.577, 12.698, 0.000) - V: (0.552, -23.284, 0.000) - Exp: 14.938
2021-12-13 23:32:57.636 [INF] : WarpCoreChaser(9.26): Chaser count: 1, CH(1): P: (7.632, 10.369, 0.000) - V: (0.552, -23.284, 0.000) - Exp: 14.938
2021-12-13 23:32:57.735 [INF] : WarpCoreChaser(9.36): Chaser count: 1, CH(1): P: (7.687, 8.035, 0.000) - V: (0.552, -23.284, 0.000) - Exp: 14.938
2021-12-13 23:32:57.836 [INF] : WarpCoreChaser(9.46): Chaser count: 1, CH(1): P: (7.743, 5.689, 0.000) - V: (0.552, -23.284, 0.000) - Exp: 14.938
2021-12-13 23:32:57.936 [INF] : WarpCoreChaser(9.56): Chaser count: 1, CH(1): P: (7.798, 3.357, 0.000) - V: (0.552, -23.284, 0.000) - Exp: 14.938
2021-12-13 23:32:58.037 [INF] : WarpCoreChaser(9.66): Chaser count: 1, CH(1): P: (7.854, 1.016, 0.000) - V: (0.552, -23.284, 0.000) - Exp: 14.938
2021-12-13 23:32:58.138 [INF] : WarpCoreChaser(9.76): Chaser count: 1, CH(1): P: (7.909, 120.666, 0.000) - V: (0.552, -23.284, 0.000) - Exp: 14.938
2021-12-13 23:32:58.239 [INF] : WarpCoreChaser(9.87): Chaser count: 1, CH(1): P: (7.965, 118.303, 0.000) - V: (0.552, -23.284, 0.000) - Exp: 14.938
2021-12-13 23:32:58.340 [INF] : WarpCoreChaser(9.97): Chaser count: 1, CH(1): P: (0.021, 115.953, 0.000) - V: (0.552, -23.284, 0.000) - Exp: 14.938
2021-12-13 23:32:58.441 [INF] : WarpCoreChaser(10.07): Chaser count: 1, CH(1): P: (0.077, 113.601, 0.000) - V: (0.552, -23.284, 0.000) - Exp: 14.938
2021-12-13 23:32:58.542 [INF] : WarpCoreChaser(10.17): Chaser count: 1, CH(1): P: (0.133, 111.248, 0.000) - V: (0.552, -23.284, 0.000) - Exp: 14.938
2021-12-13 23:32:58.644 [INF] : WarpCoreChaser(10.27): Chaser count: 1, CH(1): P: (0.189, 108.893, 0.000) - V: (0.552, -23.284, 0.000) - Exp: 14.938
2021-12-13 23:32:58.745 [INF] : WarpCoreChaser(10.37): Chaser count: 1, CH(1): P: (0.245, 106.523, 0.000) - V: (0.552, -23.284, 0.000) - Exp: 14.938
2021-12-13 23:32:58.846 [INF] : WarpCoreChaser(10.47): Chaser count: 1, CH(1): P: (0.301, 104.175, 0.000) - V: (0.552, -23.284, 0.000) - Exp: 14.938
2021-12-13 23:32:58.946 [INF] : WarpCoreChaser(10.57): Chaser count: 1, CH(1): P: (0.356, 101.835, 0.000) - V: (0.552, -23.284, 0.000) - Exp: 14.938
2021-12-13 23:32:59.048 [INF] : WarpCoreChaser(10.67): Chaser count: 1, CH(1): P: (0.412, 99.467, 0.000) - V: (0.552, -23.284, 0.000) - Exp: 14.938
2021-12-13 23:32:59.150 [INF] : WarpCoreChaser(10.78): Chaser count: 1, CH(1): P: (0.469, 97.097, 0.000) - V: (0.552, -23.284, 0.000) - Exp: 14.938
2021-12-13 23:32:59.250 [INF] : WarpCoreChaser(10.88): Chaser count: 1, CH(1): P: (0.524, 94.767, 0.000) - V: (0.552, -23.284, 0.000) - Exp: 14.938
2021-12-13 23:32:59.350 [INF] : WarpCoreChaser(10.98): Chaser count: 1, CH(1): P: (0.579, 92.439, 0.000) - V: (0.552, -23.284, 0.000) - Exp: 14.938
2021-12-13 23:32:59.452 [INF] : WarpCoreChaser(11.08): Chaser count: 1, CH(1): P: (0.635, 90.074, 0.000) - V: (0.552, -23.284, 0.000) - Exp: 14.938
2021-12-13 23:32:59.552 [INF] : WarpCoreChaser(11.18): Chaser count: 1, CH(1): P: (0.691, 87.738, 0.000) - V: (0.552, -23.284, 0.000) - Exp: 14.938
2021-12-13 23:32:59.653 [INF] : WarpCoreChaser(11.28): Chaser count: 1, CH(1): P: (0.746, 85.386, 0.000) - V: (0.552, -23.284, 0.000) - Exp: 14.938
2021-12-13 23:32:59.754 [INF] : WarpCoreChaser(11.38): Chaser count: 1, CH(1): P: (0.802, 83.032, 0.000) - V: (0.552, -23.284, 0.000) - Exp: 14.938
2021-12-13 23:32:59.855 [INF] : WarpCoreChaser(11.48): Chaser count: 1, CH(1): P: (0.858, 80.685, 0.000) - V: (0.552, -23.284, 0.000) - Exp: 14.938
2021-12-13 23:32:59.956 [INF] : WarpCoreChaser(11.58): Chaser count: 1, CH(1): P: (0.914, 78.333, 0.000) - V: (0.552, -23.284, 0.000) - Exp: 14.938
2021-12-13 23:33:00.057 [INF] : WarpCoreChaser(11.68): Chaser count: 1, CH(1): P: (0.970, 75.968, 0.000) - V: (0.552, -23.284, 0.000) - Exp: 14.938
2021-12-13 23:33:00.158 [INF] : WarpCoreChaser(11.78): Chaser count: 1, CH(1): P: (1.025, 73.626, 0.000) - V: (0.552, -23.284, 0.000) - Exp: 14.938
2021-12-13 23:33:00.258 [INF] : WarpCoreChaser(11.88): Chaser count: 1, CH(1): P: (1.081, 71.292, 0.000) - V: (0.552, -23.284, 0.000) - Exp: 14.938
2021-12-13 23:33:00.360 [INF] : WarpCoreChaser(11.99): Chaser count: 1, CH(1): P: (1.137, 68.926, 0.000) - V: (0.552, -23.284, 0.000) - Exp: 14.938
2021-12-13 23:33:00.461 [INF] : WarpCoreChaser(12.09): Chaser count: 1, CH(1): P: (1.193, 66.572, 0.000) - V: (0.552, -23.284, 0.000) - Exp: 14.938
2021-12-13 23:33:00.562 [INF] : WarpCoreChaser(12.19): Chaser count: 1, CH(1): P: (1.249, 64.219, 0.000) - V: (0.552, -23.284, 0.000) - Exp: 14.938
2021-12-13 23:33:00.663 [INF] : WarpCoreChaser(12.29): Chaser count: 1, CH(1): P: (1.304, 61.865, 0.000) - V: (0.552, -23.284, 0.000) - Exp: 14.938
2021-12-13 23:33:00.764 [INF] : WarpCoreChaser(12.39): Chaser count: 1, CH(1): P: (1.360, 59.501, 0.000) - V: (0.552, -23.284, 0.000) - Exp: 14.938
2021-12-13 23:33:00.866 [INF] : WarpCoreChaser(12.49): Chaser count: 1, CH(1): P: (1.417, 57.131, 0.000) - V: (0.552, -23.284, 0.000) - Exp: 14.938
2021-12-13 23:33:00.968 [INF] : WarpCoreChaser(12.59): Chaser count: 1, CH(1): P: (1.473, 54.770, 0.000) - V: (0.552, -23.284, 0.000) - Exp: 14.938
2021-12-13 23:33:01.070 [INF] : WarpCoreChaser(12.70): Chaser count: 1, CH(1): P: (1.529, 52.397, 0.000) - V: (0.552, -23.284, 0.000) - Exp: 14.938
2021-12-13 23:33:01.171 [INF] : WarpCoreChaser(12.80): Chaser count: 1, CH(1): P: (1.585, 50.049, 0.000) - V: (0.552, -23.284, 0.000) - Exp: 14.938
2021-12-13 23:33:01.272 [INF] : WarpCoreChaser(12.90): Chaser count: 1, CH(1): P: (1.641, 47.688, 0.000) - V: (0.552, -23.284, 0.000) - Exp: 14.938
2021-12-13 23:33:01.372 [INF] : WarpCoreChaser(13.00): Chaser count: 1, CH(1): P: (1.696, 45.348, 0.000) - V: (0.552, -23.284, 0.000) - Exp: 14.938
2021-12-13 23:33:01.474 [INF] : WarpCoreChaser(13.10): Chaser count: 1, CH(1): P: (1.752, 42.977, 0.000) - V: (0.552, -23.284, 0.000) - Exp: 14.938
2021-12-13 23:33:01.576 [INF] : WarpCoreChaser(13.20): Chaser count: 1, CH(1): P: (1.809, 40.607, 0.000) - V: (0.552, -23.284, 0.000) - Exp: 14.938
2021-12-13 23:33:01.677 [INF] : WarpCoreChaser(13.30): Chaser count: 1, CH(1): P: (1.864, 38.269, 0.000) - V: (0.552, -23.284, 0.000) - Exp: 14.938
2021-12-13 23:33:01.777 [INF] : WarpCoreChaser(13.40): Chaser count: 1, CH(1): P: (1.920, 35.922, 0.000) - V: (0.552, -23.284, 0.000) - Exp: 14.938
2021-12-13 23:33:01.878 [INF] : WarpCoreChaser(13.50): Chaser count: 1, CH(1): P: (1.975, 33.582, 0.000) - V: (0.552, -23.284, 0.000) - Exp: 14.938
2021-12-13 23:33:01.979 [INF] : WarpCoreChaser(13.61): Chaser count: 1, CH(1): P: (2.031, 31.230, 0.000) - V: (0.552, -23.284, 0.000) - Exp: 14.938
2021-12-13 23:33:02.080 [INF] : WarpCoreChaser(13.71): Chaser count: 1, CH(1): P: (2.087, 28.878, 0.000) - V: (0.552, -23.284, 0.000) - Exp: 14.938
2021-12-13 23:33:02.181 [INF] : WarpCoreChaser(13.81): Chaser count: 1, CH(1): P: (2.143, 26.524, 0.000) - V: (0.552, -23.284, 0.000) - Exp: 14.938
2021-12-13 23:33:02.282 [INF] : WarpCoreChaser(13.91): Chaser count: 1, CH(1): P: (2.199, 24.162, 0.000) - V: (0.552, -23.284, 0.000) - Exp: 14.938
2021-12-13 23:33:02.383 [INF] : WarpCoreChaser(14.01): Chaser count: 1, CH(1): P: (2.254, 21.824, 0.000) - V: (0.552, -23.284, 0.000) - Exp: 14.938
2021-12-13 23:33:02.484 [INF] : WarpCoreChaser(14.11): Chaser count: 1, CH(1): P: (2.310, 19.470, 0.000) - V: (0.552, -23.284, 0.000) - Exp: 14.938
2021-12-13 23:33:02.585 [INF] : WarpCoreChaser(14.21): Chaser count: 1, CH(1): P: (2.366, 17.119, 0.000) - V: (0.552, -23.284, 0.000) - Exp: 14.938
2021-12-13 23:33:02.685 [INF] : WarpCoreChaser(14.31): Chaser count: 1, CH(1): P: (2.421, 14.780, 0.000) - V: (0.552, -23.284, 0.000) - Exp: 14.938
2021-12-13 23:33:02.786 [INF] : WarpCoreChaser(14.41): Chaser count: 1, CH(1): P: (2.477, 12.447, 0.000) - V: (0.552, -23.284, 0.000) - Exp: 14.938
2021-12-13 23:33:02.887 [INF] : WarpCoreChaser(14.51): Chaser count: 1, CH(1): P: (2.533, 10.077, 0.000) - V: (0.552, -23.284, 0.000) - Exp: 14.938
2021-12-13 23:33:02.987 [INF] : WarpCoreChaser(14.61): Chaser count: 1, CH(1): P: (2.588, 7.744, 0.000) - V: (0.552, -23.284, 0.000) - Exp: 14.938
2021-12-13 23:33:03.087 [INF] : WarpCoreChaser(14.71): Chaser count: 1, CH(1): P: (2.644, 5.415, 0.000) - V: (0.552, -23.284, 0.000) - Exp: 14.938
2021-12-13 23:33:03.189 [INF] : WarpCoreChaser(14.82): Chaser count: 1, CH(1): P: (2.700, 3.048, 0.000) - V: (0.552, -23.284, 0.000) - Exp: 14.938
2021-12-13 23:33:03.289 [INF] : WarpCoreChaser(14.92): Chaser count: 1, CH(1): P: (2.755, 0.714, 0.000) - V: (0.552, -23.284, 0.000) - Exp: 14.938
2021-12-13 23:33:03.313 [INF] : Diag chaser expired: CH(1): P: (2.767, 0.208, 0.000) - V: (0.552, -23.284, 0.000) - Exp: 14.938
2021-12-13 23:33:04.495 [INF] : Add Chaser: CH(2): P: (5.000, 107.000, 0.000) - V: (1.575, -29.498, 0.000) - Exp: 22.899
2021-12-13 23:33:04.504 [INF] : WarpCoreChaser(16.13): Chaser count: 1, CH(2): P: (5.018, 106.669, 0.000) - V: (1.575, -29.498, 0.000) - Exp: 22.899
2021-12-13 23:33:04.605 [INF] : WarpCoreChaser(16.23): Chaser count: 1, CH(2): P: (5.176, 103.706, 0.000) - V: (1.575, -29.498, 0.000) - Exp: 22.899
2021-12-13 23:33:04.707 [INF] : WarpCoreChaser(16.33): Chaser count: 1, CH(2): P: (5.335, 100.719, 0.000) - V: (1.575, -29.498, 0.000) - Exp: 22.899
2021-12-13 23:33:04.807 [INF] : WarpCoreChaser(16.43): Chaser count: 1, CH(2): P: (5.495, 97.739, 0.000) - V: (1.575, -29.498, 0.000) - Exp: 22.899
2021-12-13 23:33:04.907 [INF] : WarpCoreChaser(16.53): Chaser count: 1, CH(2): P: (5.654, 94.761, 0.000) - V: (1.575, -29.498, 0.000) - Exp: 22.899
2021-12-13 23:33:05.008 [INF] : WarpCoreChaser(16.63): Chaser count: 1, CH(2): P: (5.812, 91.789, 0.000) - V: (1.575, -29.498, 0.000) - Exp: 22.899
2021-12-13 23:33:05.108 [INF] : WarpCoreChaser(16.73): Chaser count: 1, CH(2): P: (5.970, 88.834, 0.000) - V: (1.575, -29.498, 0.000) - Exp: 22.899
2021-12-13 23:33:05.208 [INF] : WarpCoreChaser(16.83): Chaser count: 1, CH(2): P: (6.128, 85.880, 0.000) - V: (1.575, -29.498, 0.000) - Exp: 22.899
2021-12-13 23:33:05.310 [INF] : WarpCoreChaser(16.94): Chaser count: 1, CH(2): P: (6.287, 82.895, 0.000) - V: (1.575, -29.498, 0.000) - Exp: 22.899
2021-12-13 23:33:05.412 [INF] : WarpCoreChaser(17.04): Chaser count: 1, CH(2): P: (6.448, 79.888, 0.000) - V: (1.575, -29.498, 0.000) - Exp: 22.899
2021-12-13 23:33:05.513 [INF] : WarpCoreChaser(17.14): Chaser count: 1, CH(2): P: (6.608, 76.890, 0.000) - V: (1.575, -29.498, 0.000) - Exp: 22.899
2021-12-13 23:33:05.614 [INF] : WarpCoreChaser(17.24): Chaser count: 1, CH(2): P: (6.767, 73.918, 0.000) - V: (1.575, -29.498, 0.000) - Exp: 22.899
2021-12-13 23:33:05.715 [INF] : WarpCoreChaser(17.34): Chaser count: 1, CH(2): P: (6.926, 70.941, 0.000) - V: (1.575, -29.498, 0.000) - Exp: 22.899
2021-12-13 23:33:05.816 [INF] : WarpCoreChaser(17.44): Chaser count: 1, CH(2): P: (7.085, 67.963, 0.000) - V: (1.575, -29.498, 0.000) - Exp: 22.899
2021-12-13 23:33:05.917 [INF] : WarpCoreChaser(17.54): Chaser count: 1, CH(2): P: (7.243, 64.998, 0.000) - V: (1.575, -29.498, 0.000) - Exp: 22.899
2021-12-13 23:33:06.019 [INF] : WarpCoreChaser(17.64): Chaser count: 1, CH(2): P: (7.404, 61.992, 0.000) - V: (1.575, -29.498, 0.000) - Exp: 22.899
2021-12-13 23:33:06.120 [INF] : WarpCoreChaser(17.75): Chaser count: 1, CH(2): P: (7.563, 59.008, 0.000) - V: (1.575, -29.498, 0.000) - Exp: 22.899
2021-12-13 23:33:06.221 [INF] : WarpCoreChaser(17.85): Chaser count: 1, CH(2): P: (7.723, 56.010, 0.000) - V: (1.575, -29.498, 0.000) - Exp: 22.899
2021-12-13 23:33:06.321 [INF] : WarpCoreChaser(17.95): Chaser count: 1, CH(2): P: (7.881, 53.057, 0.000) - V: (1.575, -29.498, 0.000) - Exp: 22.899
2021-12-13 23:33:06.424 [INF] : WarpCoreChaser(18.05): Chaser count: 1, CH(2): P: (0.042, 50.049, 0.000) - V: (1.575, -29.498, 0.000) - Exp: 22.899
2021-12-13 23:33:06.523 [INF] : WarpCoreChaser(18.15): Chaser count: 1, CH(2): P: (0.200, 47.094, 0.000) - V: (1.575, -29.498, 0.000) - Exp: 22.899
2021-12-13 23:33:06.624 [INF] : WarpCoreChaser(18.25): Chaser count: 1, CH(2): P: (0.357, 44.137, 0.000) - V: (1.575, -29.498, 0.000) - Exp: 22.899
2021-12-13 23:33:06.725 [INF] : WarpCoreChaser(18.35): Chaser count: 1, CH(2): P: (0.518, 41.140, 0.000) - V: (1.575, -29.498, 0.000) - Exp: 22.899
2021-12-13 23:33:06.827 [INF] : WarpCoreChaser(18.45): Chaser count: 1, CH(2): P: (0.678, 38.143, 0.000) - V: (1.575, -29.498, 0.000) - Exp: 22.899
2021-12-13 23:33:06.928 [INF] : WarpCoreChaser(18.55): Chaser count: 1, CH(2): P: (0.836, 35.183, 0.000) - V: (1.575, -29.498, 0.000) - Exp: 22.899
2021-12-13 23:33:07.028 [INF] : WarpCoreChaser(18.65): Chaser count: 1, CH(2): P: (0.994, 32.212, 0.000) - V: (1.575, -29.498, 0.000) - Exp: 22.899
2021-12-13 23:33:07.130 [INF] : WarpCoreChaser(18.76): Chaser count: 1, CH(2): P: (1.155, 29.209, 0.000) - V: (1.575, -29.498, 0.000) - Exp: 22.899
2021-12-13 23:33:07.230 [INF] : WarpCoreChaser(18.86): Chaser count: 1, CH(2): P: (1.312, 26.258, 0.000) - V: (1.575, -29.498, 0.000) - Exp: 22.899
2021-12-13 23:33:07.330 [INF] : WarpCoreChaser(18.96): Chaser count: 1, CH(2): P: (1.470, 23.307, 0.000) - V: (1.575, -29.498, 0.000) - Exp: 22.899
2021-12-13 23:33:07.433 [INF] : WarpCoreChaser(19.06): Chaser count: 1, CH(2): P: (1.632, 20.274, 0.000) - V: (1.575, -29.498, 0.000) - Exp: 22.899
2021-12-13 23:33:07.534 [INF] : WarpCoreChaser(19.16): Chaser count: 1, CH(2): P: (1.792, 17.272, 0.000) - V: (1.575, -29.498, 0.000) - Exp: 22.899
2021-12-13 23:33:07.636 [INF] : WarpCoreChaser(19.26): Chaser count: 1, CH(2): P: (1.952, 14.289, 0.000) - V: (1.575, -29.498, 0.000) - Exp: 22.899
2021-12-13 23:33:07.737 [INF] : WarpCoreChaser(19.36): Chaser count: 1, CH(2): P: (2.111, 11.311, 0.000) - V: (1.575, -29.498, 0.000) - Exp: 22.899
2021-12-13 23:33:07.837 [INF] : WarpCoreChaser(19.46): Chaser count: 1, CH(2): P: (2.270, 8.337, 0.000) - V: (1.575, -29.498, 0.000) - Exp: 22.899
2021-12-13 23:33:07.939 [INF] : WarpCoreChaser(19.57): Chaser count: 1, CH(2): P: (2.430, 5.327, 0.000) - V: (1.575, -29.498, 0.000) - Exp: 22.899
2021-12-13 23:33:08.041 [INF] : WarpCoreChaser(19.67): Chaser count: 1, CH(2): P: (2.591, 2.324, 0.000) - V: (1.575, -29.498, 0.000) - Exp: 22.899
2021-12-13 23:33:08.144 [INF] : WarpCoreChaser(19.77): Chaser count: 1, CH(2): P: (2.751, 121.326, 0.000) - V: (1.575, -29.498, 0.000) - Exp: 22.899
2021-12-13 23:33:08.245 [INF] : WarpCoreChaser(19.87): Chaser count: 1, CH(2): P: (2.911, 118.318, 0.000) - V: (1.575, -29.498, 0.000) - Exp: 22.899
2021-12-13 23:33:08.345 [INF] : WarpCoreChaser(19.97): Chaser count: 1, CH(2): P: (3.070, 115.356, 0.000) - V: (1.575, -29.498, 0.000) - Exp: 22.899
2021-12-13 23:33:08.446 [INF] : WarpCoreChaser(20.07): Chaser count: 1, CH(2): P: (3.228, 112.383, 0.000) - V: (1.575, -29.498, 0.000) - Exp: 22.899
2021-12-13 23:33:08.546 [INF] : WarpCoreChaser(20.17): Chaser count: 1, CH(2): P: (3.386, 109.431, 0.000) - V: (1.575, -29.498, 0.000) - Exp: 22.899
2021-12-13 23:33:08.648 [INF] : WarpCoreChaser(20.27): Chaser count: 1, CH(2): P: (3.545, 106.450, 0.000) - V: (1.575, -29.498, 0.000) - Exp: 22.899
2021-12-13 23:33:08.748 [INF] : WarpCoreChaser(20.37): Chaser count: 1, CH(2): P: (3.705, 103.466, 0.000) - V: (1.575, -29.498, 0.000) - Exp: 22.899
2021-12-13 23:33:08.850 [INF] : WarpCoreChaser(20.48): Chaser count: 1, CH(2): P: (3.864, 100.480, 0.000) - V: (1.575, -29.498, 0.000) - Exp: 22.899
2021-12-13 23:33:08.950 [INF] : WarpCoreChaser(20.58): Chaser count: 1, CH(2): P: (4.023, 97.511, 0.000) - V: (1.575, -29.498, 0.000) - Exp: 22.899
2021-12-13 23:33:09.051 [INF] : WarpCoreChaser(20.68): Chaser count: 1, CH(2): P: (4.181, 94.543, 0.000) - V: (1.575, -29.498, 0.000) - Exp: 22.899
2021-12-13 23:33:09.151 [INF] : WarpCoreChaser(20.78): Chaser count: 1, CH(2): P: (4.339, 91.591, 0.000) - V: (1.575, -29.498, 0.000) - Exp: 22.899
2021-12-13 23:33:09.253 [INF] : WarpCoreChaser(20.88): Chaser count: 1, CH(2): P: (4.500, 88.579, 0.000) - V: (1.575, -29.498, 0.000) - Exp: 22.899
2021-12-13 23:33:09.355 [INF] : WarpCoreChaser(20.98): Chaser count: 1, CH(2): P: (4.660, 85.579, 0.000) - V: (1.575, -29.498, 0.000) - Exp: 22.899
2021-12-13 23:33:09.456 [INF] : WarpCoreChaser(21.08): Chaser count: 1, CH(2): P: (4.819, 82.609, 0.000) - V: (1.575, -29.498, 0.000) - Exp: 22.899
2021-12-13 23:33:09.557 [INF] : WarpCoreChaser(21.18): Chaser count: 1, CH(2): P: (4.979, 79.603, 0.000) - V: (1.575, -29.498, 0.000) - Exp: 22.899
2021-12-13 23:33:09.658 [INF] : WarpCoreChaser(21.28): Chaser count: 1, CH(2): P: (5.137, 76.640, 0.000) - V: (1.575, -29.498, 0.000) - Exp: 22.899
2021-12-13 23:33:09.759 [INF] : WarpCoreChaser(21.38): Chaser count: 1, CH(2): P: (5.296, 73.667, 0.000) - V: (1.575, -29.498, 0.000) - Exp: 22.899
2021-12-13 23:33:09.859 [INF] : WarpCoreChaser(21.48): Chaser count: 1, CH(2): P: (5.454, 70.706, 0.000) - V: (1.575, -29.498, 0.000) - Exp: 22.899
2021-12-13 23:33:09.960 [INF] : WarpCoreChaser(21.59): Chaser count: 1, CH(2): P: (5.614, 67.718, 0.000) - V: (1.575, -29.498, 0.000) - Exp: 22.899
2021-12-13 23:33:10.060 [INF] : WarpCoreChaser(21.69): Chaser count: 1, CH(2): P: (5.772, 64.766, 0.000) - V: (1.575, -29.498, 0.000) - Exp: 22.899
2021-12-13 23:33:10.161 [INF] : WarpCoreChaser(21.79): Chaser count: 1, CH(2): P: (5.930, 61.807, 0.000) - V: (1.575, -29.498, 0.000) - Exp: 22.899
2021-12-13 23:33:10.264 [INF] : WarpCoreChaser(21.89): Chaser count: 1, CH(2): P: (6.090, 58.810, 0.000) - V: (1.575, -29.498, 0.000) - Exp: 22.899
2021-12-13 23:33:10.363 [INF] : WarpCoreChaser(21.99): Chaser count: 1, CH(2): P: (6.248, 55.839, 0.000) - V: (1.575, -29.498, 0.000) - Exp: 22.899
2021-12-13 23:33:10.464 [INF] : WarpCoreChaser(22.09): Chaser count: 1, CH(2): P: (6.407, 52.875, 0.000) - V: (1.575, -29.498, 0.000) - Exp: 22.899
2021-12-13 23:33:10.565 [INF] : WarpCoreChaser(22.19): Chaser count: 1, CH(2): P: (6.567, 49.875, 0.000) - V: (1.575, -29.498, 0.000) - Exp: 22.899
2021-12-13 23:33:10.666 [INF] : WarpCoreChaser(22.29): Chaser count: 1, CH(2): P: (6.726, 46.895, 0.000) - V: (1.575, -29.498, 0.000) - Exp: 22.899
2021-12-13 23:33:10.767 [INF] : WarpCoreChaser(22.39): Chaser count: 1, CH(2): P: (6.885, 43.927, 0.000) - V: (1.575, -29.498, 0.000) - Exp: 22.899
2021-12-13 23:33:10.868 [INF] : WarpCoreChaser(22.49): Chaser count: 1, CH(2): P: (7.044, 40.934, 0.000) - V: (1.575, -29.498, 0.000) - Exp: 22.899
2021-12-13 23:33:10.970 [INF] : WarpCoreChaser(22.60): Chaser count: 1, CH(2): P: (7.204, 37.943, 0.000) - V: (1.575, -29.498, 0.000) - Exp: 22.899
2021-12-13 23:33:11.071 [INF] : WarpCoreChaser(22.70): Chaser count: 1, CH(2): P: (7.363, 34.973, 0.000) - V: (1.575, -29.498, 0.000) - Exp: 22.899
2021-12-13 23:33:11.171 [INF] : WarpCoreChaser(22.80): Chaser count: 1, CH(2): P: (7.521, 32.010, 0.000) - V: (1.575, -29.498, 0.000) - Exp: 22.899
2021-12-13 23:33:11.271 [INF] : WarpCoreChaser(22.90): Chaser count: 1, CH(2): P: (7.679, 29.056, 0.000) - V: (1.575, -29.498, 0.000) - Exp: 22.899
2021-12-13 23:33:11.277 [INF] : Diag chaser expired: CH(2): P: (7.682, 28.994, 0.000) - V: (1.575, -29.498, 0.000) - Exp: 22.899
2021-12-13 23:33:12.497 [INF] : Add Chaser: CH(3): P: (3.000, 24.000, 0.000) - V: (0.854, 29.634, 0.000) - Exp: 27.852
2021-12-13 23:33:12.588 [INF] : WarpCoreChaser(24.21): Chaser count: 1, CH(3): P: (3.079, 26.753, 0.000) - V: (0.854, 29.634, 0.000) - Exp: 27.852
2021-12-13 23:33:12.690 [INF] : WarpCoreChaser(24.32): Chaser count: 1, CH(3): P: (3.166, 29.767, 0.000) - V: (0.854, 29.634, 0.000) - Exp: 27.852
2021-12-13 23:33:12.790 [INF] : WarpCoreChaser(24.42): Chaser count: 1, CH(3): P: (3.252, 32.739, 0.000) - V: (0.854, 29.634, 0.000) - Exp: 27.852
2021-12-13 23:33:12.890 [INF] : WarpCoreChaser(24.52): Chaser count: 1, CH(3): P: (3.337, 35.707, 0.000) - V: (0.854, 29.634, 0.000) - Exp: 27.852
2021-12-13 23:33:12.991 [INF] : WarpCoreChaser(24.62): Chaser count: 1, CH(3): P: (3.423, 38.688, 0.000) - V: (0.854, 29.634, 0.000) - Exp: 27.852
2021-12-13 23:33:13.093 [INF] : WarpCoreChaser(24.72): Chaser count: 1, CH(3): P: (3.510, 41.706, 0.000) - V: (0.854, 29.634, 0.000) - Exp: 27.852
2021-12-13 23:33:13.194 [INF] : WarpCoreChaser(24.82): Chaser count: 1, CH(3): P: (3.597, 44.711, 0.000) - V: (0.854, 29.634, 0.000) - Exp: 27.852
2021-12-13 23:33:13.295 [INF] : WarpCoreChaser(24.92): Chaser count: 1, CH(3): P: (3.683, 47.700, 0.000) - V: (0.854, 29.634, 0.000) - Exp: 27.852
2021-12-13 23:33:13.396 [INF] : WarpCoreChaser(25.02): Chaser count: 1, CH(3): P: (3.769, 50.692, 0.000) - V: (0.854, 29.634, 0.000) - Exp: 27.852
2021-12-13 23:33:13.497 [INF] : WarpCoreChaser(25.12): Chaser count: 1, CH(3): P: (3.855, 53.679, 0.000) - V: (0.854, 29.634, 0.000) - Exp: 27.852
2021-12-13 23:33:13.598 [INF] : WarpCoreChaser(25.22): Chaser count: 1, CH(3): P: (3.941, 56.664, 0.000) - V: (0.854, 29.634, 0.000) - Exp: 27.852
2021-12-13 23:33:13.699 [INF] : WarpCoreChaser(25.32): Chaser count: 1, CH(3): P: (4.028, 59.654, 0.000) - V: (0.854, 29.634, 0.000) - Exp: 27.852
2021-12-13 23:33:13.799 [INF] : WarpCoreChaser(25.43): Chaser count: 1, CH(3): P: (4.114, 62.645, 0.000) - V: (0.854, 29.634, 0.000) - Exp: 27.852
2021-12-13 23:33:13.902 [INF] : WarpCoreChaser(25.53): Chaser count: 1, CH(3): P: (4.201, 65.672, 0.000) - V: (0.854, 29.634, 0.000) - Exp: 27.852
2021-12-13 23:33:14.003 [INF] : WarpCoreChaser(25.63): Chaser count: 1, CH(3): P: (4.288, 68.677, 0.000) - V: (0.854, 29.634, 0.000) - Exp: 27.852
2021-12-13 23:33:14.105 [INF] : WarpCoreChaser(25.73): Chaser count: 1, CH(3): P: (4.374, 71.682, 0.000) - V: (0.854, 29.634, 0.000) - Exp: 27.852
2021-12-13 23:33:14.205 [INF] : WarpCoreChaser(25.83): Chaser count: 1, CH(3): P: (4.460, 74.662, 0.000) - V: (0.854, 29.634, 0.000) - Exp: 27.852
2021-12-13 23:33:14.306 [INF] : WarpCoreChaser(25.93): Chaser count: 1, CH(3): P: (4.546, 77.627, 0.000) - V: (0.854, 29.634, 0.000) - Exp: 27.852
2021-12-13 23:33:14.406 [INF] : WarpCoreChaser(26.03): Chaser count: 1, CH(3): P: (4.632, 80.622, 0.000) - V: (0.854, 29.634, 0.000) - Exp: 27.852
2021-12-13 23:33:14.507 [INF] : WarpCoreChaser(26.13): Chaser count: 1, CH(3): P: (4.719, 83.624, 0.000) - V: (0.854, 29.634, 0.000) - Exp: 27.852
2021-12-13 23:33:14.608 [INF] : WarpCoreChaser(26.23): Chaser count: 1, CH(3): P: (4.805, 86.610, 0.000) - V: (0.854, 29.634, 0.000) - Exp: 27.852
2021-12-13 23:33:14.710 [INF] : WarpCoreChaser(26.34): Chaser count: 1, CH(3): P: (4.892, 89.632, 0.000) - V: (0.854, 29.634, 0.000) - Exp: 27.852
2021-12-13 23:33:14.815 [INF] : WarpCoreChaser(26.44): Chaser count: 1, CH(3): P: (4.981, 92.740, 0.000) - V: (0.854, 29.634, 0.000) - Exp: 27.852
2021-12-13 23:33:14.917 [INF] : WarpCoreChaser(26.54): Chaser count: 1, CH(3): P: (5.068, 95.761, 0.000) - V: (0.854, 29.634, 0.000) - Exp: 27.852
2021-12-13 23:33:15.018 [INF] : WarpCoreChaser(26.64): Chaser count: 1, CH(3): P: (5.155, 98.763, 0.000) - V: (0.854, 29.634, 0.000) - Exp: 27.852
2021-12-13 23:33:15.120 [INF] : WarpCoreChaser(26.74): Chaser count: 1, CH(3): P: (5.241, 101.760, 0.000) - V: (0.854, 29.634, 0.000) - Exp: 27.852
2021-12-13 23:33:15.222 [INF] : WarpCoreChaser(26.85): Chaser count: 1, CH(3): P: (5.328, 104.778, 0.000) - V: (0.854, 29.634, 0.000) - Exp: 27.852
2021-12-13 23:33:15.323 [INF] : WarpCoreChaser(26.95): Chaser count: 1, CH(3): P: (5.415, 107.780, 0.000) - V: (0.854, 29.634, 0.000) - Exp: 27.852
2021-12-13 23:33:15.424 [INF] : WarpCoreChaser(27.05): Chaser count: 1, CH(3): P: (5.501, 110.776, 0.000) - V: (0.854, 29.634, 0.000) - Exp: 27.852
2021-12-13 23:33:15.525 [INF] : WarpCoreChaser(27.15): Chaser count: 1, CH(3): P: (5.587, 113.769, 0.000) - V: (0.854, 29.634, 0.000) - Exp: 27.852
2021-12-13 23:33:15.625 [INF] : WarpCoreChaser(27.25): Chaser count: 1, CH(3): P: (5.673, 116.736, 0.000) - V: (0.854, 29.634, 0.000) - Exp: 27.852
2021-12-13 23:33:15.727 [INF] : WarpCoreChaser(27.35): Chaser count: 1, CH(3): P: (5.760, 119.749, 0.000) - V: (0.854, 29.634, 0.000) - Exp: 27.852
2021-12-13 23:33:15.828 [INF] : WarpCoreChaser(27.45): Chaser count: 1, CH(3): P: (5.847, 0.767, 0.000) - V: (0.854, 29.634, 0.000) - Exp: 27.852
2021-12-13 23:33:15.930 [INF] : WarpCoreChaser(27.56): Chaser count: 1, CH(3): P: (5.934, 3.776, 0.000) - V: (0.854, 29.634, 0.000) - Exp: 27.852
2021-12-13 23:33:16.030 [INF] : WarpCoreChaser(27.66): Chaser count: 1, CH(3): P: (6.019, 6.747, 0.000) - V: (0.854, 29.634, 0.000) - Exp: 27.852
2021-12-13 23:33:16.131 [INF] : WarpCoreChaser(27.76): Chaser count: 1, CH(3): P: (6.105, 9.731, 0.000) - V: (0.854, 29.634, 0.000) - Exp: 27.852
2021-12-13 23:33:16.228 [INF] : Diag chaser expired: CH(3): P: (6.186, 12.543, 0.000) - V: (0.854, 29.634, 0.000) - Exp: 27.852
2021-12-13 23:33:20.499 [INF] : Add Chaser: CH(4): P: (6.000, 41.000, 0.000) - V: (-0.643, -17.436, 0.000) - Exp: 37.214
2021-12-13 23:33:20.577 [INF] : WarpCoreChaser(32.20): Chaser count: 1, CH(4): P: (5.949, 39.604, 0.000) - V: (-0.643, -17.436, 0.000) - Exp: 37.214
2021-12-13 23:33:20.678 [INF] : WarpCoreChaser(32.30): Chaser count: 1, CH(4): P: (5.884, 37.847, 0.000) - V: (-0.643, -17.436, 0.000) - Exp: 37.214
2021-12-13 23:33:20.778 [INF] : WarpCoreChaser(32.40): Chaser count: 1, CH(4): P: (5.819, 36.094, 0.000) - V: (-0.643, -17.436, 0.000) - Exp: 37.214
2021-12-13 23:33:20.880 [INF] : WarpCoreChaser(32.51): Chaser count: 1, CH(4): P: (5.754, 34.320, 0.000) - V: (-0.643, -17.436, 0.000) - Exp: 37.214
2021-12-13 23:33:20.982 [INF] : WarpCoreChaser(32.61): Chaser count: 1, CH(4): P: (5.688, 32.543, 0.000) - V: (-0.643, -17.436, 0.000) - Exp: 37.214
2021-12-13 23:33:21.085 [INF] : WarpCoreChaser(32.71): Chaser count: 1, CH(4): P: (5.623, 30.767, 0.000) - V: (-0.643, -17.436, 0.000) - Exp: 37.214
2021-12-13 23:33:21.185 [INF] : WarpCoreChaser(32.81): Chaser count: 1, CH(4): P: (5.558, 29.008, 0.000) - V: (-0.643, -17.436, 0.000) - Exp: 37.214
2021-12-13 23:33:21.287 [INF] : WarpCoreChaser(32.91): Chaser count: 1, CH(4): P: (5.493, 27.233, 0.000) - V: (-0.643, -17.436, 0.000) - Exp: 37.214
2021-12-13 23:33:21.389 [INF] : WarpCoreChaser(33.01): Chaser count: 1, CH(4): P: (5.427, 25.452, 0.000) - V: (-0.643, -17.436, 0.000) - Exp: 37.214
2021-12-13 23:33:21.491 [INF] : WarpCoreChaser(33.12): Chaser count: 1, CH(4): P: (5.361, 23.671, 0.000) - V: (-0.643, -17.436, 0.000) - Exp: 37.214
2021-12-13 23:33:21.593 [INF] : WarpCoreChaser(33.22): Chaser count: 1, CH(4): P: (5.296, 21.891, 0.000) - V: (-0.643, -17.436, 0.000) - Exp: 37.214
2021-12-13 23:33:21.694 [INF] : WarpCoreChaser(33.32): Chaser count: 1, CH(4): P: (5.231, 20.144, 0.000) - V: (-0.643, -17.436, 0.000) - Exp: 37.214
2021-12-13 23:33:21.796 [INF] : WarpCoreChaser(33.42): Chaser count: 1, CH(4): P: (5.165, 18.359, 0.000) - V: (-0.643, -17.436, 0.000) - Exp: 37.214
2021-12-13 23:33:21.896 [INF] : WarpCoreChaser(33.52): Chaser count: 1, CH(4): P: (5.101, 16.613, 0.000) - V: (-0.643, -17.436, 0.000) - Exp: 37.214
2021-12-13 23:33:21.996 [INF] : WarpCoreChaser(33.62): Chaser count: 1, CH(4): P: (5.037, 14.869, 0.000) - V: (-0.643, -17.436, 0.000) - Exp: 37.214
2021-12-13 23:33:22.096 [INF] : WarpCoreChaser(33.72): Chaser count: 1, CH(4): P: (4.972, 13.116, 0.000) - V: (-0.643, -17.436, 0.000) - Exp: 37.214
2021-12-13 23:33:22.197 [INF] : WarpCoreChaser(33.82): Chaser count: 1, CH(4): P: (4.907, 11.358, 0.000) - V: (-0.643, -17.436, 0.000) - Exp: 37.214
2021-12-13 23:33:22.298 [INF] : WarpCoreChaser(33.92): Chaser count: 1, CH(4): P: (4.842, 9.595, 0.000) - V: (-0.643, -17.436, 0.000) - Exp: 37.214
2021-12-13 23:33:22.399 [INF] : WarpCoreChaser(34.02): Chaser count: 1, CH(4): P: (4.777, 7.831, 0.000) - V: (-0.643, -17.436, 0.000) - Exp: 37.214
2021-12-13 23:33:22.500 [INF] : WarpCoreChaser(34.12): Chaser count: 1, CH(4): P: (4.713, 6.082, 0.000) - V: (-0.643, -17.436, 0.000) - Exp: 37.214
2021-12-13 23:33:22.601 [INF] : WarpCoreChaser(34.23): Chaser count: 1, CH(4): P: (4.648, 4.314, 0.000) - V: (-0.643, -17.436, 0.000) - Exp: 37.214
2021-12-13 23:33:22.702 [INF] : WarpCoreChaser(34.33): Chaser count: 1, CH(4): P: (4.583, 2.555, 0.000) - V: (-0.643, -17.436, 0.000) - Exp: 37.214
2021-12-13 23:33:22.804 [INF] : WarpCoreChaser(34.43): Chaser count: 1, CH(4): P: (4.518, 0.789, 0.000) - V: (-0.643, -17.436, 0.000) - Exp: 37.214
2021-12-13 23:33:22.904 [INF] : WarpCoreChaser(34.53): Chaser count: 1, CH(4): P: (4.453, 121.034, 0.000) - V: (-0.643, -17.436, 0.000) - Exp: 37.214
2021-12-13 23:33:23.007 [INF] : WarpCoreChaser(34.63): Chaser count: 1, CH(4): P: (4.387, 119.248, 0.000) - V: (-0.643, -17.436, 0.000) - Exp: 37.214
2021-12-13 23:33:23.107 [INF] : WarpCoreChaser(34.73): Chaser count: 1, CH(4): P: (4.323, 117.503, 0.000) - V: (-0.643, -17.436, 0.000) - Exp: 37.214
2021-12-13 23:33:23.208 [INF] : WarpCoreChaser(34.83): Chaser count: 1, CH(4): P: (4.258, 115.739, 0.000) - V: (-0.643, -17.436, 0.000) - Exp: 37.214
2021-12-13 23:33:23.309 [INF] : WarpCoreChaser(34.93): Chaser count: 1, CH(4): P: (4.193, 113.973, 0.000) - V: (-0.643, -17.436, 0.000) - Exp: 37.214
2021-12-13 23:33:23.410 [INF] : WarpCoreChaser(35.04): Chaser count: 1, CH(4): P: (4.128, 112.210, 0.000) - V: (-0.643, -17.436, 0.000) - Exp: 37.214
2021-12-13 23:33:23.512 [INF] : WarpCoreChaser(35.14): Chaser count: 1, CH(4): P: (4.062, 110.432, 0.000) - V: (-0.643, -17.436, 0.000) - Exp: 37.214
2021-12-13 23:33:23.614 [INF] : WarpCoreChaser(35.24): Chaser count: 1, CH(4): P: (3.997, 108.673, 0.000) - V: (-0.643, -17.436, 0.000) - Exp: 37.214
2021-12-13 23:33:23.714 [INF] : WarpCoreChaser(35.34): Chaser count: 1, CH(4): P: (3.933, 106.920, 0.000) - V: (-0.643, -17.436, 0.000) - Exp: 37.214
2021-12-13 23:33:23.816 [INF] : WarpCoreChaser(35.44): Chaser count: 1, CH(4): P: (3.867, 105.145, 0.000) - V: (-0.643, -17.436, 0.000) - Exp: 37.214
2021-12-13 23:33:23.916 [INF] : WarpCoreChaser(35.54): Chaser count: 1, CH(4): P: (3.803, 103.398, 0.000) - V: (-0.643, -17.436, 0.000) - Exp: 37.214
2021-12-13 23:33:24.018 [INF] : WarpCoreChaser(35.64): Chaser count: 1, CH(4): P: (3.738, 101.623, 0.000) - V: (-0.643, -17.436, 0.000) - Exp: 37.214
2021-12-13 23:33:24.119 [INF] : WarpCoreChaser(35.74): Chaser count: 1, CH(4): P: (3.672, 99.846, 0.000) - V: (-0.643, -17.436, 0.000) - Exp: 37.214
2021-12-13 23:33:24.222 [INF] : WarpCoreChaser(35.85): Chaser count: 1, CH(4): P: (3.607, 98.073, 0.000) - V: (-0.643, -17.436, 0.000) - Exp: 37.214
2021-12-13 23:33:24.323 [INF] : WarpCoreChaser(35.95): Chaser count: 1, CH(4): P: (3.541, 96.300, 0.000) - V: (-0.643, -17.436, 0.000) - Exp: 37.214
2021-12-13 23:33:24.424 [INF] : WarpCoreChaser(36.05): Chaser count: 1, CH(4): P: (3.476, 94.532, 0.000) - V: (-0.643, -17.436, 0.000) - Exp: 37.214
2021-12-13 23:33:24.525 [INF] : WarpCoreChaser(36.15): Chaser count: 1, CH(4): P: (3.411, 92.773, 0.000) - V: (-0.643, -17.436, 0.000) - Exp: 37.214
2021-12-13 23:33:24.627 [INF] : WarpCoreChaser(36.25): Chaser count: 1, CH(4): P: (3.346, 90.998, 0.000) - V: (-0.643, -17.436, 0.000) - Exp: 37.214
2021-12-13 23:33:24.729 [INF] : WarpCoreChaser(36.35): Chaser count: 1, CH(4): P: (3.280, 89.219, 0.000) - V: (-0.643, -17.436, 0.000) - Exp: 37.214
2021-12-13 23:33:24.830 [INF] : WarpCoreChaser(36.46): Chaser count: 1, CH(4): P: (3.215, 87.450, 0.000) - V: (-0.643, -17.436, 0.000) - Exp: 37.214
2021-12-13 23:33:24.932 [INF] : WarpCoreChaser(36.56): Chaser count: 1, CH(4): P: (3.150, 85.681, 0.000) - V: (-0.643, -17.436, 0.000) - Exp: 37.214
2021-12-13 23:33:25.032 [INF] : WarpCoreChaser(36.66): Chaser count: 1, CH(4): P: (3.085, 83.931, 0.000) - V: (-0.643, -17.436, 0.000) - Exp: 37.214
2021-12-13 23:33:25.133 [INF] : WarpCoreChaser(36.76): Chaser count: 1, CH(4): P: (3.021, 82.178, 0.000) - V: (-0.643, -17.436, 0.000) - Exp: 37.214
2021-12-13 23:33:25.235 [INF] : WarpCoreChaser(36.86): Chaser count: 1, CH(4): P: (2.955, 80.400, 0.000) - V: (-0.643, -17.436, 0.000) - Exp: 37.214
2021-12-13 23:33:25.337 [INF] : WarpCoreChaser(36.96): Chaser count: 1, CH(4): P: (2.890, 78.627, 0.000) - V: (-0.643, -17.436, 0.000) - Exp: 37.214
2021-12-13 23:33:25.438 [INF] : WarpCoreChaser(37.06): Chaser count: 1, CH(4): P: (2.825, 76.866, 0.000) - V: (-0.643, -17.436, 0.000) - Exp: 37.214
2021-12-13 23:33:25.538 [INF] : WarpCoreChaser(37.16): Chaser count: 1, CH(4): P: (2.760, 75.104, 0.000) - V: (-0.643, -17.436, 0.000) - Exp: 37.214
2021-12-13 23:33:25.589 [INF] : Diag chaser expired: CH(4): P: (2.728, 74.249, 0.000) - V: (-0.643, -17.436, 0.000) - Exp: 37.214
2021-12-13 23:33:28.500 [INF] : Add Chaser: CH(5): P: (0.000, 57.000, 0.000) - V: (1.841, -15.223, 0.000) - Exp: 42.690
2021-12-13 23:33:28.575 [INF] : WarpCoreChaser(40.20): Chaser count: 1, CH(5): P: (0.141, 55.834, 0.000) - V: (1.841, -15.223, 0.000) - Exp: 42.690
2021-12-13 23:33:28.676 [INF] : WarpCoreChaser(40.30): Chaser count: 1, CH(5): P: (0.328, 54.292, 0.000) - V: (1.841, -15.223, 0.000) - Exp: 42.690
2021-12-13 23:33:28.776 [INF] : WarpCoreChaser(40.40): Chaser count: 1, CH(5): P: (0.512, 52.769, 0.000) - V: (1.841, -15.223, 0.000) - Exp: 42.690
2021-12-13 23:33:28.876 [INF] : WarpCoreChaser(40.50): Chaser count: 1, CH(5): P: (0.696, 51.243, 0.000) - V: (1.841, -15.223, 0.000) - Exp: 42.690
2021-12-13 23:33:28.977 [INF] : WarpCoreChaser(40.60): Chaser count: 1, CH(5): P: (0.882, 49.711, 0.000) - V: (1.841, -15.223, 0.000) - Exp: 42.690
2021-12-13 23:33:29.078 [INF] : WarpCoreChaser(40.70): Chaser count: 1, CH(5): P: (1.068, 48.168, 0.000) - V: (1.841, -15.223, 0.000) - Exp: 42.690
2021-12-13 23:33:29.181 [INF] : WarpCoreChaser(40.81): Chaser count: 1, CH(5): P: (1.257, 46.608, 0.000) - V: (1.841, -15.223, 0.000) - Exp: 42.690
2021-12-13 23:33:29.281 [INF] : WarpCoreChaser(40.91): Chaser count: 1, CH(5): P: (1.442, 45.076, 0.000) - V: (1.841, -15.223, 0.000) - Exp: 42.690
2021-12-13 23:33:29.382 [INF] : WarpCoreChaser(41.01): Chaser count: 1, CH(5): P: (1.627, 43.550, 0.000) - V: (1.841, -15.223, 0.000) - Exp: 42.690
2021-12-13 23:33:29.482 [INF] : WarpCoreChaser(41.11): Chaser count: 1, CH(5): P: (1.813, 42.015, 0.000) - V: (1.841, -15.223, 0.000) - Exp: 42.690
2021-12-13 23:33:29.584 [INF] : WarpCoreChaser(41.21): Chaser count: 1, CH(5): P: (2.000, 40.468, 0.000) - V: (1.841, -15.223, 0.000) - Exp: 42.690
2021-12-13 23:33:29.684 [INF] : WarpCoreChaser(41.31): Chaser count: 1, CH(5): P: (2.185, 38.941, 0.000) - V: (1.841, -15.223, 0.000) - Exp: 42.690
2021-12-13 23:33:29.786 [INF] : WarpCoreChaser(41.41): Chaser count: 1, CH(5): P: (2.372, 37.395, 0.000) - V: (1.841, -15.223, 0.000) - Exp: 42.690
2021-12-13 23:33:29.887 [INF] : WarpCoreChaser(41.51): Chaser count: 1, CH(5): P: (2.558, 35.852, 0.000) - V: (1.841, -15.223, 0.000) - Exp: 42.690
2021-12-13 23:33:29.989 [INF] : WarpCoreChaser(41.61): Chaser count: 1, CH(5): P: (2.746, 34.302, 0.000) - V: (1.841, -15.223, 0.000) - Exp: 42.690
2021-12-13 23:33:30.091 [INF] : WarpCoreChaser(41.72): Chaser count: 1, CH(5): P: (2.934, 32.749, 0.000) - V: (1.841, -15.223, 0.000) - Exp: 42.690
2021-12-13 23:33:30.193 [INF] : WarpCoreChaser(41.82): Chaser count: 1, CH(5): P: (3.121, 31.201, 0.000) - V: (1.841, -15.223, 0.000) - Exp: 42.690
2021-12-13 23:33:30.293 [INF] : WarpCoreChaser(41.92): Chaser count: 1, CH(5): P: (3.305, 29.676, 0.000) - V: (1.841, -15.223, 0.000) - Exp: 42.690
2021-12-13 23:33:30.395 [INF] : WarpCoreChaser(42.02): Chaser count: 1, CH(5): P: (3.492, 28.131, 0.000) - V: (1.841, -15.223, 0.000) - Exp: 42.690
2021-12-13 23:33:30.496 [INF] : WarpCoreChaser(42.12): Chaser count: 1, CH(5): P: (3.680, 26.582, 0.000) - V: (1.841, -15.223, 0.000) - Exp: 42.690
2021-12-13 23:33:30.597 [INF] : WarpCoreChaser(42.22): Chaser count: 1, CH(5): P: (3.864, 25.054, 0.000) - V: (1.841, -15.223, 0.000) - Exp: 42.690
2021-12-13 23:33:30.699 [INF] : WarpCoreChaser(42.32): Chaser count: 1, CH(5): P: (4.052, 23.503, 0.000) - V: (1.841, -15.223, 0.000) - Exp: 42.690
2021-12-13 23:33:30.799 [INF] : WarpCoreChaser(42.42): Chaser count: 1, CH(5): P: (4.237, 21.973, 0.000) - V: (1.841, -15.223, 0.000) - Exp: 42.690
2021-12-13 23:33:30.899 [INF] : WarpCoreChaser(42.52): Chaser count: 1, CH(5): P: (4.422, 20.447, 0.000) - V: (1.841, -15.223, 0.000) - Exp: 42.690
2021-12-13 23:33:31.001 [INF] : WarpCoreChaser(42.63): Chaser count: 1, CH(5): P: (4.608, 18.903, 0.000) - V: (1.841, -15.223, 0.000) - Exp: 42.690
2021-12-13 23:33:31.066 [INF] : Diag chaser expired: CH(5): P: (4.725, 17.942, 0.000) - V: (1.841, -15.223, 0.000) - Exp: 42.690
2021-12-13 23:33:36.502 [INF] : Add Chaser: CH(6): P: (6.000, 92.000, 0.000) - V: (-0.971, 10.650, 0.000) - Exp: 50.437
2021-12-13 23:33:36.556 [INF] : WarpCoreChaser(48.18): Chaser count: 1, CH(6): P: (5.946, 92.597, 0.000) - V: (-0.971, 10.650, 0.000) - Exp: 50.437
2021-12-13 23:33:36.658 [INF] : WarpCoreChaser(48.28): Chaser count: 1, CH(6): P: (5.847, 93.681, 0.000) - V: (-0.971, 10.650, 0.000) - Exp: 50.437
2021-12-13 23:33:36.759 [INF] : WarpCoreChaser(48.38): Chaser count: 1, CH(6): P: (5.748, 94.762, 0.000) - V: (-0.971, 10.650, 0.000) - Exp: 50.437
2021-12-13 23:33:36.860 [INF] : WarpCoreChaser(48.48): Chaser count: 1, CH(6): P: (5.650, 95.837, 0.000) - V: (-0.971, 10.650, 0.000) - Exp: 50.437
2021-12-13 23:33:36.962 [INF] : WarpCoreChaser(48.59): Chaser count: 1, CH(6): P: (5.551, 96.921, 0.000) - V: (-0.971, 10.650, 0.000) - Exp: 50.437
2021-12-13 23:33:37.063 [INF] : WarpCoreChaser(48.69): Chaser count: 1, CH(6): P: (5.453, 98.001, 0.000) - V: (-0.971, 10.650, 0.000) - Exp: 50.437
2021-12-13 23:33:37.165 [INF] : WarpCoreChaser(48.79): Chaser count: 1, CH(6): P: (5.354, 99.086, 0.000) - V: (-0.971, 10.650, 0.000) - Exp: 50.437
2021-12-13 23:33:37.267 [INF] : WarpCoreChaser(48.89): Chaser count: 1, CH(6): P: (5.255, 100.167, 0.000) - V: (-0.971, 10.650, 0.000) - Exp: 50.437
2021-12-13 23:33:37.367 [INF] : WarpCoreChaser(48.99): Chaser count: 1, CH(6): P: (5.157, 101.239, 0.000) - V: (-0.971, 10.650, 0.000) - Exp: 50.437
2021-12-13 23:33:37.468 [INF] : WarpCoreChaser(49.09): Chaser count: 1, CH(6): P: (5.060, 102.307, 0.000) - V: (-0.971, 10.650, 0.000) - Exp: 50.437
2021-12-13 23:33:37.569 [INF] : WarpCoreChaser(49.19): Chaser count: 1, CH(6): P: (4.962, 103.383, 0.000) - V: (-0.971, 10.650, 0.000) - Exp: 50.437
2021-12-13 23:33:37.670 [INF] : WarpCoreChaser(49.29): Chaser count: 1, CH(6): P: (4.864, 104.457, 0.000) - V: (-0.971, 10.650, 0.000) - Exp: 50.437
2021-12-13 23:33:37.771 [INF] : WarpCoreChaser(49.39): Chaser count: 1, CH(6): P: (4.766, 105.534, 0.000) - V: (-0.971, 10.650, 0.000) - Exp: 50.437
2021-12-13 23:33:37.872 [INF] : WarpCoreChaser(49.50): Chaser count: 1, CH(6): P: (4.667, 106.609, 0.000) - V: (-0.971, 10.650, 0.000) - Exp: 50.437
2021-12-13 23:33:37.973 [INF] : WarpCoreChaser(49.60): Chaser count: 1, CH(6): P: (4.569, 107.688, 0.000) - V: (-0.971, 10.650, 0.000) - Exp: 50.437
2021-12-13 23:33:38.074 [INF] : WarpCoreChaser(49.70): Chaser count: 1, CH(6): P: (4.471, 108.761, 0.000) - V: (-0.971, 10.650, 0.000) - Exp: 50.437
2021-12-13 23:33:38.175 [INF] : WarpCoreChaser(49.80): Chaser count: 1, CH(6): P: (4.373, 109.840, 0.000) - V: (-0.971, 10.650, 0.000) - Exp: 50.437
2021-12-13 23:33:38.276 [INF] : WarpCoreChaser(49.90): Chaser count: 1, CH(6): P: (4.274, 110.918, 0.000) - V: (-0.971, 10.650, 0.000) - Exp: 50.437
2021-12-13 23:33:38.376 [INF] : WarpCoreChaser(50.00): Chaser count: 1, CH(6): P: (4.177, 111.985, 0.000) - V: (-0.971, 10.650, 0.000) - Exp: 50.437
2021-12-13 23:33:38.477 [INF] : WarpCoreChaser(50.10): Chaser count: 1, CH(6): P: (4.079, 113.060, 0.000) - V: (-0.971, 10.650, 0.000) - Exp: 50.437
2021-12-13 23:33:38.580 [INF] : WarpCoreChaser(50.20): Chaser count: 1, CH(6): P: (3.980, 114.150, 0.000) - V: (-0.971, 10.650, 0.000) - Exp: 50.437
2021-12-13 23:33:38.680 [INF] : WarpCoreChaser(50.30): Chaser count: 1, CH(6): P: (3.882, 115.217, 0.000) - V: (-0.971, 10.650, 0.000) - Exp: 50.437
2021-12-13 23:33:38.781 [INF] : WarpCoreChaser(50.40): Chaser count: 1, CH(6): P: (3.784, 116.290, 0.000) - V: (-0.971, 10.650, 0.000) - Exp: 50.437
2021-12-13 23:33:38.815 [INF] : Diag chaser expired: CH(6): P: (3.753, 116.638, 0.000) - V: (-0.971, 10.650, 0.000) - Exp: 50.437
2021-12-13 23:33:44.504 [INF] : Add Chaser: CH(7): P: (0.000, 30.000, 0.000) - V: (1.689, -21.955, 0.000) - Exp: 60.137
2021-12-13 23:33:44.548 [INF] : WarpCoreChaser(56.17): Chaser count: 1, CH(7): P: (0.078, 28.989, 0.000) - V: (1.689, -21.955, 0.000) - Exp: 60.137
2021-12-13 23:33:44.649 [INF] : WarpCoreChaser(56.27): Chaser count: 1, CH(7): P: (0.250, 26.754, 0.000) - V: (1.689, -21.955, 0.000) - Exp: 60.137
2021-12-13 23:33:44.750 [INF] : WarpCoreChaser(56.37): Chaser count: 1, CH(7): P: (0.420, 24.544, 0.000) - V: (1.689, -21.955, 0.000) - Exp: 60.137
2021-12-13 23:33:44.852 [INF] : WarpCoreChaser(56.48): Chaser count: 1, CH(7): P: (0.592, 22.309, 0.000) - V: (1.689, -21.955, 0.000) - Exp: 60.137
2021-12-13 23:33:44.954 [INF] : WarpCoreChaser(56.58): Chaser count: 1, CH(7): P: (0.764, 20.064, 0.000) - V: (1.689, -21.955, 0.000) - Exp: 60.137
2021-12-13 23:33:45.057 [INF] : WarpCoreChaser(56.68): Chaser count: 1, CH(7): P: (0.938, 17.812, 0.000) - V: (1.689, -21.955, 0.000) - Exp: 60.137
2021-12-13 23:33:45.157 [INF] : WarpCoreChaser(56.78): Chaser count: 1, CH(7): P: (1.107, 15.611, 0.000) - V: (1.689, -21.955, 0.000) - Exp: 60.137
2021-12-13 23:33:45.259 [INF] : WarpCoreChaser(56.88): Chaser count: 1, CH(7): P: (1.279, 13.377, 0.000) - V: (1.689, -21.955, 0.000) - Exp: 60.137
2021-12-13 23:33:45.359 [INF] : WarpCoreChaser(56.98): Chaser count: 1, CH(7): P: (1.448, 11.179, 0.000) - V: (1.689, -21.955, 0.000) - Exp: 60.137
2021-12-13 23:33:45.460 [INF] : WarpCoreChaser(57.08): Chaser count: 1, CH(7): P: (1.619, 8.957, 0.000) - V: (1.689, -21.955, 0.000) - Exp: 60.137
2021-12-13 23:33:45.561 [INF] : WarpCoreChaser(57.18): Chaser count: 1, CH(7): P: (1.788, 6.749, 0.000) - V: (1.689, -21.955, 0.000) - Exp: 60.137
2021-12-13 23:33:45.661 [INF] : WarpCoreChaser(57.28): Chaser count: 1, CH(7): P: (1.959, 4.537, 0.000) - V: (1.689, -21.955, 0.000) - Exp: 60.137
2021-12-13 23:33:45.761 [INF] : WarpCoreChaser(57.38): Chaser count: 1, CH(7): P: (2.128, 2.338, 0.000) - V: (1.689, -21.955, 0.000) - Exp: 60.137
2021-12-13 23:33:45.864 [INF] : WarpCoreChaser(57.49): Chaser count: 1, CH(7): P: (2.299, 0.110, 0.000) - V: (1.689, -21.955, 0.000) - Exp: 60.137
2021-12-13 23:33:45.964 [INF] : WarpCoreChaser(57.59): Chaser count: 1, CH(7): P: (2.470, 119.890, 0.000) - V: (1.689, -21.955, 0.000) - Exp: 60.137
2021-12-13 23:33:46.065 [INF] : WarpCoreChaser(57.69): Chaser count: 1, CH(7): P: (2.641, 117.666, 0.000) - V: (1.689, -21.955, 0.000) - Exp: 60.137
2021-12-13 23:33:46.166 [INF] : WarpCoreChaser(57.79): Chaser count: 1, CH(7): P: (2.811, 115.459, 0.000) - V: (1.689, -21.955, 0.000) - Exp: 60.137
2021-12-13 23:33:46.266 [INF] : WarpCoreChaser(57.89): Chaser count: 1, CH(7): P: (2.980, 113.253, 0.000) - V: (1.689, -21.955, 0.000) - Exp: 60.137
2021-12-13 23:33:46.368 [INF] : WarpCoreChaser(57.99): Chaser count: 1, CH(7): P: (3.152, 111.028, 0.000) - V: (1.689, -21.955, 0.000) - Exp: 60.137
2021-12-13 23:33:46.470 [INF] : WarpCoreChaser(58.09): Chaser count: 1, CH(7): P: (3.323, 108.795, 0.000) - V: (1.689, -21.955, 0.000) - Exp: 60.137
2021-12-13 23:33:46.571 [INF] : WarpCoreChaser(58.19): Chaser count: 1, CH(7): P: (3.495, 106.558, 0.000) - V: (1.689, -21.955, 0.000) - Exp: 60.137
2021-12-13 23:33:46.673 [INF] : WarpCoreChaser(58.30): Chaser count: 1, CH(7): P: (3.667, 104.329, 0.000) - V: (1.689, -21.955, 0.000) - Exp: 60.137
2021-12-13 23:33:46.774 [INF] : WarpCoreChaser(58.40): Chaser count: 1, CH(7): P: (3.837, 102.115, 0.000) - V: (1.689, -21.955, 0.000) - Exp: 60.137
2021-12-13 23:33:46.875 [INF] : WarpCoreChaser(58.50): Chaser count: 1, CH(7): P: (4.009, 99.888, 0.000) - V: (1.689, -21.955, 0.000) - Exp: 60.137
2021-12-13 23:33:46.977 [INF] : WarpCoreChaser(58.60): Chaser count: 1, CH(7): P: (4.180, 97.659, 0.000) - V: (1.689, -21.955, 0.000) - Exp: 60.137
2021-12-13 23:33:47.077 [INF] : WarpCoreChaser(58.70): Chaser count: 1, CH(7): P: (4.349, 95.461, 0.000) - V: (1.689, -21.955, 0.000) - Exp: 60.137
2021-12-13 23:33:47.179 [INF] : WarpCoreChaser(58.80): Chaser count: 1, CH(7): P: (4.521, 93.227, 0.000) - V: (1.689, -21.955, 0.000) - Exp: 60.137
2021-12-13 23:33:47.280 [INF] : WarpCoreChaser(58.90): Chaser count: 1, CH(7): P: (4.693, 90.990, 0.000) - V: (1.689, -21.955, 0.000) - Exp: 60.137
2021-12-13 23:33:47.381 [INF] : WarpCoreChaser(59.00): Chaser count: 1, CH(7): P: (4.863, 88.782, 0.000) - V: (1.689, -21.955, 0.000) - Exp: 60.137
2021-12-13 23:33:47.481 [INF] : WarpCoreChaser(59.10): Chaser count: 1, CH(7): P: (5.032, 86.583, 0.000) - V: (1.689, -21.955, 0.000) - Exp: 60.137
2021-12-13 23:33:47.582 [INF] : WarpCoreChaser(59.21): Chaser count: 1, CH(7): P: (5.202, 84.371, 0.000) - V: (1.689, -21.955, 0.000) - Exp: 60.137
2021-12-13 23:33:47.683 [INF] : WarpCoreChaser(59.31): Chaser count: 1, CH(7): P: (5.373, 82.154, 0.000) - V: (1.689, -21.955, 0.000) - Exp: 60.137
2021-12-13 23:33:47.786 [INF] : WarpCoreChaser(59.41): Chaser count: 1, CH(7): P: (5.545, 79.912, 0.000) - V: (1.689, -21.955, 0.000) - Exp: 60.137
2021-12-13 23:33:47.887 [INF] : WarpCoreChaser(59.51): Chaser count: 1, CH(7): P: (5.716, 77.686, 0.000) - V: (1.689, -21.955, 0.000) - Exp: 60.137
2021-12-13 23:33:47.988 [INF] : WarpCoreChaser(59.61): Chaser count: 1, CH(7): P: (5.887, 75.462, 0.000) - V: (1.689, -21.955, 0.000) - Exp: 60.137
2021-12-13 23:33:48.090 [INF] : WarpCoreChaser(59.71): Chaser count: 1, CH(7): P: (6.060, 73.222, 0.000) - V: (1.689, -21.955, 0.000) - Exp: 60.137
2021-12-13 23:33:48.192 [INF] : WarpCoreChaser(59.82): Chaser count: 1, CH(7): P: (6.233, 70.976, 0.000) - V: (1.689, -21.955, 0.000) - Exp: 60.137
2021-12-13 23:33:48.295 [INF] : WarpCoreChaser(59.92): Chaser count: 1, CH(7): P: (6.406, 68.727, 0.000) - V: (1.689, -21.955, 0.000) - Exp: 60.137
2021-12-13 23:33:48.397 [INF] : WarpCoreChaser(60.02): Chaser count: 1, CH(7): P: (6.577, 66.494, 0.000) - V: (1.689, -21.955, 0.000) - Exp: 60.137
2021-12-13 23:33:48.498 [INF] : WarpCoreChaser(60.12): Chaser count: 1, CH(7): P: (6.748, 64.268, 0.000) - V: (1.689, -21.955, 0.000) - Exp: 60.137
2021-12-13 23:33:48.515 [INF] : Diag chaser expired: CH(7): P: (6.773, 63.951, 0.000) - V: (1.689, -21.955, 0.000) - Exp: 60.137
2021-12-13 23:33:52.506 [INF] : Add Chaser: CH(8): P: (3.000, 104.000, 0.000) - V: (-0.378, -27.488, 0.000) - Exp: 67.946
2021-12-13 23:33:52.543 [INF] : WarpCoreChaser(64.17): Chaser count: 1, CH(8): P: (2.985, 102.937, 0.000) - V: (-0.378, -27.488, 0.000) - Exp: 67.946
2021-12-13 23:33:52.644 [INF] : WarpCoreChaser(64.27): Chaser count: 1, CH(8): P: (2.947, 100.165, 0.000) - V: (-0.378, -27.488, 0.000) - Exp: 67.946
2021-12-13 23:33:52.744 [INF] : WarpCoreChaser(64.37): Chaser count: 1, CH(8): P: (2.909, 97.403, 0.000) - V: (-0.378, -27.488, 0.000) - Exp: 67.946
2021-12-13 23:33:52.844 [INF] : WarpCoreChaser(64.47): Chaser count: 1, CH(8): P: (2.871, 94.644, 0.000) - V: (-0.378, -27.488, 0.000) - Exp: 67.946
2021-12-13 23:33:52.946 [INF] : WarpCoreChaser(64.57): Chaser count: 1, CH(8): P: (2.833, 91.849, 0.000) - V: (-0.378, -27.488, 0.000) - Exp: 67.946
2021-12-13 23:33:53.048 [INF] : WarpCoreChaser(64.67): Chaser count: 1, CH(8): P: (2.795, 89.045, 0.000) - V: (-0.378, -27.488, 0.000) - Exp: 67.946
2021-12-13 23:33:53.150 [INF] : WarpCoreChaser(64.77): Chaser count: 1, CH(8): P: (2.756, 86.239, 0.000) - V: (-0.378, -27.488, 0.000) - Exp: 67.946
2021-12-13 23:33:53.254 [INF] : WarpCoreChaser(64.88): Chaser count: 1, CH(8): P: (2.717, 83.377, 0.000) - V: (-0.378, -27.488, 0.000) - Exp: 67.946
2021-12-13 23:33:53.356 [INF] : WarpCoreChaser(64.98): Chaser count: 1, CH(8): P: (2.678, 80.589, 0.000) - V: (-0.378, -27.488, 0.000) - Exp: 67.946
2021-12-13 23:33:53.456 [INF] : WarpCoreChaser(65.08): Chaser count: 1, CH(8): P: (2.640, 77.831, 0.000) - V: (-0.378, -27.488, 0.000) - Exp: 67.946
2021-12-13 23:33:53.557 [INF] : WarpCoreChaser(65.18): Chaser count: 1, CH(8): P: (2.602, 75.045, 0.000) - V: (-0.378, -27.488, 0.000) - Exp: 67.946
2021-12-13 23:33:53.659 [INF] : WarpCoreChaser(65.28): Chaser count: 1, CH(8): P: (2.564, 72.249, 0.000) - V: (-0.378, -27.488, 0.000) - Exp: 67.946
2021-12-13 23:33:53.760 [INF] : WarpCoreChaser(65.38): Chaser count: 1, CH(8): P: (2.525, 69.452, 0.000) - V: (-0.378, -27.488, 0.000) - Exp: 67.946
2021-12-13 23:33:53.861 [INF] : WarpCoreChaser(65.48): Chaser count: 1, CH(8): P: (2.487, 66.685, 0.000) - V: (-0.378, -27.488, 0.000) - Exp: 67.946
2021-12-13 23:33:53.963 [INF] : WarpCoreChaser(65.59): Chaser count: 1, CH(8): P: (2.449, 63.900, 0.000) - V: (-0.378, -27.488, 0.000) - Exp: 67.946
2021-12-13 23:33:54.064 [INF] : WarpCoreChaser(65.69): Chaser count: 1, CH(8): P: (2.411, 61.124, 0.000) - V: (-0.378, -27.488, 0.000) - Exp: 67.946
2021-12-13 23:33:54.164 [INF] : WarpCoreChaser(65.79): Chaser count: 1, CH(8): P: (2.373, 58.358, 0.000) - V: (-0.378, -27.488, 0.000) - Exp: 67.946
2021-12-13 23:33:54.265 [INF] : WarpCoreChaser(65.89): Chaser count: 1, CH(8): P: (2.335, 55.577, 0.000) - V: (-0.378, -27.488, 0.000) - Exp: 67.946
2021-12-13 23:33:54.366 [INF] : WarpCoreChaser(65.99): Chaser count: 1, CH(8): P: (2.297, 52.819, 0.000) - V: (-0.378, -27.488, 0.000) - Exp: 67.946
2021-12-13 23:33:54.466 [INF] : WarpCoreChaser(66.09): Chaser count: 1, CH(8): P: (2.259, 50.061, 0.000) - V: (-0.378, -27.488, 0.000) - Exp: 67.946
2021-12-13 23:33:54.568 [INF] : WarpCoreChaser(66.19): Chaser count: 1, CH(8): P: (2.221, 47.300, 0.000) - V: (-0.378, -27.488, 0.000) - Exp: 67.946
2021-12-13 23:33:54.667 [INF] : WarpCoreChaser(66.29): Chaser count: 1, CH(8): P: (2.183, 44.531, 0.000) - V: (-0.378, -27.488, 0.000) - Exp: 67.946
2021-12-13 23:33:54.769 [INF] : WarpCoreChaser(66.39): Chaser count: 1, CH(8): P: (2.145, 41.742, 0.000) - V: (-0.378, -27.488, 0.000) - Exp: 67.946
2021-12-13 23:33:54.871 [INF] : WarpCoreChaser(66.49): Chaser count: 1, CH(8): P: (2.106, 38.945, 0.000) - V: (-0.378, -27.488, 0.000) - Exp: 67.946
2021-12-13 23:33:54.972 [INF] : WarpCoreChaser(66.59): Chaser count: 1, CH(8): P: (2.068, 36.153, 0.000) - V: (-0.378, -27.488, 0.000) - Exp: 67.946
2021-12-13 23:33:55.073 [INF] : WarpCoreChaser(66.70): Chaser count: 1, CH(8): P: (2.030, 33.379, 0.000) - V: (-0.378, -27.488, 0.000) - Exp: 67.946
2021-12-13 23:33:55.174 [INF] : WarpCoreChaser(66.80): Chaser count: 1, CH(8): P: (1.991, 30.597, 0.000) - V: (-0.378, -27.488, 0.000) - Exp: 67.946
2021-12-13 23:33:55.276 [INF] : WarpCoreChaser(66.90): Chaser count: 1, CH(8): P: (1.953, 27.804, 0.000) - V: (-0.378, -27.488, 0.000) - Exp: 67.946
2021-12-13 23:33:55.378 [INF] : WarpCoreChaser(67.00): Chaser count: 1, CH(8): P: (1.915, 25.011, 0.000) - V: (-0.378, -27.488, 0.000) - Exp: 67.946
2021-12-13 23:33:55.478 [INF] : WarpCoreChaser(67.10): Chaser count: 1, CH(8): P: (1.877, 22.243, 0.000) - V: (-0.378, -27.488, 0.000) - Exp: 67.946
2021-12-13 23:33:55.578 [INF] : WarpCoreChaser(67.20): Chaser count: 1, CH(8): P: (1.839, 19.493, 0.000) - V: (-0.378, -27.488, 0.000) - Exp: 67.946
2021-12-13 23:33:55.680 [INF] : WarpCoreChaser(67.30): Chaser count: 1, CH(8): P: (1.800, 16.690, 0.000) - V: (-0.378, -27.488, 0.000) - Exp: 67.946
2021-12-13 23:33:55.781 [INF] : WarpCoreChaser(67.40): Chaser count: 1, CH(8): P: (1.762, 13.917, 0.000) - V: (-0.378, -27.488, 0.000) - Exp: 67.946
2021-12-13 23:33:55.882 [INF] : WarpCoreChaser(67.50): Chaser count: 1, CH(8): P: (1.724, 11.132, 0.000) - V: (-0.378, -27.488, 0.000) - Exp: 67.946
2021-12-13 23:33:55.983 [INF] : WarpCoreChaser(67.61): Chaser count: 1, CH(8): P: (1.686, 8.362, 0.000) - V: (-0.378, -27.488, 0.000) - Exp: 67.946
2021-12-13 23:33:56.084 [INF] : WarpCoreChaser(67.71): Chaser count: 1, CH(8): P: (1.648, 5.606, 0.000) - V: (-0.378, -27.488, 0.000) - Exp: 67.946
2021-12-13 23:33:56.184 [INF] : WarpCoreChaser(67.81): Chaser count: 1, CH(8): P: (1.610, 2.839, 0.000) - V: (-0.378, -27.488, 0.000) - Exp: 67.946
2021-12-13 23:33:56.286 [INF] : WarpCoreChaser(67.91): Chaser count: 1, CH(8): P: (1.572, 0.047, 0.000) - V: (-0.378, -27.488, 0.000) - Exp: 67.946
2021-12-13 23:33:56.326 [INF] : Diag chaser expired: CH(8): P: (1.557, 121.005, 0.000) - V: (-0.378, -27.488, 0.000) - Exp: 67.946
2021-12-13 23:34:00.508 [INF] : Add Chaser: CH(9): P: (5.000, 66.000, 0.000) - V: (-1.261, 8.184, 0.000) - Exp: 79.102
2021-12-13 23:34:00.533 [INF] : WarpCoreChaser(72.16): Chaser count: 1, CH(9): P: (4.966, 66.221, 0.000) - V: (-1.261, 8.184, 0.000) - Exp: 79.102
2021-12-13 23:34:00.634 [INF] : WarpCoreChaser(72.26): Chaser count: 1, CH(9): P: (4.839, 67.046, 0.000) - V: (-1.261, 8.184, 0.000) - Exp: 79.102
2021-12-13 23:34:00.734 [INF] : WarpCoreChaser(72.36): Chaser count: 1, CH(9): P: (4.712, 67.869, 0.000) - V: (-1.261, 8.184, 0.000) - Exp: 79.102
2021-12-13 23:34:00.836 [INF] : WarpCoreChaser(72.46): Chaser count: 1, CH(9): P: (4.584, 68.697, 0.000) - V: (-1.261, 8.184, 0.000) - Exp: 79.102
2021-12-13 23:34:00.937 [INF] : WarpCoreChaser(72.56): Chaser count: 1, CH(9): P: (4.456, 69.528, 0.000) - V: (-1.261, 8.184, 0.000) - Exp: 79.102
2021-12-13 23:34:01.038 [INF] : WarpCoreChaser(72.66): Chaser count: 1, CH(9): P: (4.330, 70.349, 0.000) - V: (-1.261, 8.184, 0.000) - Exp: 79.102
2021-12-13 23:34:01.138 [INF] : WarpCoreChaser(72.76): Chaser count: 1, CH(9): P: (4.203, 71.168, 0.000) - V: (-1.261, 8.184, 0.000) - Exp: 79.102
2021-12-13 23:34:01.239 [INF] : WarpCoreChaser(72.86): Chaser count: 1, CH(9): P: (4.075, 71.999, 0.000) - V: (-1.261, 8.184, 0.000) - Exp: 79.102
2021-12-13 23:34:01.340 [INF] : WarpCoreChaser(72.96): Chaser count: 1, CH(9): P: (3.949, 72.821, 0.000) - V: (-1.261, 8.184, 0.000) - Exp: 79.102
2021-12-13 23:34:01.441 [INF] : WarpCoreChaser(73.06): Chaser count: 1, CH(9): P: (3.821, 73.650, 0.000) - V: (-1.261, 8.184, 0.000) - Exp: 79.102
2021-12-13 23:34:01.542 [INF] : WarpCoreChaser(73.16): Chaser count: 1, CH(9): P: (3.694, 74.470, 0.000) - V: (-1.261, 8.184, 0.000) - Exp: 79.102
2021-12-13 23:34:01.643 [INF] : WarpCoreChaser(73.27): Chaser count: 1, CH(9): P: (3.566, 75.305, 0.000) - V: (-1.261, 8.184, 0.000) - Exp: 79.102
2021-12-13 23:34:01.745 [INF] : WarpCoreChaser(73.37): Chaser count: 1, CH(9): P: (3.438, 76.135, 0.000) - V: (-1.261, 8.184, 0.000) - Exp: 79.102
2021-12-13 23:34:01.845 [INF] : WarpCoreChaser(73.47): Chaser count: 1, CH(9): P: (3.311, 76.960, 0.000) - V: (-1.261, 8.184, 0.000) - Exp: 79.102
2021-12-13 23:34:01.946 [INF] : WarpCoreChaser(73.57): Chaser count: 1, CH(9): P: (3.184, 77.784, 0.000) - V: (-1.261, 8.184, 0.000) - Exp: 79.102
2021-12-13 23:34:02.048 [INF] : WarpCoreChaser(73.67): Chaser count: 1, CH(9): P: (3.055, 78.616, 0.000) - V: (-1.261, 8.184, 0.000) - Exp: 79.102
2021-12-13 23:34:02.149 [INF] : WarpCoreChaser(73.77): Chaser count: 1, CH(9): P: (2.928, 79.442, 0.000) - V: (-1.261, 8.184, 0.000) - Exp: 79.102
2021-12-13 23:34:02.251 [INF] : WarpCoreChaser(73.87): Chaser count: 1, CH(9): P: (2.799, 80.277, 0.000) - V: (-1.261, 8.184, 0.000) - Exp: 79.102
2021-12-13 23:34:02.351 [INF] : WarpCoreChaser(73.97): Chaser count: 1, CH(9): P: (2.673, 81.097, 0.000) - V: (-1.261, 8.184, 0.000) - Exp: 79.102
2021-12-13 23:34:02.452 [INF] : WarpCoreChaser(74.07): Chaser count: 1, CH(9): P: (2.546, 81.923, 0.000) - V: (-1.261, 8.184, 0.000) - Exp: 79.102
2021-12-13 23:34:02.554 [INF] : WarpCoreChaser(74.18): Chaser count: 1, CH(9): P: (2.417, 82.755, 0.000) - V: (-1.261, 8.184, 0.000) - Exp: 79.102
2021-12-13 23:34:02.655 [INF] : WarpCoreChaser(74.28): Chaser count: 1, CH(9): P: (2.289, 83.588, 0.000) - V: (-1.261, 8.184, 0.000) - Exp: 79.102
2021-12-13 23:34:02.757 [INF] : WarpCoreChaser(74.38): Chaser count: 1, CH(9): P: (2.161, 84.417, 0.000) - V: (-1.261, 8.184, 0.000) - Exp: 79.102
2021-12-13 23:34:02.857 [INF] : WarpCoreChaser(74.48): Chaser count: 1, CH(9): P: (2.035, 85.238, 0.000) - V: (-1.261, 8.184, 0.000) - Exp: 79.102
2021-12-13 23:34:02.957 [INF] : WarpCoreChaser(74.58): Chaser count: 1, CH(9): P: (1.908, 86.060, 0.000) - V: (-1.261, 8.184, 0.000) - Exp: 79.102
2021-12-13 23:34:03.060 [INF] : WarpCoreChaser(74.68): Chaser count: 1, CH(9): P: (1.779, 86.896, 0.000) - V: (-1.261, 8.184, 0.000) - Exp: 79.102
2021-12-13 23:34:03.161 [INF] : WarpCoreChaser(74.78): Chaser count: 1, CH(9): P: (1.651, 87.725, 0.000) - V: (-1.261, 8.184, 0.000) - Exp: 79.102
2021-12-13 23:34:03.262 [INF] : WarpCoreChaser(74.88): Chaser count: 1, CH(9): P: (1.524, 88.552, 0.000) - V: (-1.261, 8.184, 0.000) - Exp: 79.102
2021-12-13 23:34:23.026 [INF] Server: Pi Engine Room Controller Starting
2021-12-13 23:34:23.074 [INF] : NeoPixelHardwareRPI: Creating an RPI NeoPixel protocol on GPIO pin Gpio18 for 976 pixels.
2021-12-13 23:34:23.075 [INF] : WarpCore: Finished creating CoreStripProtocol
2021-12-13 23:34:23.075 [INF] : WarpCore: Finished creating CoreStrip
2021-12-13 23:34:23.077 [INF] : FastNoiseLite: Start Sampling Noise
2021-12-13 23:34:23.077 [INF] : FastNoiseLite: Noise Sampling produced a noise range of [1.000, -1.000] (R: -2.000) in 0.000 seconds
2021-12-13 23:34:23.180 [INF] : AnimationService starting.
2021-12-13 23:34:23.181 [INF] : RenderWorker is starting
2021-12-13 23:34:23.204 [INF] : Add Chaser: CH(0): P: (1.000, 71.000, 0.000) - V: (1.499, 10.305, 0.000) - Exp: 6.697
2021-12-13 23:34:23.333 [INF] Microsoft.Hosting.Lifetime: Now listening on: http://[::]:4000
2021-12-13 23:34:23.334 [INF] Microsoft.Hosting.Lifetime: Application started. Press Ctrl+C to shut down.
2021-12-13 23:34:23.334 [INF] Microsoft.Hosting.Lifetime: Hosting environment: Development
2021-12-13 23:34:23.334 [INF] Microsoft.Hosting.Lifetime: Content root path: C:\Users\david\source\repos\space-sim\pi-engine-room\Server\
2021-12-13 23:34:25.186 [INF] : Add Chaser: CH(1): P: (0.000, 75.000, 0.000) - V: (1.676, -19.296, 0.000) - Exp: 3.755
2021-12-13 23:34:27.188 [INF] : Add Chaser: CH(2): P: (2.000, 40.000, 0.000) - V: (-1.270, 27.509, 0.000) - Exp: 6.972
2021-12-13 23:34:29.190 [INF] : Add Chaser: CH(3): P: (2.000, 107.000, 0.000) - V: (1.012, 5.295, 0.000) - Exp: 12.106
2021-12-13 23:34:29.770 [INF] : Diag chaser expired: CH(0): P: (3.035, 18.001, 0.000) - V: (1.499, 10.305, 0.000) - Exp: 6.697
2021-12-13 23:34:31.190 [INF] : Add Chaser: CH(4): P: (4.000, 64.000, 0.000) - V: (0.879, -16.115, 0.000) - Exp: 9.358
2021-12-13 23:34:32.430 [INF] : Diag chaser expired: CH(4): P: (5.090, 44.018, 0.000) - V: (0.879, -16.115, 0.000) - Exp: 9.358
2021-12-13 23:34:33.191 [INF] : Add Chaser: CH(5): P: (0.000, 72.000, 0.000) - V: (-1.316, -7.233, 0.000) - Exp: 15.980
2021-12-13 23:34:35.193 [INF] : Add Chaser: CH(6): P: (3.000, 44.000, 0.000) - V: (-1.061, -8.385, 0.000) - Exp: 14.971
2021-12-13 23:34:37.195 [INF] : Add Chaser: CH(7): P: (6.000, 11.000, 0.000) - V: (1.686, 6.996, 0.000) - Exp: 18.424
2021-12-13 23:34:39.054 [INF] : Diag chaser expired: CH(5): P: (0.284, 29.598, 0.000) - V: (-1.316, -7.233, 0.000) - Exp: 15.980
2021-12-13 23:34:39.197 [INF] : Add Chaser: CH(8): P: (1.000, 63.000, 0.000) - V: (1.702, 23.720, 0.000) - Exp: 18.805
2021-12-13 23:34:41.198 [INF] : Add Chaser: CH(9): P: (6.000, 28.000, 0.000) - V: (1.484, 24.630, 0.000) - Exp: 20.456
2021-12-13 23:34:41.879 [INF] : Diag chaser expired: CH(8): P: (5.564, 4.598, 0.000) - V: (1.702, 23.720, 0.000) - Exp: 18.805
2021-12-13 23:34:43.199 [INF] : Add Chaser: CH(10): P: (4.000, 15.000, 0.000) - V: (-1.584, -26.419, 0.000) - Exp: 23.432
2021-12-13 23:34:45.199 [INF] : Add Chaser: CH(11): P: (4.000, 76.000, 0.000) - V: (1.254, 23.643, 0.000) - Exp: 23.982
2021-12-13 23:34:46.505 [INF] : Diag chaser expired: CH(10): P: (6.761, 49.619, 0.000) - V: (-1.584, -26.419, 0.000) - Exp: 23.432
2021-12-13 23:34:47.201 [INF] : Add Chaser: CH(12): P: (3.000, 98.000, 0.000) - V: (1.085, -4.715, 0.000) - Exp: 25.821
2021-12-13 23:34:48.895 [INF] : Diag chaser expired: CH(12): P: (4.839, 90.011, 0.000) - V: (1.085, -4.715, 0.000) - Exp: 25.821
2021-12-13 23:34:49.202 [INF] : Add Chaser: CH(13): P: (2.000, 116.000, 0.000) - V: (-0.214, -17.017, 0.000) - Exp: 30.398
2021-12-13 23:34:51.201 [INF] : Add Chaser: CH(14): P: (1.000, 68.000, 0.000) - V: (-0.432, 17.266, 0.000) - Exp: 29.275
2021-12-13 23:34:53.203 [INF] : Add Chaser: CH(15): P: (7.000, 42.000, 0.000) - V: (-0.321, -0.039, 0.000) - Exp: 31.542
2021-12-13 23:34:53.473 [INF] : Diag chaser expired: CH(13): P: (1.084, 43.309, 0.000) - V: (-0.214, -17.017, 0.000) - Exp: 30.398
2021-12-13 23:34:55.205 [INF] : Add Chaser: CH(16): P: (4.000, 82.000, 0.000) - V: (1.578, 24.518, 0.000) - Exp: 34.320
2021-12-13 23:34:57.207 [INF] : Add Chaser: CH(17): P: (2.000, 52.000, 0.000) - V: (-1.420, 17.779, 0.000) - Exp: 39.877
2021-12-13 23:34:57.322 [INF] : Setting simulation Power Level to 0.500
2021-12-13 23:34:57.394 [INF] : Diag chaser expired: CH(16): P: (7.455, 13.674, 0.000) - V: (1.578, 24.518, 0.000) - Exp: 34.320
2021-12-13 23:34:58.832 [INF] : Add Chaser: CH(18): P: (1.000, 103.000, 0.000) - V: (2.564, 33.257, 0.000) - Exp: 40.976
2021-12-13 23:35:00.334 [INF] : Add Chaser: CH(19): P: (4.000, 103.000, 0.000) - V: (-0.480, 3.448, 0.000) - Exp: 39.414
2021-12-13 23:35:01.837 [INF] : Add Chaser: CH(20): P: (3.000, 11.000, 0.000) - V: (-1.569, 36.843, 0.000) - Exp: 43.103
2021-12-13 23:35:03.337 [INF] : Add Chaser: CH(21): P: (0.000, 26.000, 0.000) - V: (-6.302, 2.199, 0.000) - Exp: 45.286
2021-12-13 23:35:04.051 [INF] : Diag chaser expired: CH(18): P: (6.379, 32.553, 0.000) - V: (2.564, 33.257, 0.000) - Exp: 40.976
2021-12-13 23:35:04.839 [INF] : Add Chaser: CH(22): P: (4.000, 34.000, 0.000) - V: (1.317, -11.614, 0.000) - Exp: 46.003
2021-12-13 23:35:06.341 [INF] : Add Chaser: CH(23): P: (6.000, 59.000, 0.000) - V: (-4.935, -18.508, 0.000) - Exp: 47.428
2021-12-13 23:35:07.843 [INF] : Add Chaser: CH(24): P: (4.000, 6.000, 0.000) - V: (-3.989, 28.303, 0.000) - Exp: 48.584
2021-12-13 23:35:09.077 [INF] : Diag chaser expired: CH(22): P: (1.581, 106.778, 0.000) - V: (1.317, -11.614, 0.000) - Exp: 46.003
2021-12-13 23:35:09.345 [INF] : Add Chaser: CH(25): P: (1.000, 64.000, 0.000) - V: (2.399, -45.832, 0.000) - Exp: 49.635
2021-12-13 23:35:10.847 [INF] : Add Chaser: CH(26): P: (1.000, 5.000, 0.000) - V: (1.752, 24.112, 0.000) - Exp: 51.939
2021-12-13 23:35:12.349 [INF] : Add Chaser: CH(27): P: (2.000, 4.000, 0.000) - V: (-0.003, 18.443, 0.000) - Exp: 51.874
2021-12-13 23:35:12.712 [INF] : Diag chaser expired: CH(25): P: (1.076, 31.707, 0.000) - V: (2.399, -45.832, 0.000) - Exp: 49.635
2021-12-13 23:35:13.851 [INF] : Add Chaser: CH(28): P: (1.000, 13.000, 0.000) - V: (0.109, -48.523, 0.000) - Exp: 56.475
2021-12-13 23:35:15.351 [INF] : Add Chaser: CH(29): P: (7.000, 113.000, 0.000) - V: (2.056, -17.645, 0.000) - Exp: 55.340
2021-12-13 23:35:15.736 [INF] : Setting simulation Power Level to 0.700
2021-12-13 23:35:16.752 [INF] : Add Chaser: CH(30): P: (7.000, 48.000, 0.000) - V: (-4.601, 68.359, 0.000) - Exp: 58.393
2021-12-13 23:35:18.054 [INF] : Add Chaser: CH(31): P: (5.000, 67.000, 0.000) - V: (-6.030, 31.890, 0.000) - Exp: 59.070
2021-12-13 23:35:19.354 [INF] : Add Chaser: CH(32): P: (1.000, 18.000, 0.000) - V: (3.456, 56.618, 0.000) - Exp: 58.301
2021-12-13 23:35:19.551 [INF] : Diag chaser expired: CH(28): P: (1.623, 102.396, 0.000) - V: (0.109, -48.523, 0.000) - Exp: 56.475
2021-12-13 23:35:20.654 [INF] : Add Chaser: CH(33): P: (4.000, 82.000, 0.000) - V: (1.891, 51.780, 0.000) - Exp: 61.743
2021-12-13 23:35:21.956 [INF] : Add Chaser: CH(34): P: (5.000, 65.000, 0.000) - V: (-3.300, -54.952, 0.000) - Exp: 60.931
2021-12-13 23:35:23.257 [INF] : Add Chaser: CH(35): P: (5.000, 81.000, 0.000) - V: (-5.626, -51.289, 0.000) - Exp: 64.220
2021-12-13 23:35:24.559 [INF] : Add Chaser: CH(36): P: (2.000, 70.000, 0.000) - V: (5.313, -59.694, 0.000) - Exp: 63.009
2021-12-13 23:35:24.819 [INF] : Diag chaser expired: CH(33): P: (3.877, 53.656, 0.000) - V: (1.891, 51.780, 0.000) - Exp: 61.743
2021-12-13 23:35:25.860 [INF] : Add Chaser: CH(37): P: (3.000, 99.000, 0.000) - V: (-6.085, 37.525, 0.000) - Exp: 64.650
2021-12-13 23:35:26.349 [INF] : Setting simulation Power Level to 1.000
2021-12-13 23:35:27.057 [INF] : Add Chaser: CH(38): P: (6.000, 114.000, 0.000) - V: (9.997, 21.993, 0.000) - Exp: 67.601
2021-12-13 23:35:27.727 [INF] : Diag chaser expired: CH(37): P: (7.642, 47.043, 0.000) - V: (-6.085, 37.525, 0.000) - Exp: 64.650
2021-12-13 23:35:28.097 [INF] : Add Chaser: CH(39): P: (1.000, 27.000, 0.000) - V: (4.551, -69.093, 0.000) - Exp: 69.908
2021-12-13 23:35:29.097 [INF] : Add Chaser: CH(40): P: (4.000, 81.000, 0.000) - V: (3.965, 18.692, 0.000) - Exp: 67.435
2021-12-13 23:35:30.098 [INF] : Add Chaser: CH(41): P: (5.000, 37.000, 0.000) - V: (11.955, 62.901, 0.000) - Exp: 68.521
2021-12-13 23:35:31.098 [INF] : Add Chaser: CH(42): P: (3.000, 37.000, 0.000) - V: (-3.746, 89.487, 0.000) - Exp: 72.115
2021-12-13 23:35:32.100 [INF] : Add Chaser: CH(43): P: (0.000, 93.000, 0.000) - V: (-1.028, -13.082, 0.000) - Exp: 72.197
2021-12-13 23:35:32.984 [INF] : Diag chaser expired: CH(39): P: (7.240, 55.329, 0.000) - V: (4.551, -69.093, 0.000) - Exp: 69.908
2021-12-13 23:35:33.102 [INF] : Add Chaser: CH(44): P: (2.000, 108.000, 0.000) - V: (1.576, -36.073, 0.000) - Exp: 74.373
2021-12-13 23:35:34.103 [INF] : Add Chaser: CH(45): P: (0.000, 33.000, 0.000) - V: (5.158, -80.014, 0.000) - Exp: 74.813
2021-12-13 23:35:35.103 [INF] : Add Chaser: CH(46): P: (6.000, 108.000, 0.000) - V: (6.157, -7.194, 0.000) - Exp: 76.916
2021-12-13 23:35:36.104 [INF] : Add Chaser: CH(47): P: (4.000, 30.000, 0.000) - V: (8.430, -12.037, 0.000) - Exp: 77.682
2021-12-13 23:35:37.104 [INF] : Add Chaser: CH(48): P: (6.000, 14.000, 0.000) - V: (2.402, 14.263, 0.000) - Exp: 78.045
2021-12-13 23:35:37.451 [INF] : Diag chaser expired: CH(44): P: (0.856, 73.088, 0.000) - V: (1.576, -36.073, 0.000) - Exp: 74.373
2021-12-13 23:35:38.105 [INF] : Add Chaser: CH(49): P: (6.000, 119.000, 0.000) - V: (-0.288, -21.067, 0.000) - Exp: 75.786
2021-12-13 23:35:38.864 [INF] : Diag chaser expired: CH(49): P: (5.781, 103.032, 0.000) - V: (-0.288, -21.067, 0.000) - Exp: 75.786
2021-12-13 23:35:39.105 [INF] : Add Chaser: CH(50): P: (1.000, 116.000, 0.000) - V: (6.220, 29.614, 0.000) - Exp: 80.206
2021-12-13 23:35:40.106 [INF] : Add Chaser: CH(51): P: (0.000, 27.000, 0.000) - V: (0.260, 100.264, 0.000) - Exp: 78.521
2021-12-13 23:35:41.106 [INF] : Add Chaser: CH(52): P: (4.000, 114.000, 0.000) - V: (-10.775, 114.704, 0.000) - Exp: 82.481
2021-12-13 23:35:42.108 [INF] : Add Chaser: CH(53): P: (3.000, 73.000, 0.000) - V: (-8.586, 87.871, 0.000) - Exp: 82.830
2021-12-13 23:35:43.108 [INF] : Add Chaser: CH(54): P: (3.000, 76.000, 0.000) - V: (-2.745, 91.847, 0.000) - Exp: 82.312
2021-12-13 23:35:43.284 [INF] : Diag chaser expired: CH(50): P: (2.988, 117.734, 0.000) - V: (6.220, 29.614, 0.000) - Exp: 80.206
2021-12-13 23:35:44.109 [INF] : Add Chaser: CH(55): P: (1.000, 117.000, 0.000) - V: (10.317, 105.548, 0.000) - Exp: 83.316
2021-12-13 23:35:45.111 [INF] : Add Chaser: CH(56): P: (2.000, 25.000, 0.000) - V: (-2.775, 114.596, 0.000) - Exp: 84.610
2021-12-13 23:35:46.112 [INF] : Add Chaser: CH(57): P: (0.000, 106.000, 0.000) - V: (-4.448, 60.709, 0.000) - Exp: 85.634
2021-12-13 23:35:46.393 [INF] : Diag chaser expired: CH(55): P: (0.560, 114.032, 0.000) - V: (10.317, 105.548, 0.000) - Exp: 83.316
2021-12-13 23:35:47.114 [INF] : Add Chaser: CH(58): P: (1.000, 85.000, 0.000) - V: (-6.808, -59.979, 0.000) - Exp: 88.620
2021-12-13 23:35:48.115 [INF] : Add Chaser: CH(59): P: (7.000, 89.000, 0.000) - V: (0.380, 46.963, 0.000) - Exp: 88.802
2021-12-13 23:35:49.116 [INF] : Add Chaser: CH(60): P: (7.000, 63.000, 0.000) - V: (8.536, 110.346, 0.000) - Exp: 88.292
2021-12-13 23:35:50.116 [INF] : Add Chaser: CH(61): P: (3.000, 67.000, 0.000) - V: (-9.468, -25.593, 0.000) - Exp: 88.200
2021-12-13 23:35:51.117 [INF] : Add Chaser: CH(62): P: (4.000, 31.000, 0.000) - V: (-2.370, 80.936, 0.000) - Exp: 92.312
2021-12-13 23:35:51.699 [INF] : Diag chaser expired: CH(58): P: (1.784, 53.973, 0.000) - V: (-6.808, -59.979, 0.000) - Exp: 88.620
2021-12-13 23:35:52.117 [INF] : Add Chaser: CH(63): P: (1.000, 37.000, 0.000) - V: (3.385, -9.529, 0.000) - Exp: 92.989
2021-12-13 23:35:53.118 [INF] : Add Chaser: CH(64): P: (4.000, 74.000, 0.000) - V: (6.555, -11.477, 0.000) - Exp: 91.354
2021-12-13 23:35:54.118 [INF] : Add Chaser: CH(65): P: (3.000, 20.000, 0.000) - V: (-10.407, 93.801, 0.000) - Exp: 93.439
2021-12-13 23:35:55.120 [INF] : Add Chaser: CH(66): P: (7.000, 93.000, 0.000) - V: (-6.711, 114.841, 0.000) - Exp: 93.871
2021-12-13 23:35:56.068 [INF] : Diag chaser expired: CH(63): P: (6.373, 121.359, 0.000) - V: (3.385, -9.529, 0.000) - Exp: 92.989
2021-12-13 23:35:56.122 [INF] : Add Chaser: CH(67): P: (6.000, 120.000, 0.000) - V: (-11.399, -1.965, 0.000) - Exp: 94.322
2021-12-13 23:35:57.122 [INF] : Add Chaser: CH(68): P: (6.000, 14.000, 0.000) - V: (1.776, -70.828, 0.000) - Exp: 97.245
2021-12-13 23:35:57.399 [INF] : Diag chaser expired: CH(67): P: (7.428, 117.488, 0.000) - V: (-11.399, -1.965, 0.000) - Exp: 94.322
2021-12-13 23:35:58.123 [INF] : Add Chaser: CH(69): P: (6.000, 27.000, 0.000) - V: (-11.372, 71.868, 0.000) - Exp: 98.513
2021-12-13 23:41:43.421 [INF] Server: Pi Engine Room Controller Starting
2021-12-13 23:41:43.467 [INF] : NeoPixelHardwareRPI: Creating an RPI NeoPixel protocol on GPIO pin Gpio18 for 976 pixels.
2021-12-13 23:41:43.468 [INF] : WarpCore: Finished creating CoreStripProtocol
2021-12-13 23:41:43.469 [INF] : WarpCore: Finished creating CoreStrip
2021-12-13 23:41:43.470 [INF] : FastNoiseLite: Start Sampling Noise
2021-12-13 23:41:43.471 [INF] : FastNoiseLite: Noise Sampling produced a noise range of [1.000, -1.000] (R: -2.000) in 0.000 seconds
2021-12-13 23:41:43.570 [INF] : AnimationService starting.
2021-12-13 23:41:43.571 [INF] : RenderWorker is starting
2021-12-13 23:41:43.589 [INF] : Add Chaser: CH(0): P: (1.000, 77.000, 0.000) - V: (37.627, 0.000, 0.000) - Exp: 3.947
2021-12-13 23:41:43.689 [INF] Microsoft.Hosting.Lifetime: Now listening on: http://[::]:4000
2021-12-13 23:41:43.690 [INF] Microsoft.Hosting.Lifetime: Application started. Press Ctrl+C to shut down.
2021-12-13 23:41:43.690 [INF] Microsoft.Hosting.Lifetime: Hosting environment: Development
2021-12-13 23:41:43.690 [INF] Microsoft.Hosting.Lifetime: Content root path: C:\Users\david\source\repos\space-sim\pi-engine-room\Server\
2021-12-13 23:41:45.579 [INF] : Add Chaser: CH(1): P: (0.000, 51.000, 0.000) - V: (28.187, 0.000, 0.000) - Exp: 8.714
2021-12-13 23:41:47.412 [INF] : Diag chaser expired: CH(0): P: (5.462, 77.000, 0.000) - V: (37.627, 0.000, 0.000) - Exp: 3.947
2021-12-13 23:41:47.580 [INF] : Add Chaser: CH(2): P: (2.000, 35.000, 0.000) - V: (-27.528, 0.000, 0.000) - Exp: 10.858
2021-12-13 23:41:49.584 [INF] : Add Chaser: CH(3): P: (4.000, 73.000, 0.000) - V: (-38.420, 0.000, 0.000) - Exp: 9.209
2021-12-13 23:41:51.584 [INF] : Add Chaser: CH(4): P: (6.000, 110.000, 0.000) - V: (-38.864, 0.000, 0.000) - Exp: 11.860
2021-12-13 23:41:53.586 [INF] : Add Chaser: CH(5): P: (5.000, 120.000, 0.000) - V: (39.844, 0.000, 0.000) - Exp: 15.699
2021-12-13 23:41:54.324 [INF] : Diag chaser expired: CH(2): P: (0.323, 35.000, 0.000) - V: (-27.528, 0.000, 0.000) - Exp: 10.858
2021-12-13 23:41:55.589 [INF] : Add Chaser: CH(6): P: (4.000, 112.000, 0.000) - V: (38.152, 0.000, 0.000) - Exp: 16.931
2021-12-13 23:41:57.589 [INF] : Add Chaser: CH(7): P: (6.000, 30.000, 0.000) - V: (-26.436, 0.000, 0.000) - Exp: 19.120
2021-12-13 23:42:01.771 [INF] : Add Chaser: CH(8): P: (7.000, 110.000, 0.000) - V: (-28.172, 0.000, 0.000) - Exp: 20.504
2021-12-13 23:42:01.780 [INF] : Diag chaser expired: CH(6): P: (4.807, 112.000, 0.000) - V: (38.152, 0.000, 0.000) - Exp: 16.931
2021-12-13 23:42:01.780 [INF] : Add Chaser: CH(9): P: (1.000, 77.000, 0.000) - V: (-26.697, 0.000, 0.000) - Exp: 22.377
2021-12-13 23:42:03.776 [INF] : Add Chaser: CH(10): P: (2.000, 87.000, 0.000) - V: (34.314, 0.000, 0.000) - Exp: 21.765
2021-12-13 23:42:16.939 [INF] Server: Pi Engine Room Controller Starting
2021-12-13 23:42:16.988 [INF] : NeoPixelHardwareRPI: Creating an RPI NeoPixel protocol on GPIO pin Gpio18 for 976 pixels.
2021-12-13 23:42:16.989 [INF] : WarpCore: Finished creating CoreStripProtocol
2021-12-13 23:42:16.989 [INF] : WarpCore: Finished creating CoreStrip
2021-12-13 23:42:16.991 [INF] : FastNoiseLite: Start Sampling Noise
2021-12-13 23:42:16.991 [INF] : FastNoiseLite: Noise Sampling produced a noise range of [1.000, -1.000] (R: -2.000) in 0.000 seconds
2021-12-13 23:42:17.092 [INF] : AnimationService starting.
2021-12-13 23:42:17.092 [INF] : RenderWorker is starting
2021-12-13 23:42:17.123 [INF] : Add Chaser: CH(0): P: (1.000, 62.000, 0.000) - V: (-35.435, 64.545, 0.000) - Exp: 5.811
2021-12-13 23:42:17.215 [INF] Microsoft.Hosting.Lifetime: Now listening on: http://[::]:4000
2021-12-13 23:42:17.216 [INF] Microsoft.Hosting.Lifetime: Application started. Press Ctrl+C to shut down.
2021-12-13 23:42:17.216 [INF] Microsoft.Hosting.Lifetime: Hosting environment: Development
2021-12-13 23:42:17.216 [INF] Microsoft.Hosting.Lifetime: Content root path: C:\Users\david\source\repos\space-sim\pi-engine-room\Server\
2021-12-13 23:42:19.098 [INF] : Add Chaser: CH(1): P: (0.000, 4.000, 0.000) - V: (33.301, -62.432, 0.000) - Exp: 7.284
2021-12-13 23:42:21.100 [INF] : Add Chaser: CH(2): P: (7.000, 106.000, 0.000) - V: (30.922, -65.751, 0.000) - Exp: 10.647
2021-12-13 23:42:22.799 [INF] : Diag chaser expired: CH(0): P: (3.119, 71.018, 0.000) - V: (-35.435, 64.545, 0.000) - Exp: 5.811
2021-12-13 23:42:23.100 [INF] : Add Chaser: CH(3): P: (1.000, 97.000, 0.000) - V: (-23.617, 44.694, 0.000) - Exp: 11.206
2021-12-13 23:42:25.100 [INF] : Add Chaser: CH(4): P: (6.000, 81.000, 0.000) - V: (20.944, -51.086, 0.000) - Exp: 11.400
2021-12-13 23:42:27.101 [INF] : Add Chaser: CH(5): P: (3.000, 74.000, 0.000) - V: (-33.956, -76.130, 0.000) - Exp: 11.267
2021-12-13 23:42:28.193 [INF] : Diag chaser expired: CH(3): P: (0.691, 80.674, 0.000) - V: (-23.617, 44.694, 0.000) - Exp: 11.206
2021-12-13 23:42:29.102 [INF] : Add Chaser: CH(6): P: (5.000, 13.000, 0.000) - V: (-37.741, 71.033, 0.000) - Exp: 15.517
2021-12-13 23:42:31.104 [INF] : Add Chaser: CH(7): P: (7.000, 54.000, 0.000) - V: (-32.927, -42.375, 0.000) - Exp: 18.512
2021-12-13 23:42:32.505 [INF] : Diag chaser expired: CH(6): P: (4.611, 10.644, 0.000) - V: (-37.741, 71.033, 0.000) - Exp: 15.517
2021-12-13 23:42:33.106 [INF] : Add Chaser: CH(8): P: (2.000, 8.000, 0.000) - V: (-24.331, -64.463, 0.000) - Exp: 20.603
2021-12-13 23:42:35.106 [INF] : Add Chaser: CH(9): P: (2.000, 18.000, 0.000) - V: (23.430, -74.246, 0.000) - Exp: 22.095
2021-12-13 23:42:37.108 [INF] : Add Chaser: CH(10): P: (1.000, 115.000, 0.000) - V: (36.386, 79.262, 0.000) - Exp: 25.277
2021-12-13 23:42:37.590 [INF] : Diag chaser expired: CH(8): P: (4.885, 84.907, 0.000) - V: (-24.331, -64.463, 0.000) - Exp: 20.603
2021-12-13 23:42:38.430 [INF] : Setting simulation TimeScale to 0.200
2021-12-13 23:42:41.817 [INF] : Add Chaser: CH(11): P: (5.000, 60.000, 0.000) - V: (-39.311, -72.703, 0.000) - Exp: 26.387
2021-12-13 23:42:51.819 [INF] : Add Chaser: CH(12): P: (5.000, 46.000, 0.000) - V: (-38.502, 42.146, 0.000) - Exp: 27.997
2021-12-13 23:43:01.822 [INF] : Add Chaser: CH(13): P: (5.000, 113.000, 0.000) - V: (31.212, -74.144, 0.000) - Exp: 30.364
2021-12-13 23:43:03.148 [INF] : Diag chaser expired: CH(11): P: (5.299, 115.852, 0.000) - V: (-39.311, -72.703, 0.000) - Exp: 26.387
2021-12-13 23:43:11.823 [INF] : Add Chaser: CH(14): P: (0.000, 52.000, 0.000) - V: (30.539, 73.316, 0.000) - Exp: 33.152
2021-12-13 23:43:21.824 [INF] : Add Chaser: CH(15): P: (3.000, 120.000, 0.000) - V: (35.330, 78.433, 0.000) - Exp: 34.499
2021-12-13 23:43:24.631 [INF] : Setting simulation TimeScale to 1.000
2021-12-13 23:43:26.072 [INF] : Add Chaser: CH(16): P: (4.000, 4.000, 0.000) - V: (-23.720, 65.343, 0.000) - Exp: 35.872
2021-12-13 23:43:27.101 [INF] : Diag chaser expired: CH(14): P: (1.600, 54.749, 0.000) - V: (30.539, 73.316, 0.000) - Exp: 33.152
2021-12-13 23:43:28.073 [INF] : Add Chaser: CH(17): P: (4.000, 109.000, 0.000) - V: (29.045, -67.845, 0.000) - Exp: 39.983
2021-12-13 23:43:30.075 [INF] : Add Chaser: CH(18): P: (5.000, 84.000, 0.000) - V: (-21.509, -49.837, 0.000) - Exp: 37.397
2021-12-13 23:43:32.076 [INF] : Add Chaser: CH(19): P: (6.000, 69.000, 0.000) - V: (37.550, -66.058, 0.000) - Exp: 44.927
2021-12-13 23:43:33.933 [INF] : Diag chaser expired: CH(17): P: (6.188, 77.460, 0.000) - V: (29.045, -67.845, 0.000) - Exp: 39.983
2021-12-13 23:43:34.078 [INF] : Add Chaser: CH(20): P: (0.000, 23.000, 0.000) - V: (23.473, 79.534, 0.000) - Exp: 41.501
2021-12-13 23:43:35.451 [INF] : Diag chaser expired: CH(20): P: (0.189, 10.069, 0.000) - V: (23.473, 79.534, 0.000) - Exp: 41.501
2021-12-13 23:43:36.080 [INF] : Add Chaser: CH(21): P: (7.000, 49.000, 0.000) - V: (38.119, 66.235, 0.000) - Exp: 43.311
2021-12-13 23:43:37.261 [INF] : Diag chaser expired: CH(21): P: (3.996, 5.185, 0.000) - V: (38.119, 66.235, 0.000) - Exp: 43.311
2021-12-13 23:43:38.082 [INF] : Add Chaser: CH(22): P: (2.000, 47.000, 0.000) - V: (-33.881, 62.890, 0.000) - Exp: 45.518
2021-12-13 23:43:39.467 [INF] : Diag chaser expired: CH(22): P: (3.074, 12.105, 0.000) - V: (-33.881, 62.890, 0.000) - Exp: 45.518
2021-12-13 23:43:40.084 [INF] : Add Chaser: CH(23): P: (1.000, 116.000, 0.000) - V: (30.172, -70.618, 0.000) - Exp: 49.289
2021-12-13 23:43:42.086 [INF] : Add Chaser: CH(24): P: (6.000, 15.000, 0.000) - V: (-24.528, 75.174, 0.000) - Exp: 49.742
2021-12-13 23:43:43.241 [INF] : Diag chaser expired: CH(23): P: (0.240, 15.088, 0.000) - V: (30.172, -70.618, 0.000) - Exp: 49.289
2021-12-13 23:43:44.087 [INF] : Add Chaser: CH(25): P: (2.000, 41.000, 0.000) - V: (26.526, -52.400, 0.000) - Exp: 55.373
2021-12-13 23:44:13.551 [INF] Server: Pi Engine Room Controller Starting
2021-12-13 23:44:13.597 [INF] : NeoPixelHardwareRPI: Creating an RPI NeoPixel protocol on GPIO pin Gpio18 for 976 pixels.
2021-12-13 23:44:13.598 [INF] : WarpCore: Finished creating CoreStripProtocol
2021-12-13 23:44:13.598 [INF] : WarpCore: Finished creating CoreStrip
2021-12-13 23:44:13.600 [INF] : FastNoiseLite: Start Sampling Noise
2021-12-13 23:44:13.601 [INF] : FastNoiseLite: Noise Sampling produced a noise range of [1.000, -1.000] (R: -2.000) in 0.000 seconds
2021-12-13 23:44:13.708 [INF] : AnimationService starting.
2021-12-13 23:44:13.709 [INF] : RenderWorker is starting
2021-12-13 23:44:13.775 [INF] : Add Chaser: CH(0): P: (2.000, 22.000, 0.000) - V: (39.997, -79.779, 0.000) - Exp: 5.955
2021-12-13 23:44:13.851 [INF] Microsoft.Hosting.Lifetime: Now listening on: http://[::]:4000
2021-12-13 23:44:13.852 [INF] Microsoft.Hosting.Lifetime: Application started. Press Ctrl+C to shut down.
2021-12-13 23:44:13.852 [INF] Microsoft.Hosting.Lifetime: Hosting environment: Development
2021-12-13 23:44:13.852 [INF] Microsoft.Hosting.Lifetime: Content root path: C:\Users\david\source\repos\space-sim\pi-engine-room\Server\
2021-12-13 23:44:15.714 [INF] : Add Chaser: CH(1): P: (6.000, 85.000, 0.000) - V: (10.196, 27.752, 0.000) - Exp: 6.746
2021-12-13 23:44:17.714 [INF] : Add Chaser: CH(2): P: (1.000, 119.000, 0.000) - V: (-15.340, -48.852, 0.000) - Exp: 7.481
2021-12-13 23:44:19.551 [INF] : Diag chaser expired: CH(0): P: (0.035, 35.214, 0.000) - V: (39.997, -79.779, 0.000) - Exp: 5.955
2021-12-13 23:44:19.715 [INF] : Add Chaser: CH(3): P: (1.000, 2.000, 0.000) - V: (-13.987, -38.175, 0.000) - Exp: 10.162
2021-12-13 23:44:21.715 [INF] : Add Chaser: CH(4): P: (0.000, 96.000, 0.000) - V: (28.848, -22.825, 0.000) - Exp: 14.598
2021-12-13 23:44:23.716 [INF] : Add Chaser: CH(5): P: (2.000, 91.000, 0.000) - V: (26.940, 66.831, 0.000) - Exp: 15.468
2021-12-13 23:44:23.759 [INF] : Diag chaser expired: CH(3): P: (0.428, 91.595, 0.000) - V: (-13.987, -38.175, 0.000) - Exp: 10.162
2021-12-13 23:44:25.717 [INF] : Add Chaser: CH(6): P: (4.000, 51.000, 0.000) - V: (-6.547, 57.097, 0.000) - Exp: 15.697
2021-12-13 23:44:27.717 [INF] : Add Chaser: CH(7): P: (4.000, 66.000, 0.000) - V: (30.863, 31.965, 0.000) - Exp: 20.546
2021-12-13 23:44:29.294 [INF] : Diag chaser expired: CH(6): P: (4.579, 11.263, 0.000) - V: (-6.547, 57.097, 0.000) - Exp: 15.697
2021-12-13 23:44:29.717 [INF] : Add Chaser: CH(8): P: (7.000, 63.000, 0.000) - V: (11.729, -50.680, 0.000) - Exp: 17.424
2021-12-13 23:44:31.022 [INF] : Diag chaser expired: CH(8): P: (6.278, 118.989, 0.000) - V: (11.729, -50.680, 0.000) - Exp: 17.424
2021-12-13 23:44:31.718 [INF] : Add Chaser: CH(9): P: (3.000, 19.000, 0.000) - V: (-32.578, -57.363, 0.000) - Exp: 24.540
2021-12-13 23:44:33.718 [INF] : Add Chaser: CH(10): P: (4.000, 65.000, 0.000) - V: (-16.830, 29.079, 0.000) - Exp: 26.670
2021-12-13 23:44:35.720 [INF] : Add Chaser: CH(11): P: (0.000, 110.000, 0.000) - V: (-16.633, 40.368, 0.000) - Exp: 23.421
2021-12-13 23:44:37.721 [INF] : Add Chaser: CH(12): P: (5.000, 14.000, 0.000) - V: (-8.695, -27.071, 0.000) - Exp: 27.623
2021-12-13 23:44:38.139 [INF] : Diag chaser expired: CH(9): P: (1.856, 16.745, 0.000) - V: (-32.578, -57.363, 0.000) - Exp: 24.540
2021-12-13 23:44:39.722 [INF] : Add Chaser: CH(13): P: (0.000, 6.000, 0.000) - V: (-16.478, -15.622, 0.000) - Exp: 28.197
2021-12-13 23:44:41.722 [INF] : Add Chaser: CH(14): P: (3.000, 86.000, 0.000) - V: (-8.471, -40.769, 0.000) - Exp: 30.896
2021-12-13 23:44:41.794 [INF] : Diag chaser expired: CH(13): P: (5.848, 95.623, 0.000) - V: (-16.478, -15.622, 0.000) - Exp: 28.197
2021-12-13 23:44:43.724 [INF] : Add Chaser: CH(15): P: (2.000, 112.000, 0.000) - V: (-22.786, -14.880, 0.000) - Exp: 35.702
2021-12-13 23:44:45.726 [INF] : Add Chaser: CH(16): P: (6.000, 112.000, 0.000) - V: (38.297, 47.358, 0.000) - Exp: 34.319
2021-12-13 23:44:47.727 [INF] : Add Chaser: CH(17): P: (0.000, 21.000, 0.000) - V: (-36.621, 49.742, 0.000) - Exp: 37.110
2021-12-13 23:44:49.301 [INF] : Diag chaser expired: CH(15): P: (2.921, 29.012, 0.000) - V: (-22.786, -14.880, 0.000) - Exp: 35.702
2021-12-13 23:44:49.729 [INF] : Add Chaser: CH(18): P: (4.000, 111.000, 0.000) - V: (23.917, 76.973, 0.000) - Exp: 37.215
2021-12-13 23:44:50.814 [INF] : Diag chaser expired: CH(18): P: (5.935, 72.467, 0.000) - V: (23.917, 76.973, 0.000) - Exp: 37.215
2021-12-13 23:44:51.729 [INF] : Add Chaser: CH(19): P: (5.000, 115.000, 0.000) - V: (8.698, 26.921, 0.000) - Exp: 44.131
2021-12-13 23:44:53.731 [INF] : Add Chaser: CH(20): P: (5.000, 23.000, 0.000) - V: (-8.049, 71.176, 0.000) - Exp: 43.003
2021-12-13 23:44:55.733 [INF] : Add Chaser: CH(21): P: (3.000, 104.000, 0.000) - V: (-16.957, 47.154, 0.000) - Exp: 48.389
2021-12-13 23:44:57.730 [INF] : Diag chaser expired: CH(19): P: (1.192, 32.531, 0.000) - V: (8.698, 26.921, 0.000) - Exp: 44.131
2021-12-13 23:44:57.735 [INF] : Add Chaser: CH(22): P: (5.000, 70.000, 0.000) - V: (-20.625, 43.177, 0.000) - Exp: 49.220
2021-12-13 23:45:09.133 [INF] Server: Pi Engine Room Controller Starting
2021-12-13 23:45:09.182 [INF] : NeoPixelHardwareRPI: Creating an RPI NeoPixel protocol on GPIO pin Gpio18 for 976 pixels.
2021-12-13 23:45:09.184 [INF] : WarpCore: Finished creating CoreStripProtocol
2021-12-13 23:45:09.184 [INF] : WarpCore: Finished creating CoreStrip
2021-12-13 23:45:09.186 [INF] : FastNoiseLite: Start Sampling Noise
2021-12-13 23:45:09.186 [INF] : FastNoiseLite: Noise Sampling produced a noise range of [1.000, -1.000] (R: -2.000) in 0.000 seconds
2021-12-13 23:45:09.304 [INF] : AnimationService starting.
2021-12-13 23:45:09.305 [INF] : RenderWorker is starting
2021-12-13 23:45:09.336 [INF] : Add Chaser: CH(0): P: (6.000, 50.000, 0.000) - V: (13.076, 17.756, 0.000) - Exp: 1.916
2021-12-13 23:45:09.412 [INF] Microsoft.Hosting.Lifetime: Now listening on: http://[::]:4000
2021-12-13 23:45:09.412 [INF] Microsoft.Hosting.Lifetime: Application started. Press Ctrl+C to shut down.
2021-12-13 23:45:09.412 [INF] Microsoft.Hosting.Lifetime: Hosting environment: Development
2021-12-13 23:45:09.412 [INF] Microsoft.Hosting.Lifetime: Content root path: C:\Users\david\source\repos\space-sim\pi-engine-room\Server\
2021-12-13 23:45:10.309 [INF] : Add Chaser: CH(1): P: (7.000, 17.000, 0.000) - V: (14.297, 60.121, 0.000) - Exp: 3.332
2021-12-13 23:45:11.097 [INF] : Diag chaser expired: CH(0): P: (7.044, 84.009, 0.000) - V: (13.076, 17.756, 0.000) - Exp: 1.916
2021-12-13 23:45:11.310 [INF] : Add Chaser: CH(2): P: (5.000, 91.000, 0.000) - V: (34.578, -47.236, 0.000) - Exp: 4.450
2021-12-13 23:45:12.311 [INF] : Add Chaser: CH(3): P: (5.000, 69.000, 0.000) - V: (11.345, 30.028, 0.000) - Exp: 8.022
2021-12-13 23:45:13.314 [INF] : Add Chaser: CH(4): P: (4.000, 75.000, 0.000) - V: (-8.193, 37.745, 0.000) - Exp: 6.651
2021-12-13 23:45:13.630 [INF] : Diag chaser expired: CH(2): P: (5.236, 103.391, 0.000) - V: (34.578, -47.236, 0.000) - Exp: 4.450
2021-12-13 23:45:14.315 [INF] : Add Chaser: CH(5): P: (2.000, 30.000, 0.000) - V: (-24.591, -40.490, 0.000) - Exp: 6.558
2021-12-13 23:45:15.316 [INF] : Add Chaser: CH(6): P: (2.000, 87.000, 0.000) - V: (11.679, -65.717, 0.000) - Exp: 10.904
2021-12-13 23:45:15.739 [INF] : Diag chaser expired: CH(5): P: (7.010, 94.389, 0.000) - V: (-24.591, -40.490, 0.000) - Exp: 6.558
2021-12-13 23:45:16.318 [INF] : Add Chaser: CH(7): P: (4.000, 103.000, 0.000) - V: (-15.985, 31.560, 0.000) - Exp: 10.506
2021-12-13 23:45:17.319 [INF] : Add Chaser: CH(8): P: (2.000, 26.000, 0.000) - V: (-28.543, -75.488, 0.000) - Exp: 13.221
2021-12-13 23:45:18.321 [INF] : Add Chaser: CH(9): P: (7.000, 99.000, 0.000) - V: (9.993, -22.570, 0.000) - Exp: 11.424
2021-12-13 23:45:19.321 [INF] : Add Chaser: CH(10): P: (7.000, 59.000, 0.000) - V: (31.080, 59.922, 0.000) - Exp: 13.361
2021-12-13 23:45:19.687 [INF] : Diag chaser expired: CH(7): P: (6.155, 87.306, 0.000) - V: (-15.985, 31.560, 0.000) - Exp: 10.506
2021-12-13 23:45:20.321 [INF] : Add Chaser: CH(11): P: (2.000, 39.000, 0.000) - V: (-36.685, -55.182, 0.000) - Exp: 13.017
2021-12-13 23:45:21.323 [INF] : Add Chaser: CH(12): P: (3.000, 44.000, 0.000) - V: (-36.652, 30.438, 0.000) - Exp: 18.609
2021-12-13 23:45:22.199 [INF] : Diag chaser expired: CH(11): P: (5.151, 57.437, 0.000) - V: (-36.685, -55.182, 0.000) - Exp: 13.017
2021-12-13 23:45:22.326 [INF] : Add Chaser: CH(13): P: (7.000, 98.000, 0.000) - V: (15.255, 52.611, 0.000) - Exp: 16.338
2021-12-13 23:45:23.327 [INF] : Add Chaser: CH(14): P: (3.000, 4.000, 0.000) - V: (-16.567, -32.092, 0.000) - Exp: 21.035
2021-12-13 23:45:24.329 [INF] : Add Chaser: CH(15): P: (5.000, 111.000, 0.000) - V: (38.216, 57.746, 0.000) - Exp: 18.816
2021-12-13 23:45:25.329 [INF] : Add Chaser: CH(16): P: (7.000, 29.000, 0.000) - V: (23.130, 36.446, 0.000) - Exp: 20.491
2021-12-13 23:45:25.520 [INF] : Diag chaser expired: CH(13): P: (7.727, 22.049, 0.000) - V: (15.255, 52.611, 0.000) - Exp: 16.338
2021-12-13 23:45:26.330 [INF] : Add Chaser: CH(17): P: (7.000, 14.000, 0.000) - V: (6.859, -74.844, 0.000) - Exp: 18.270
2021-12-13 23:45:27.332 [INF] : Add Chaser: CH(18): P: (5.000, 3.000, 0.000) - V: (-9.429, -63.608, 0.000) - Exp: 20.334
2021-12-13 23:45:27.452 [INF] : Diag chaser expired: CH(17): P: (6.670, 52.305, 0.000) - V: (6.859, -74.844, 0.000) - Exp: 18.270
2021-12-13 23:45:28.335 [INF] : Add Chaser: CH(19): P: (4.000, 47.000, 0.000) - V: (15.992, -38.079, 0.000) - Exp: 23.206
2021-12-13 23:45:29.336 [INF] : Add Chaser: CH(20): P: (0.000, 91.000, 0.000) - V: (-36.764, -65.966, 0.000) - Exp: 26.228
2021-12-13 23:45:30.337 [INF] : Add Chaser: CH(21): P: (6.000, 71.000, 0.000) - V: (-14.429, -37.709, 0.000) - Exp: 22.922
2021-12-13 23:45:31.339 [INF] : Add Chaser: CH(22): P: (0.000, 28.000, 0.000) - V: (-29.162, 70.272, 0.000) - Exp: 24.482
2021-12-13 23:45:32.340 [INF] : Add Chaser: CH(23): P: (5.000, 18.000, 0.000) - V: (-8.744, -44.849, 0.000) - Exp: 28.859
2021-12-13 23:45:32.388 [INF] : Diag chaser expired: CH(19): P: (4.802, 14.699, 0.000) - V: (15.992, -38.079, 0.000) - Exp: 23.206
2021-12-13 23:45:33.342 [INF] : Add Chaser: CH(24): P: (5.000, 1.000, 0.000) - V: (6.446, 56.433, 0.000) - Exp: 29.175
2021-12-13 23:45:34.344 [INF] : Add Chaser: CH(25): P: (3.000, 107.000, 0.000) - V: (-22.441, 20.392, 0.000) - Exp: 31.119
2021-12-13 23:45:35.344 [INF] : Add Chaser: CH(26): P: (3.000, 97.000, 0.000) - V: (12.844, -44.222, 0.000) - Exp: 31.926
2021-12-13 23:45:36.345 [INF] : Add Chaser: CH(27): P: (3.000, 89.000, 0.000) - V: (35.752, 35.333, 0.000) - Exp: 28.985
2021-12-13 23:45:37.347 [INF] : Add Chaser: CH(28): P: (3.000, 38.000, 0.000) - V: (38.938, -25.681, 0.000) - Exp: 32.324
2021-12-13 23:45:38.347 [INF] : Add Chaser: CH(29): P: (2.000, 67.000, 0.000) - V: (21.575, -29.620, 0.000) - Exp: 32.710
2021-12-13 23:45:38.356 [INF] : Diag chaser expired: CH(24): P: (5.319, 39.938, 0.000) - V: (6.446, 56.433, 0.000) - Exp: 29.175
2021-12-13 23:45:39.349 [INF] : Add Chaser: CH(30): P: (5.000, 68.000, 0.000) - V: (-19.452, 37.047, 0.000) - Exp: 35.184
2021-12-13 23:45:40.349 [INF] : Add Chaser: CH(31): P: (2.000, 52.000, 0.000) - V: (-38.840, 41.080, 0.000) - Exp: 34.882
2021-12-13 23:45:41.351 [INF] : Add Chaser: CH(32): P: (0.000, 45.000, 0.000) - V: (23.665, -79.607, 0.000) - Exp: 39.110
2021-12-13 23:45:42.352 [INF] : Add Chaser: CH(33): P: (6.000, 95.000, 0.000) - V: (31.150, 29.664, 0.000) - Exp: 37.402
2021-12-13 23:45:43.353 [INF] : Add Chaser: CH(34): P: (1.000, 4.000, 0.000) - V: (12.327, 31.767, 0.000) - Exp: 39.088
2021-12-13 23:45:44.354 [INF] : Add Chaser: CH(35): P: (3.000, 84.000, 0.000) - V: (28.993, 42.112, 0.000) - Exp: 38.987
2021-12-13 23:45:44.367 [INF] : Diag chaser expired: CH(30): P: (3.401, 9.883, 0.000) - V: (-19.452, 37.047, 0.000) - Exp: 35.184
2021-12-13 23:45:45.355 [INF] : Add Chaser: CH(36): P: (5.000, 58.000, 0.000) - V: (14.430, 21.251, 0.000) - Exp: 42.560
2021-12-13 23:45:46.357 [INF] : Add Chaser: CH(37): P: (2.000, 2.000, 0.000) - V: (13.199, -53.270, 0.000) - Exp: 40.560
2021-12-13 23:45:47.357 [INF] : Add Chaser: CH(38): P: (3.000, 18.000, 0.000) - V: (35.127, 64.852, 0.000) - Exp: 43.630
2021-12-13 23:45:48.358 [INF] : Add Chaser: CH(39): P: (1.000, 37.000, 0.000) - V: (38.730, 71.951, 0.000) - Exp: 40.545
2021-12-13 23:45:49.360 [INF] : Add Chaser: CH(40): P: (4.000, 115.000, 0.000) - V: (32.777, 38.642, 0.000) - Exp: 46.513
2021-12-13 23:45:50.361 [INF] : Add Chaser: CH(41): P: (7.000, 53.000, 0.000) - V: (-10.980, -73.651, 0.000) - Exp: 45.660
2021-12-13 23:45:51.362 [INF] : Add Chaser: CH(42): P: (5.000, 109.000, 0.000) - V: (-33.134, 48.101, 0.000) - Exp: 45.633
2021-12-13 23:45:51.743 [INF] : Diag chaser expired: CH(36): P: (1.149, 71.710, 0.000) - V: (14.430, 21.251, 0.000) - Exp: 42.560
2021-12-13 23:45:52.363 [INF] : Add Chaser: CH(43): P: (4.000, 6.000, 0.000) - V: (-11.672, 20.085, 0.000) - Exp: 49.207
2021-12-13 23:45:53.365 [INF] : Add Chaser: CH(44): P: (6.000, 47.000, 0.000) - V: (-23.675, 72.775, 0.000) - Exp: 50.645
2021-12-13 23:48:12.193 [INF] Server: Pi Engine Room Controller Starting
2021-12-13 23:48:12.241 [INF] : NeoPixelHardwareRPI: Creating an RPI NeoPixel protocol on GPIO pin Gpio18 for 976 pixels.
2021-12-13 23:48:12.242 [INF] : WarpCore: Finished creating CoreStripProtocol
2021-12-13 23:48:12.242 [INF] : WarpCore: Finished creating CoreStrip
2021-12-13 23:48:12.244 [INF] : FastNoiseLite: Start Sampling Noise
2021-12-13 23:48:12.244 [INF] : FastNoiseLite: Noise Sampling produced a noise range of [1.000, -1.000] (R: -2.000) in 0.000 seconds
2021-12-13 23:48:12.350 [INF] : AnimationService starting.
2021-12-13 23:48:12.351 [INF] : RenderWorker is starting
2021-12-13 23:48:12.371 [INF] : Add Chaser: CH(0): P: (2.000, 78.000, 0.000) - V: (0.000, 75.610, 0.000) - Exp: 4.861
2021-12-13 23:48:12.459 [INF] Microsoft.Hosting.Lifetime: Now listening on: http://[::]:4000
2021-12-13 23:48:12.460 [INF] Microsoft.Hosting.Lifetime: Application started. Press Ctrl+C to shut down.
2021-12-13 23:48:12.460 [INF] Microsoft.Hosting.Lifetime: Hosting environment: Development
2021-12-13 23:48:12.460 [INF] Microsoft.Hosting.Lifetime: Content root path: C:\Users\david\source\repos\space-sim\pi-engine-room\Server\
2021-12-13 23:48:13.360 [INF] : Add Chaser: CH(1): P: (0.000, 20.000, 0.000) - V: (0.000, -43.842, 0.000) - Exp: 4.727
2021-12-13 23:48:14.359 [INF] : Add Chaser: CH(2): P: (2.000, 70.000, 0.000) - V: (0.000, 37.674, 0.000) - Exp: 4.866
2021-12-13 23:48:15.360 [INF] : Add Chaser: CH(3): P: (3.000, 8.000, 0.000) - V: (0.000, 59.715, 0.000) - Exp: 9.462
2021-12-13 23:48:16.361 [INF] : Add Chaser: CH(4): P: (6.000, 10.000, 0.000) - V: (0.000, 22.710, 0.000) - Exp: 9.321
2021-12-13 23:48:17.101 [INF] : Diag chaser expired: CH(0): P: (2.000, 79.509, 0.000) - V: (0.000, 75.610, 0.000) - Exp: 4.861
2021-12-13 23:48:17.361 [INF] : Add Chaser: CH(5): P: (7.000, 83.000, 0.000) - V: (0.000, 61.519, 0.000) - Exp: 11.473
2021-12-13 23:48:18.362 [INF] : Add Chaser: CH(6): P: (0.000, 47.000, 0.000) - V: (0.000, 31.621, 0.000) - Exp: 8.032
2021-12-13 23:48:19.363 [INF] : Add Chaser: CH(7): P: (6.000, 91.000, 0.000) - V: (0.000, -29.608, 0.000) - Exp: 10.295
2021-12-13 23:48:20.364 [INF] : Add Chaser: CH(8): P: (6.000, 117.000, 0.000) - V: (0.000, -46.835, 0.000) - Exp: 13.353
2021-12-13 23:48:21.366 [INF] : Add Chaser: CH(9): P: (3.000, 44.000, 0.000) - V: (0.000, -49.402, 0.000) - Exp: 13.061
2021-12-13 23:48:22.366 [INF] : Add Chaser: CH(10): P: (3.000, 14.000, 0.000) - V: (0.000, 56.565, 0.000) - Exp: 11.603
2021-12-13 23:48:23.368 [INF] : Add Chaser: CH(11): P: (4.000, 0.000, 0.000) - V: (0.000, 25.370, 0.000) - Exp: 12.979
2021-12-13 23:48:23.714 [INF] : Diag chaser expired: CH(5): P: (7.000, 107.784, 0.000) - V: (0.000, 61.519, 0.000) - Exp: 11.473
2021-12-13 23:48:24.369 [INF] : Add Chaser: CH(12): P: (6.000, 92.000, 0.000) - V: (0.000, 76.687, 0.000) - Exp: 14.737
2021-12-13 23:48:25.370 [INF] : Add Chaser: CH(13): P: (5.000, 105.000, 0.000) - V: (0.000, 78.506, 0.000) - Exp: 17.857
2021-12-13 23:48:26.371 [INF] : Add Chaser: CH(14): P: (5.000, 99.000, 0.000) - V: (0.000, -40.768, 0.000) - Exp: 19.231
2021-12-13 23:48:26.978 [INF] : Diag chaser expired: CH(12): P: (6.000, 48.032, 0.000) - V: (0.000, 76.687, 0.000) - Exp: 14.737
2021-12-13 23:48:27.371 [INF] : Add Chaser: CH(15): P: (6.000, 63.000, 0.000) - V: (0.000, -21.308, 0.000) - Exp: 19.347
2021-12-13 23:48:28.373 [INF] : Add Chaser: CH(16): P: (1.000, 104.000, 0.000) - V: (0.000, -77.307, 0.000) - Exp: 20.793
2021-12-13 23:48:29.374 [INF] : Add Chaser: CH(17): P: (1.000, 23.000, 0.000) - V: (0.000, -53.734, 0.000) - Exp: 22.494
2021-12-13 23:48:30.375 [INF] : Add Chaser: CH(18): P: (2.000, 91.000, 0.000) - V: (0.000, 78.626, 0.000) - Exp: 19.699
2021-12-13 23:48:31.376 [INF] : Add Chaser: CH(19): P: (1.000, 89.000, 0.000) - V: (0.000, -62.752, 0.000) - Exp: 22.298
2021-12-13 23:48:31.587 [INF] : Diag chaser expired: CH(15): P: (6.000, 95.205, 0.000) - V: (0.000, -21.308, 0.000) - Exp: 19.347
2021-12-13 23:48:32.377 [INF] : Add Chaser: CH(20): P: (1.000, 82.000, 0.000) - V: (0.000, 42.153, 0.000) - Exp: 26.297
2021-12-13 23:48:33.378 [INF] : Add Chaser: CH(21): P: (0.000, 26.000, 0.000) - V: (0.000, -56.307, 0.000) - Exp: 25.437
2021-12-13 23:48:34.380 [INF] : Add Chaser: CH(22): P: (4.000, 102.000, 0.000) - V: (0.000, -21.719, 0.000) - Exp: 25.405
2021-12-13 23:48:35.382 [INF] : Add Chaser: CH(23): P: (5.000, 89.000, 0.000) - V: (0.000, 68.161, 0.000) - Exp: 26.407
2021-12-13 23:48:36.383 [INF] : Add Chaser: CH(24): P: (0.000, 57.000, 0.000) - V: (0.000, 70.635, 0.000) - Exp: 31.006
2021-12-13 23:48:37.385 [INF] : Add Chaser: CH(25): P: (0.000, 15.000, 0.000) - V: (0.000, -29.792, 0.000) - Exp: 28.916
2021-12-13 23:48:38.387 [INF] : Add Chaser: CH(26): P: (1.000, 53.000, 0.000) - V: (0.000, 39.359, 0.000) - Exp: 27.408
2021-12-13 23:48:38.537 [INF] : Diag chaser expired: CH(20): P: (1.000, 97.650, 0.000) - V: (0.000, 42.153, 0.000) - Exp: 26.297
2021-12-13 23:48:39.387 [INF] : Add Chaser: CH(27): P: (1.000, 82.000, 0.000) - V: (0.000, -44.671, 0.000) - Exp: 31.141
2021-12-13 23:48:40.389 [INF] : Add Chaser: CH(28): P: (3.000, 102.000, 0.000) - V: (0.000, -29.254, 0.000) - Exp: 33.546
2021-12-13 23:48:41.390 [INF] : Add Chaser: CH(29): P: (4.000, 118.000, 0.000) - V: (0.000, -30.907, 0.000) - Exp: 35.752
2021-12-13 23:48:42.392 [INF] : Add Chaser: CH(30): P: (0.000, 4.000, 0.000) - V: (0.000, 59.734, 0.000) - Exp: 32.306
2021-12-13 23:48:43.383 [INF] : Diag chaser expired: CH(27): P: (1.000, 25.513, 0.000) - V: (0.000, -44.671, 0.000) - Exp: 31.141
2021-12-13 23:48:43.392 [INF] : Add Chaser: CH(31): P: (5.000, 104.000, 0.000) - V: (0.000, 25.181, 0.000) - Exp: 36.688
2021-12-13 23:48:44.393 [INF] : Add Chaser: CH(32): P: (2.000, 54.000, 0.000) - V: (0.000, 33.406, 0.000) - Exp: 37.652
2021-12-13 23:48:45.395 [INF] : Add Chaser: CH(33): P: (5.000, 116.000, 0.000) - V: (0.000, -77.885, 0.000) - Exp: 37.020
2021-12-13 23:48:46.396 [INF] : Add Chaser: CH(34): P: (4.000, 95.000, 0.000) - V: (0.000, -13.000, 0.000) - Exp: 36.243
2021-12-13 23:48:47.398 [INF] : Add Chaser: CH(35): P: (7.000, 13.000, 0.000) - V: (0.000, 44.113, 0.000) - Exp: 37.435
2021-12-13 23:48:48.400 [INF] : Add Chaser: CH(36): P: (5.000, 49.000, 0.000) - V: (0.000, 76.477, 0.000) - Exp: 38.865
2021-12-13 23:48:48.929 [INF] : Diag chaser expired: CH(31): P: (5.000, 121.431, 0.000) - V: (0.000, 25.181, 0.000) - Exp: 36.688
2021-12-13 23:48:49.402 [INF] : Add Chaser: CH(37): P: (3.000, 94.000, 0.000) - V: (0.000, -23.917, 0.000) - Exp: 39.963
2021-12-13 23:48:50.403 [INF] : Add Chaser: CH(38): P: (7.000, 20.000, 0.000) - V: (0.000, -56.982, 0.000) - Exp: 44.504
2021-12-13 23:48:51.403 [INF] : Add Chaser: CH(39): P: (0.000, 70.000, 0.000) - V: (0.000, -31.780, 0.000) - Exp: 42.787
2021-12-13 23:48:52.204 [INF] : Diag chaser expired: CH(37): P: (3.000, 26.977, 0.000) - V: (0.000, -23.917, 0.000) - Exp: 39.963
2021-12-13 23:48:52.406 [INF] : Add Chaser: CH(40): P: (6.000, 1.000, 0.000) - V: (0.000, 71.039, 0.000) - Exp: 42.671
2021-12-13 23:48:53.406 [INF] : Add Chaser: CH(41): P: (0.000, 76.000, 0.000) - V: (0.000, -24.484, 0.000) - Exp: 46.469
2021-12-13 23:48:54.406 [INF] : Add Chaser: CH(42): P: (2.000, 98.000, 0.000) - V: (0.000, -24.414, 0.000) - Exp: 47.348
2021-12-13 23:48:54.913 [INF] : Diag chaser expired: CH(40): P: (6.000, 57.103, 0.000) - V: (0.000, 71.039, 0.000) - Exp: 42.671
2021-12-13 23:48:55.407 [INF] : Add Chaser: CH(43): P: (7.000, 80.000, 0.000) - V: (0.000, -30.984, 0.000) - Exp: 47.352
2021-12-13 23:48:56.408 [INF] : Add Chaser: CH(44): P: (3.000, 109.000, 0.000) - V: (0.000, -20.376, 0.000) - Exp: 49.550
2021-12-13 23:48:57.408 [INF] : Add Chaser: CH(45): P: (0.000, 105.000, 0.000) - V: (0.000, -61.213, 0.000) - Exp: 46.512
2021-12-13 23:48:58.410 [INF] : Add Chaser: CH(46): P: (0.000, 31.000, 0.000) - V: (0.000, 14.688, 0.000) - Exp: 48.774
2021-12-13 23:48:59.411 [INF] : Add Chaser: CH(47): P: (6.000, 117.000, 0.000) - V: (0.000, 73.322, 0.000) - Exp: 51.583
2021-12-13 23:48:59.594 [INF] : Diag chaser expired: CH(43): P: (7.000, 72.274, 0.000) - V: (0.000, -30.984, 0.000) - Exp: 47.352
2021-12-13 23:49:00.413 [INF] : Add Chaser: CH(48): P: (4.000, 36.000, 0.000) - V: (0.000, -28.492, 0.000) - Exp: 51.172
2021-12-13 23:49:01.414 [INF] : Add Chaser: CH(49): P: (0.000, 10.000, 0.000) - V: (0.000, 41.027, 0.000) - Exp: 54.270
2021-12-13 23:49:02.416 [INF] : Add Chaser: CH(50): P: (1.000, 54.000, 0.000) - V: (0.000, -29.040, 0.000) - Exp: 56.795
2021-12-13 23:49:03.415 [INF] : Diag chaser expired: CH(48): P: (4.000, 72.483, 0.000) - V: (0.000, -28.492, 0.000) - Exp: 51.172
2021-12-13 23:49:03.417 [INF] : Add Chaser: CH(51): P: (7.000, 15.000, 0.000) - V: (0.000, 46.468, 0.000) - Exp: 53.062
2021-12-13 23:49:04.418 [INF] : Add Chaser: CH(52): P: (2.000, 97.000, 0.000) - V: (0.000, -28.691, 0.000) - Exp: 55.122
2021-12-13 23:49:05.306 [INF] : Diag chaser expired: CH(51): P: (7.000, 102.752, 0.000) - V: (0.000, 46.468, 0.000) - Exp: 53.062
2021-12-13 23:49:05.419 [INF] : Add Chaser: CH(53): P: (0.000, 119.000, 0.000) - V: (0.000, 31.500, 0.000) - Exp: 58.263
2021-12-13 23:49:06.421 [INF] : Add Chaser: CH(54): P: (7.000, 27.000, 0.000) - V: (0.000, 42.410, 0.000) - Exp: 58.448
2021-12-13 23:49:07.422 [INF] : Add Chaser: CH(55): P: (3.000, 73.000, 0.000) - V: (0.000, 74.544, 0.000) - Exp: 59.469
2021-12-13 23:49:08.423 [INF] : Add Chaser: CH(56): P: (3.000, 15.000, 0.000) - V: (0.000, 52.607, 0.000) - Exp: 59.606
2021-12-13 23:49:09.424 [INF] : Add Chaser: CH(57): P: (6.000, 107.000, 0.000) - V: (0.000, -52.752, 0.000) - Exp: 62.244
2021-12-13 23:49:10.425 [INF] : Add Chaser: CH(58): P: (1.000, 51.000, 0.000) - V: (0.000, -76.787, 0.000) - Exp: 62.583
2021-12-13 23:49:10.505 [INF] : Diag chaser expired: CH(53): P: (0.000, 35.204, 0.000) - V: (0.000, 31.500, 0.000) - Exp: 58.263
2021-12-13 23:49:11.426 [INF] : Add Chaser: CH(59): P: (4.000, 89.000, 0.000) - V: (0.000, -74.383, 0.000) - Exp: 65.803
2021-12-13 23:49:12.429 [INF] : Add Chaser: CH(60): P: (3.000, 37.000, 0.000) - V: (0.000, -59.156, 0.000) - Exp: 65.818
2021-12-13 23:49:13.428 [INF] : Add Chaser: CH(61): P: (7.000, 55.000, 0.000) - V: (0.000, 77.593, 0.000) - Exp: 66.179
2021-12-13 23:49:14.429 [INF] : Add Chaser: CH(62): P: (3.000, 29.000, 0.000) - V: (0.000, 51.343, 0.000) - Exp: 64.269
2021-12-13 23:49:15.430 [INF] : Add Chaser: CH(63): P: (5.000, 119.000, 0.000) - V: (0.000, -72.893, 0.000) - Exp: 65.898
2021-12-13 23:49:16.430 [INF] : Add Chaser: CH(64): P: (3.000, 5.000, 0.000) - V: (0.000, -33.189, 0.000) - Exp: 68.095
2021-12-13 23:49:17.431 [INF] : Add Chaser: CH(65): P: (3.000, 2.000, 0.000) - V: (0.000, 51.243, 0.000) - Exp: 66.507
2021-12-13 23:49:18.047 [INF] : Diag chaser expired: CH(59): P: (4.000, 84.546, 0.000) - V: (0.000, -74.383, 0.000) - Exp: 65.803
2021-12-13 23:49:18.432 [INF] : Add Chaser: CH(66): P: (5.000, 119.000, 0.000) - V: (0.000, 57.976, 0.000) - Exp: 68.915
2021-12-13 23:49:19.434 [INF] : Add Chaser: CH(67): P: (5.000, 55.000, 0.000) - V: (0.000, 43.326, 0.000) - Exp: 70.180
2021-12-13 23:49:25.199 [INF] Server: Pi Engine Room Controller Starting
2021-12-13 23:49:25.249 [INF] : NeoPixelHardwareRPI: Creating an RPI NeoPixel protocol on GPIO pin Gpio18 for 976 pixels.
2021-12-13 23:49:25.250 [INF] : WarpCore: Finished creating CoreStripProtocol
2021-12-13 23:49:25.251 [INF] : WarpCore: Finished creating CoreStrip
2021-12-13 23:49:25.253 [INF] : FastNoiseLite: Start Sampling Noise
2021-12-13 23:49:25.253 [INF] : FastNoiseLite: Noise Sampling produced a noise range of [1.000, -1.000] (R: -2.000) in 0.000 seconds
2021-12-13 23:49:25.361 [INF] : AnimationService starting.
2021-12-13 23:49:25.361 [INF] : RenderWorker is starting
2021-12-13 23:49:25.536 [INF] Microsoft.Hosting.Lifetime: Now listening on: http://[::]:4000
2021-12-13 23:49:25.536 [INF] Microsoft.Hosting.Lifetime: Application started. Press Ctrl+C to shut down.
2021-12-13 23:49:25.536 [INF] Microsoft.Hosting.Lifetime: Hosting environment: Development
2021-12-13 23:49:25.536 [INF] Microsoft.Hosting.Lifetime: Content root path: C:\Users\david\source\repos\space-sim\pi-engine-room\Server\
2021-12-13 23:50:17.812 [INF] Server: Pi Engine Room Controller Starting
2021-12-13 23:50:17.862 [INF] : NeoPixelHardwareRPI: Creating an RPI NeoPixel protocol on GPIO pin Gpio18 for 976 pixels.
2021-12-13 23:50:17.863 [INF] : WarpCore: Finished creating CoreStripProtocol
2021-12-13 23:50:17.863 [INF] : WarpCore: Finished creating CoreStrip
2021-12-13 23:50:17.865 [INF] : FastNoiseLite: Start Sampling Noise
2021-12-13 23:50:17.865 [INF] : FastNoiseLite: Noise Sampling produced a noise range of [1.000, -1.000] (R: -2.000) in 0.000 seconds
2021-12-13 23:50:17.975 [INF] : AnimationService starting.
2021-12-13 23:50:17.976 [INF] : RenderWorker is starting
2021-12-13 23:50:18.067 [INF] Microsoft.Hosting.Lifetime: Now listening on: http://[::]:4000
2021-12-13 23:50:18.067 [INF] Microsoft.Hosting.Lifetime: Application started. Press Ctrl+C to shut down.
2021-12-13 23:50:18.067 [INF] Microsoft.Hosting.Lifetime: Hosting environment: Development
2021-12-13 23:50:18.067 [INF] Microsoft.Hosting.Lifetime: Content root path: C:\Users\david\source\repos\space-sim\pi-engine-room\Server\
2021-12-13 23:50:39.953 [INF] : Setting simulation Power Level to 0.500
2021-12-13 23:50:49.875 [INF] : Setting simulation Power Level to 1.000
